id_cliente,idade,renda_mensal,estado,canal_aquisicao
CLI00001,56,13074.95,BA,Google
CLI00002,69,4409.19,PE,Orgânico
CLI00003,46,6774.69,SP,Orgânico
CLI00004,32,8543.39,RS,Instagram
CLI00005,60,7743.32,BA,Orgânico
CLI00006,25,3769.16,MG,Instagram
CLI00007,38,8602.26,BA,Google
CLI00008,56,4753.85,BA,Google
CLI00009,36,4619.32,SC,Google
CLI00010,40,2407.6,BA,Orgânico
CLI00011,28,7142.57,PR,Orgânico
CLI00012,28,2757.09,SC,Instagram
CLI00013,41,4499.48,RJ,Google
CLI00014,53,9459.5,BA,Orgânico
CLI00015,57,8575.3,SC,Google
CLI00016,41,4696.59,SC,Google
CLI00017,20,3536.73,BA,Instagram
CLI00018,39,4254.81,SC,Orgânico
CLI00019,19,2686.5,BA,TikTok
CLI00020,41,6532.43,PE,Orgânico
CLI00021,61,12249.75,PE,Google
CLI00022,47,8910.18,SC,Orgânico
CLI00023,55,8459.1,PR,Instagram
CLI00024,19,3742.6,SP,Orgânico
CLI00025,38,7020.13,PR,Google
CLI00026,50,6804.25,RS,TikTok
CLI00027,29,8580.85,MG,Orgânico
CLI00028,39,4349.57,RJ,Orgânico
CLI00029,61,10365.09,SP,Orgânico
CLI00030,42,2210.33,BA,TikTok
CLI00031,66,7329.73,RS,Orgânico
CLI00032,44,5700.83,BA,Orgânico
CLI00033,59,8807.95,PE,Orgânico
CLI00034,45,5862.71,BA,Orgânico
CLI00035,33,7992.78,RS,Instagram
CLI00036,32,9715.18,RJ,TikTok
CLI00037,64,6648.74,RJ,Orgânico
CLI00038,68,8461.05,SP,Google
CLI00039,61,6965.15,RS,Instagram
CLI00040,69,2519.27,RS,TikTok
CLI00041,20,3469.91,SP,TikTok
CLI00042,54,4254.84,PE,Google
CLI00043,68,7797.46,RS,TikTok
CLI00044,24,2599.01,MG,Instagram
CLI00045,38,7055.14,PE,Google
CLI00046,26,7208.05,PR,Instagram
CLI00047,56,7840.21,BA,Google
CLI00048,35,6177.65,BA,Google
CLI00049,21,3877.24,SP,Instagram
CLI00050,42,3329.97,RS,Orgânico
CLI00051,31,5829.16,MG,TikTok
CLI00052,67,8412.63,SC,Google
CLI00053,26,8208.35,SP,Instagram
CLI00054,43,4973.21,PR,Orgânico
CLI00055,19,3002.52,SC,TikTok
CLI00056,37,5995.78,SC,Google
CLI00057,45,11109.3,SC,Google
CLI00058,64,8746.31,PE,Google
CLI00059,24,3469.81,BA,Instagram
CLI00060,61,9705.9,SC,Google
CLI00061,25,4503.23,RJ,Instagram
CLI00062,64,9301.92,PR,Orgânico
CLI00063,52,8765.71,MG,Orgânico
CLI00064,31,9430.24,SP,Instagram
CLI00065,34,6164.41,PE,Instagram
CLI00066,53,7244.83,MG,Orgânico
CLI00067,67,13289.52,BA,Google
CLI00068,57,9432.58,RJ,Google
CLI00069,21,3192.16,SC,Google
CLI00070,19,4002.51,RS,Google
CLI00071,23,3631.94,PE,TikTok
CLI00072,59,5791.44,SP,Google
CLI00073,21,3261.48,PR,TikTok
CLI00074,46,3774.65,PE,Google
CLI00075,35,5886.99,SP,TikTok
CLI00076,43,4996.48,BA,Google
CLI00077,61,4457.4,PE,Google
CLI00078,51,12155.71,PE,Google
CLI00079,27,7257.88,SP,Instagram
CLI00080,53,6910.21,MG,Orgânico
CLI00081,31,6574.54,RS,Google
CLI00082,48,7570.62,SC,Orgânico
CLI00083,65,2788.02,PR,Google
CLI00084,32,5599.11,SP,Instagram
CLI00085,25,6035.95,RJ,TikTok
CLI00086,31,11396.08,RJ,TikTok
CLI00087,40,6623.27,PE,Orgânico
CLI00088,57,10094.37,BA,TikTok
CLI00089,38,6876.05,RS,Orgânico
CLI00090,33,5474.37,SC,Orgânico
CLI00091,62,13112.39,BA,Instagram
CLI00092,35,5417.67,RS,Instagram
CLI00093,64,6937.64,SP,Google
CLI00094,41,5331.59,SC,Orgânico
CLI00095,43,4080.05,PE,Instagram
CLI00096,42,6730.79,PE,Orgânico
CLI00097,62,7080.22,SP,Instagram
CLI00098,58,9991.73,PR,Orgânico
CLI00099,46,9757.95,PE,Instagram
CLI00100,32,5361.98,RJ,Instagram
CLI00101,62,13131.98,BA,Orgânico
CLI00102,18,2882.24,RS,Google
CLI00103,42,2692.08,MG,Orgânico
CLI00104,24,4308.64,RS,Instagram
CLI00105,26,8286.61,SC,TikTok
CLI00106,41,8072.77,PR,Instagram
CLI00107,18,3154.08,RJ,Instagram
CLI00108,61,14230.39,BA,Google
CLI00109,25,8702.18,PR,Instagram
CLI00110,41,7826.78,PE,Orgânico
CLI00111,28,6424.6,RS,Instagram
CLI00112,68,5054.93,PE,Orgânico
CLI00113,34,5392.15,BA,TikTok
CLI00114,25,4180.7,RS,Instagram
CLI00115,52,7137.55,MG,Orgânico
CLI00116,52,10903.34,SP,Google
CLI00117,50,9871.08,SP,Orgânico
CLI00118,22,2321.55,PR,Orgânico
CLI00119,59,8512.62,PR,Orgânico
CLI00120,56,8036.77,BA,Orgânico
CLI00121,58,6706.53,SC,Google
CLI00122,45,7992.42,BA,TikTok
CLI00123,24,3586.26,PR,TikTok
CLI00124,26,4307.31,BA,Instagram
CLI00125,25,8473.24,PE,Google
CLI00126,29,5074.71,SP,TikTok
CLI00127,51,6188.32,RS,Google
CLI00128,50,5797.04,BA,Instagram
CLI00129,65,6304.61,PR,Google
CLI00130,40,9109.93,RJ,Google
CLI00131,41,7849.65,RJ,Instagram
CLI00132,54,4769.23,SP,Orgânico
CLI00133,52,9312.49,PR,Orgânico
CLI00134,61,6828.25,BA,Google
CLI00135,57,5952.85,RS,Google
CLI00136,39,5602.8,PR,Orgânico
CLI00137,44,4020.17,PR,Google
CLI00138,52,3908.41,RJ,Orgânico
CLI00139,18,2953.67,SP,Instagram
CLI00140,52,5161.07,PE,Google
CLI00141,54,10327.53,SC,Orgânico
CLI00142,64,6996.94,RS,Google
CLI00143,31,7000.48,RJ,TikTok
CLI00144,20,2012.39,SP,TikTok
CLI00145,18,2174.43,SP,TikTok
CLI00146,22,2647.79,SC,Instagram
CLI00147,43,5570.99,MG,Google
CLI00148,31,7102.25,SC,Instagram
CLI00149,56,3275.81,SC,Orgânico
CLI00150,44,2672.62,SP,Google
CLI00151,26,7114.06,MG,TikTok
CLI00152,32,9488.02,PE,TikTok
CLI00153,32,4007.91,MG,Instagram
CLI00154,43,8444.39,PR,Google
CLI00155,59,2841.06,SC,Google
CLI00156,30,3328.62,SC,Instagram
CLI00157,68,10664.16,MG,Orgânico
CLI00158,49,6328.79,MG,Orgânico
CLI00159,56,9201.46,RS,Google
CLI00160,66,6190.82,BA,Orgânico
CLI00161,69,9916.6,MG,Google
CLI00162,49,6944.75,SP,TikTok
CLI00163,21,3662.45,SP,Instagram
CLI00164,47,7193.14,SP,Google
CLI00165,54,13502.0,BA,Google
CLI00166,40,6403.77,RS,Orgânico
CLI00167,56,9459.6,SC,Google
CLI00168,62,7588.82,RS,Orgânico
CLI00169,32,5757.38,RS,Instagram
CLI00170,60,8950.56,MG,Orgânico
CLI00171,46,7880.34,BA,Orgânico
CLI00172,53,9322.83,SP,Google
CLI00173,30,5597.82,PR,Instagram
CLI00174,49,7052.08,MG,Google
CLI00175,24,3567.48,RS,Orgânico
CLI00176,68,6619.82,BA,Orgânico
CLI00177,39,9824.36,MG,Orgânico
CLI00178,45,7905.61,RS,Orgânico
CLI00179,19,2755.85,BA,Instagram
CLI00180,59,7150.95,MG,Google
CLI00181,62,4821.21,SP,Instagram
CLI00182,23,1927.15,RJ,Instagram
CLI00183,45,4932.63,PR,Orgânico
CLI00184,45,4741.13,PR,Orgânico
CLI00185,61,11616.91,PE,Orgânico
CLI00186,61,6739.74,BA,Google
CLI00187,37,5263.33,RJ,Google
CLI00188,47,12853.88,PR,Orgânico
CLI00189,28,2811.65,BA,Instagram
CLI00190,45,6885.47,PE,Google
CLI00191,42,8164.76,SP,Google
CLI00192,56,7292.64,BA,Google
CLI00193,50,5921.96,PE,Orgânico
CLI00194,18,3080.63,MG,TikTok
CLI00195,44,2605.81,RJ,Orgânico
CLI00196,69,8226.49,MG,Orgânico
CLI00197,30,2407.45,RS,Instagram
CLI00198,58,10733.64,PR,Orgânico
CLI00199,20,2205.13,SC,Instagram
CLI00200,56,9458.09,PR,Instagram
CLI00201,23,3067.57,PR,Google
CLI00202,25,6276.3,RJ,Instagram
CLI00203,44,1169.27,PE,Google
CLI00204,26,6029.31,MG,Instagram
CLI00205,54,7107.67,RJ,Google
CLI00206,50,14252.21,SP,Google
CLI00207,68,5296.1,MG,Google
CLI00208,59,10914.66,SP,Google
CLI00209,61,4904.91,PE,Orgânico
CLI00210,41,4859.85,SP,Google
CLI00211,32,8381.4,PE,Instagram
CLI00212,49,8164.93,BA,Google
CLI00213,49,6514.03,BA,Orgânico
CLI00214,41,8362.44,RJ,Google
CLI00215,58,8801.03,BA,Orgânico
CLI00216,69,13369.81,PR,Orgânico
CLI00217,66,5382.98,RS,Google
CLI00218,66,6332.26,PE,TikTok
CLI00219,69,8854.21,SC,Google
CLI00220,29,3159.4,RS,TikTok
CLI00221,56,7699.88,PR,Google
CLI00222,19,3062.49,PR,TikTok
CLI00223,20,3320.19,MG,Google
CLI00224,66,6206.15,RJ,Orgânico
CLI00225,54,2772.89,PE,Orgânico
CLI00226,66,4412.55,MG,Orgânico
CLI00227,34,7220.88,SC,Instagram
CLI00228,66,9794.5,RJ,Google
CLI00229,19,2615.48,RS,Instagram
CLI00230,19,5031.51,RS,Instagram
CLI00231,45,10276.14,RS,Orgânico
CLI00232,40,4919.43,PR,Google
CLI00233,54,11114.9,SP,Orgânico
CLI00234,49,5540.47,BA,Orgânico
CLI00235,50,6406.05,PR,Orgânico
CLI00236,18,2528.44,PR,TikTok
CLI00237,36,4683.65,RJ,Google
CLI00238,19,3653.47,PR,TikTok
CLI00239,61,3910.71,SC,Orgânico
CLI00240,43,6293.27,PE,Instagram
CLI00241,49,10881.68,PE,Instagram
CLI00242,23,2944.29,BA,TikTok
CLI00243,49,11944.81,PR,Google
CLI00244,21,2453.09,SP,TikTok
CLI00245,28,6903.09,RJ,Orgânico
CLI00246,34,6533.04,RS,TikTok
CLI00247,55,5955.8,SC,Orgânico
CLI00248,41,2876.24,RS,Google
CLI00249,22,3348.8,RJ,Instagram
CLI00250,69,8513.13,PE,Orgânico
CLI00251,51,6418.95,SP,Orgânico
CLI00252,23,3362.87,MG,TikTok
CLI00253,39,6717.47,PE,Orgânico
CLI00254,28,9560.91,SC,Orgânico
CLI00255,65,12347.93,PE,Google
CLI00256,33,7549.25,SP,Instagram
CLI00257,50,11113.42,RS,Google
CLI00258,26,8592.0,MG,Orgânico
CLI00259,23,2540.72,PE,Instagram
CLI00260,33,3983.04,RS,TikTok
CLI00261,46,12901.61,SP,Orgânico
CLI00262,20,2674.03,PE,Instagram
CLI00263,37,4943.1,MG,Google
CLI00264,53,8119.95,MG,Google
CLI00265,36,3464.84,PE,Orgânico
CLI00266,43,6321.95,RJ,Orgânico
CLI00267,20,3597.29,BA,Google
CLI00268,36,5182.66,PR,Google
CLI00269,37,7180.54,PE,Instagram
CLI00270,49,5606.34,PR,Orgânico
CLI00271,24,3414.48,SP,Instagram
CLI00272,69,7525.36,MG,Google
CLI00273,58,5188.58,PR,Instagram
CLI00274,50,8191.07,SP,Google
CLI00275,57,2186.08,SP,Google
CLI00276,56,6322.72,SC,Google
CLI00277,35,3883.7,RJ,TikTok
CLI00278,57,2684.74,RJ,Google
CLI00279,18,3218.41,PE,Orgânico
CLI00280,28,4977.79,RS,Instagram
CLI00281,45,11981.39,BA,Google
CLI00282,42,10184.2,MG,Google
CLI00283,67,6402.6,PR,Orgânico
CLI00284,40,4465.31,PE,Orgânico
CLI00285,48,6786.65,MG,Google
CLI00286,47,8805.39,PR,Google
CLI00287,59,8077.27,PR,Google
CLI00288,52,6587.0,PR,Orgânico
CLI00289,24,3247.92,RS,TikTok
CLI00290,33,9541.28,PR,Google
CLI00291,43,3732.11,PR,TikTok
CLI00292,65,6618.33,SC,Google
CLI00293,69,6972.46,SC,Orgânico
CLI00294,66,1106.26,PR,Orgânico
CLI00295,19,1958.73,RS,Instagram
CLI00296,18,1517.59,SP,Instagram
CLI00297,65,9889.16,SP,Orgânico
CLI00298,29,8599.26,PE,Instagram
CLI00299,22,3174.93,RJ,TikTok
CLI00300,54,10100.99,PR,Google
CLI00301,49,5220.43,SP,TikTok
CLI00302,26,4066.53,RJ,Instagram
CLI00303,58,8802.86,PE,Orgânico
CLI00304,52,7445.66,BA,Google
CLI00305,36,8394.85,SP,Google
CLI00306,65,9785.72,PE,Orgânico
CLI00307,33,6526.53,RJ,Orgânico
CLI00308,20,4384.94,MG,TikTok
CLI00309,37,3882.28,PE,Orgânico
CLI00310,41,1637.65,PE,Orgânico
CLI00311,50,7819.0,SP,Orgânico
CLI00312,41,7589.28,PR,Orgânico
CLI00313,69,3249.53,BA,Orgânico
CLI00314,28,4930.29,PR,TikTok
CLI00315,66,6791.98,SC,Orgânico
CLI00316,25,5833.34,MG,Orgânico
CLI00317,53,4096.02,MG,Orgânico
CLI00318,55,7347.4,SP,Orgânico
CLI00319,57,7068.55,RJ,Google
CLI00320,37,7515.47,BA,Orgânico
CLI00321,52,7646.1,RS,Google
CLI00322,65,6376.49,BA,Google
CLI00323,42,6752.65,BA,Orgânico
CLI00324,52,5344.02,SC,Google
CLI00325,42,6985.22,PE,Google
CLI00326,46,5574.83,MG,Google
CLI00327,35,11401.73,PE,Instagram
CLI00328,63,8891.87,MG,Instagram
CLI00329,35,7872.67,RS,TikTok
CLI00330,19,2137.19,PR,Google
CLI00331,52,7191.77,RS,Google
CLI00332,33,7878.64,PR,TikTok
CLI00333,58,12208.29,PE,Orgânico
CLI00334,53,10062.37,RJ,Google
CLI00335,50,9954.34,SP,Orgânico
CLI00336,21,2594.39,RJ,Instagram
CLI00337,50,6213.53,SP,Orgânico
CLI00338,31,7761.61,SC,Instagram
CLI00339,38,6358.86,PE,Orgânico
CLI00340,65,10669.85,RS,Instagram
CLI00341,37,4676.62,MG,Google
CLI00342,25,3718.84,BA,Instagram
CLI00343,24,5348.53,RJ,TikTok
CLI00344,20,2141.34,BA,TikTok
CLI00345,34,7085.73,SP,Instagram
CLI00346,50,7239.14,RS,Google
CLI00347,65,6299.04,SC,Google
CLI00348,29,5850.12,PE,TikTok
CLI00349,68,11397.87,RJ,Google
CLI00350,39,5390.04,BA,Orgânico
CLI00351,39,5593.74,MG,Google
CLI00352,63,8851.57,SC,Instagram
CLI00353,47,8459.02,PR,Google
CLI00354,55,8504.78,MG,Orgânico
CLI00355,55,7348.71,BA,Orgânico
CLI00356,62,12867.07,PR,Google
CLI00357,68,7599.02,SC,Orgânico
CLI00358,25,11341.35,SC,Google
CLI00359,44,6827.25,PR,Google
CLI00360,44,7980.25,PE,Google
CLI00361,51,7660.18,SP,Google
CLI00362,38,7246.02,RS,Instagram
CLI00363,47,8338.98,SC,Google
CLI00364,50,5203.61,RJ,Orgânico
CLI00365,45,5103.52,RS,Google
CLI00366,64,9267.45,RJ,Google
CLI00367,50,5277.86,SC,Google
CLI00368,22,3339.11,PE,TikTok
CLI00369,65,11171.55,RS,Google
CLI00370,36,6668.25,PR,Orgânico
CLI00371,21,2626.59,PR,Instagram
CLI00372,52,12229.96,MG,Orgânico
CLI00373,66,9643.63,PR,Google
CLI00374,34,5477.99,SP,TikTok
CLI00375,61,1197.32,SP,Google
CLI00376,45,8992.56,RJ,Orgânico
CLI00377,47,10526.47,SC,Orgânico
CLI00378,46,13100.87,RJ,Google
CLI00379,63,3608.54,SC,Orgânico
CLI00380,23,2376.78,RJ,Instagram
CLI00381,52,12933.14,SC,TikTok
CLI00382,58,1948.13,SC,Orgânico
CLI00383,54,9435.77,RJ,Google
CLI00384,41,9668.86,PE,Google
CLI00385,46,7018.98,MG,TikTok
CLI00386,66,6529.72,SP,Google
CLI00387,63,10003.56,PR,Orgânico
CLI00388,48,6155.05,BA,Google
CLI00389,52,7348.25,BA,Google
CLI00390,50,10437.3,SP,Google
CLI00391,69,13262.13,PR,Google
CLI00392,38,7832.66,SC,Google
CLI00393,49,8400.45,RS,Google
CLI00394,40,127.6,RJ,Google
CLI00395,50,4968.2,BA,Orgânico
CLI00396,20,1989.78,RJ,Instagram
CLI00397,35,6350.73,PR,Instagram
CLI00398,42,6480.98,RJ,Orgânico
CLI00399,59,7011.34,RJ,Orgânico
CLI00400,48,6052.13,PE,Orgânico
CLI00401,20,3821.52,PE,TikTok
CLI00402,57,7770.39,RJ,Google
CLI00403,63,4383.41,PE,Orgânico
CLI00404,41,3067.92,SP,Instagram
CLI00405,67,6119.05,RJ,Orgânico
CLI00406,49,10782.77,MG,Google
CLI00407,64,10525.57,PE,Orgânico
CLI00408,39,7126.81,PR,Orgânico
CLI00409,40,4540.01,SP,Google
CLI00410,19,3365.35,SP,TikTok
CLI00411,44,5095.15,BA,Instagram
CLI00412,59,13179.37,SC,Orgânico
CLI00413,19,4058.2,SC,TikTok
CLI00414,43,6204.76,BA,Google
CLI00415,34,4740.27,RJ,Orgânico
CLI00416,57,8792.07,SP,Orgânico
CLI00417,50,8120.96,RS,Orgânico
CLI00418,26,6339.65,BA,Instagram
CLI00419,60,5524.72,SP,Orgânico
CLI00420,65,13179.01,PE,Orgânico
CLI00421,56,4138.33,RJ,Google
CLI00422,46,10344.54,BA,Google
CLI00423,59,3784.51,PR,Orgânico
CLI00424,43,4043.85,SP,Orgânico
CLI00425,52,8279.93,SC,Orgânico
CLI00426,67,6539.91,RJ,Google
CLI00427,42,188.58,SP,Google
CLI00428,41,5105.55,PE,Orgânico
CLI00429,30,5954.71,RS,TikTok
CLI00430,24,3986.98,RS,TikTok
CLI00431,53,8089.02,SC,TikTok
CLI00432,62,5928.42,MG,TikTok
CLI00433,37,4757.68,PE,Google
CLI00434,18,2791.75,SP,Instagram
CLI00435,25,9020.57,BA,TikTok
CLI00436,63,6483.03,RS,Google
CLI00437,33,5123.18,RJ,TikTok
CLI00438,31,5895.03,SC,TikTok
CLI00439,29,7272.47,PE,Instagram
CLI00440,68,2467.35,SP,Orgânico
CLI00441,40,11295.77,SC,Orgânico
CLI00442,32,6907.87,RJ,TikTok
CLI00443,45,8346.98,PE,Orgânico
CLI00444,51,5754.31,SP,Google
CLI00445,19,2585.79,BA,TikTok
CLI00446,49,12497.86,BA,Instagram
CLI00447,40,6079.73,PE,Google
CLI00448,39,7566.94,RS,Google
CLI00449,68,12441.48,RJ,Orgânico
CLI00450,42,4385.24,PR,Instagram
CLI00451,39,9031.89,SP,Instagram
CLI00452,39,3147.03,SP,Google
CLI00453,66,9340.58,BA,Google
CLI00454,69,8697.98,BA,Orgânico
CLI00455,59,8676.69,PE,Orgânico
CLI00456,23,2358.78,RS,Instagram
CLI00457,32,5278.59,PE,Instagram
CLI00458,60,14587.92,SC,Google
CLI00459,54,7415.32,SP,Orgânico
CLI00460,50,7507.86,PR,Orgânico
CLI00461,25,7550.18,SC,Instagram
CLI00462,61,7844.31,SC,Orgânico
CLI00463,61,13588.66,MG,Orgânico
CLI00464,22,4339.89,SP,Instagram
CLI00465,56,6369.0,MG,Orgânico
CLI00466,21,1239.01,RS,TikTok
CLI00467,23,1400.89,PR,Orgânico
CLI00468,62,5092.64,SP,Google
CLI00469,49,8448.32,MG,Google
CLI00470,69,6516.64,MG,Orgânico
CLI00471,47,4866.2,PE,Google
CLI00472,64,9469.52,BA,Orgânico
CLI00473,52,7753.25,SC,Google
CLI00474,57,3297.35,MG,Orgânico
CLI00475,69,1774.56,MG,Google
CLI00476,33,5296.97,RS,Orgânico
CLI00477,30,4461.71,SP,Instagram
CLI00478,67,2393.27,PE,Google
CLI00479,59,11386.91,BA,Orgânico
CLI00480,47,7706.87,BA,Orgânico
CLI00481,36,4862.59,SP,Google
CLI00482,34,7932.56,SC,Instagram
CLI00483,36,3105.21,BA,Google
CLI00484,45,9232.93,SP,Google
CLI00485,43,9625.81,PR,Orgânico
CLI00486,54,5727.77,SC,Instagram
CLI00487,43,5526.93,PE,Orgânico
CLI00488,40,3568.31,PR,Google
CLI00489,26,3303.14,SP,Instagram
CLI00490,29,9094.62,PE,TikTok
CLI00491,18,2123.02,SP,Google
CLI00492,18,2945.7,SC,TikTok
CLI00493,64,7764.46,BA,TikTok
CLI00494,51,8692.31,MG,Instagram
CLI00495,49,10829.29,RJ,Orgânico
CLI00496,65,9779.07,RJ,Google
CLI00497,42,7336.67,SP,Orgânico
CLI00498,57,5456.8,PR,Orgânico
CLI00499,62,6474.16,SC,Google
CLI00500,18,2504.18,MG,TikTok
CLI00501,33,2411.11,RS,TikTok
CLI00502,56,5964.14,SP,Orgânico
CLI00503,22,3673.84,PE,TikTok
CLI00504,39,7752.09,PR,TikTok
CLI00505,46,9443.17,SP,Google
CLI00506,20,1789.98,RS,TikTok
CLI00507,29,6190.61,RJ,TikTok
CLI00508,43,7562.02,SP,Orgânico
CLI00509,33,4730.96,PR,TikTok
CLI00510,68,8608.34,RJ,Google
CLI00511,54,14901.35,RS,Google
CLI00512,39,5297.33,RS,Orgânico
CLI00513,46,10252.23,BA,Orgânico
CLI00514,31,4702.96,SP,Orgânico
CLI00515,45,7999.29,RJ,Google
CLI00516,22,3586.44,RS,TikTok
CLI00517,64,10513.67,SC,Google
CLI00518,66,5602.19,BA,Google
CLI00519,47,11117.27,PR,Instagram
CLI00520,63,6398.86,PR,Google
CLI00521,69,7507.71,SC,Google
CLI00522,22,3072.87,RS,Instagram
CLI00523,29,6617.35,RS,Instagram
CLI00524,33,6932.91,PR,Instagram
CLI00525,43,5805.62,PR,Orgânico
CLI00526,43,6038.52,SP,Google
CLI00527,65,11134.13,MG,Orgânico
CLI00528,38,8035.59,SP,Google
CLI00529,56,11648.38,SC,Orgânico
CLI00530,53,9510.24,SC,Google
CLI00531,50,4877.29,MG,Google
CLI00532,47,9346.55,SP,Orgânico
CLI00533,54,4931.1,SP,Orgânico
CLI00534,40,8433.06,SP,TikTok
CLI00535,27,4332.51,RJ,Instagram
CLI00536,22,1419.23,BA,Orgânico
CLI00537,53,11794.41,RS,TikTok
CLI00538,51,3254.04,RJ,Google
CLI00539,69,5751.98,PE,Orgânico
CLI00540,48,7242.74,SP,Orgânico
CLI00541,27,8787.85,RJ,Instagram
CLI00542,36,4363.05,SP,Orgânico
CLI00543,49,2878.08,SC,Google
CLI00544,18,3524.71,SP,Instagram
CLI00545,22,3771.13,RJ,TikTok
CLI00546,62,6217.42,PE,Google
CLI00547,21,2383.04,MG,TikTok
CLI00548,33,8376.95,PE,Orgânico
CLI00549,41,4691.32,SC,Google
CLI00550,33,7173.03,PR,TikTok
CLI00551,19,3085.65,PE,TikTok
CLI00552,66,6707.97,PE,Google
CLI00553,45,7501.05,MG,Orgânico
CLI00554,49,8725.87,PE,Orgânico
CLI00555,44,5835.71,MG,Orgânico
CLI00556,37,9629.3,RS,Orgânico
CLI00557,41,6201.61,PR,Google
CLI00558,29,9309.34,SC,Instagram
CLI00559,67,10783.15,RS,Google
CLI00560,52,8600.1,BA,Google
CLI00561,50,8804.88,BA,Google
CLI00562,50,6307.07,PE,Google
CLI00563,68,9500.55,BA,Orgânico
CLI00564,60,10559.5,PR,Google
CLI00565,54,8169.49,SC,Orgânico
CLI00566,29,2021.93,SC,Instagram
CLI00567,20,3255.97,RS,Instagram
CLI00568,18,1874.45,BA,TikTok
CLI00569,50,4476.94,SC,Orgânico
CLI00570,57,10639.54,MG,Instagram
CLI00571,27,5502.55,SC,Instagram
CLI00572,60,3998.24,RS,Google
CLI00573,61,6100.44,PR,Orgânico
CLI00574,46,8797.5,PE,Orgânico
CLI00575,30,5910.74,MG,Instagram
CLI00576,29,5668.84,SC,Instagram
CLI00577,48,7457.33,RJ,Google
CLI00578,63,7273.28,RJ,Google
CLI00579,19,2970.73,PE,Instagram
CLI00580,68,10057.73,SC,Google
CLI00581,67,7026.27,RJ,Google
CLI00582,52,14291.04,SP,Google
CLI00583,40,6276.45,BA,Google
CLI00584,34,9065.96,RS,Instagram
CLI00585,43,7743.99,MG,Orgânico
CLI00586,25,4785.85,PE,Orgânico
CLI00587,46,5937.13,PE,Google
CLI00588,43,4240.65,SP,Instagram
CLI00589,27,7102.57,MG,Instagram
CLI00590,43,3999.72,PR,TikTok
CLI00591,51,12437.38,PE,Google
CLI00592,68,10223.47,RJ,Orgânico
CLI00593,58,6077.67,RJ,Google
CLI00594,24,4309.39,RS,Instagram
CLI00595,21,2853.36,RJ,TikTok
CLI00596,67,3818.59,SC,TikTok
CLI00597,62,4931.67,MG,Google
CLI00598,28,2629.02,SC,TikTok
CLI00599,46,8106.81,RJ,Google
CLI00600,53,7843.41,BA,Orgânico
CLI00601,42,3198.66,PR,Orgânico
CLI00602,38,5029.78,RJ,Orgânico
CLI00603,53,9152.77,BA,Google
CLI00604,27,5442.64,BA,TikTok
CLI00605,54,6557.14,RS,Google
CLI00606,26,11748.17,SC,Orgânico
CLI00607,41,6532.36,RJ,Orgânico
CLI00608,52,11987.77,BA,TikTok
CLI00609,66,9867.45,SP,Orgânico
CLI00610,52,14023.96,SP,Google
CLI00611,65,7129.65,SC,Google
CLI00612,53,5502.19,SP,Google
CLI00613,35,3859.49,MG,Instagram
CLI00614,66,4991.17,BA,Orgânico
CLI00615,56,8365.4,RS,Google
CLI00616,49,8899.49,MG,Orgânico
CLI00617,41,8206.17,RS,Orgânico
CLI00618,40,5688.49,PE,Orgânico
CLI00619,49,8399.46,BA,Google
CLI00620,54,13208.97,RS,Orgânico
CLI00621,29,9325.55,SC,TikTok
CLI00622,66,10767.53,SP,Orgânico
CLI00623,30,3867.27,MG,Instagram
CLI00624,40,5866.08,PE,Orgânico
CLI00625,42,6555.05,SP,Orgânico
CLI00626,52,14248.43,RJ,Orgânico
CLI00627,58,6404.53,RS,Orgânico
CLI00628,47,6149.75,SP,Instagram
CLI00629,34,8005.62,SP,Instagram
CLI00630,66,9651.21,SC,Google
CLI00631,37,5341.12,PE,Google
CLI00632,65,13323.26,PE,Google
CLI00633,42,6716.47,BA,Google
CLI00634,39,9767.62,RJ,Orgânico
CLI00635,30,5046.05,BA,Orgânico
CLI00636,36,7373.69,MG,Instagram
CLI00637,66,7587.47,RS,Google
CLI00638,53,4718.03,RS,Google
CLI00639,29,6013.85,RS,TikTok
CLI00640,58,7905.31,MG,Orgânico
CLI00641,36,1436.68,PE,Instagram
CLI00642,29,3776.3,RS,TikTok
CLI00643,26,5219.39,SP,Instagram
CLI00644,24,2510.69,PR,Orgânico
CLI00645,45,12102.58,PE,Orgânico
CLI00646,31,4961.95,PR,Orgânico
CLI00647,48,5826.15,PE,TikTok
CLI00648,69,8542.65,RS,Google
CLI00649,36,8716.71,MG,Google
CLI00650,64,11310.49,SP,Orgânico
CLI00651,33,7212.3,SP,Instagram
CLI00652,22,3168.4,BA,TikTok
CLI00653,52,8910.21,BA,Orgânico
CLI00654,29,9894.61,PE,TikTok
CLI00655,42,8243.9,RJ,Orgânico
CLI00656,69,7530.87,SC,Google
CLI00657,38,5888.82,PE,Google
CLI00658,53,9375.65,PR,Orgânico
CLI00659,40,4475.68,RS,Orgânico
CLI00660,33,1381.59,SP,TikTok
CLI00661,56,7296.4,MG,Orgânico
CLI00662,62,13902.1,PR,Orgânico
CLI00663,59,5542.26,SC,Google
CLI00664,56,11521.78,SP,Orgânico
CLI00665,31,5732.65,PR,Instagram
CLI00666,48,8136.4,SP,Google
CLI00667,22,2606.43,RS,Instagram
CLI00668,52,9538.46,SC,Google
CLI00669,40,2485.15,RJ,Google
CLI00670,46,5422.69,PR,Google
CLI00671,60,6023.59,SC,Google
CLI00672,28,5421.02,RJ,Instagram
CLI00673,35,7838.37,RJ,Instagram
CLI00674,64,7031.63,SC,Orgânico
CLI00675,29,7432.86,PE,Instagram
CLI00676,26,8311.47,MG,TikTok
CLI00677,27,615.8,BA,Instagram
CLI00678,61,7102.02,SC,TikTok
CLI00679,34,248.45,SP,Google
CLI00680,55,5681.95,MG,Orgânico
CLI00681,24,2500.39,PE,Google
CLI00682,63,7411.4,RJ,Google
CLI00683,30,9849.68,BA,Instagram
CLI00684,57,13051.98,PE,TikTok
CLI00685,59,7449.25,BA,Orgânico
CLI00686,26,8930.76,PE,Google
CLI00687,67,8307.44,BA,Orgânico
CLI00688,44,3541.66,PR,Google
CLI00689,19,2997.77,PE,Instagram
CLI00690,22,2573.53,PE,Instagram
CLI00691,46,6725.26,RJ,Orgânico
CLI00692,54,13674.74,PR,Google
CLI00693,55,7290.28,BA,Google
CLI00694,36,7147.54,PR,Orgânico
CLI00695,25,6156.16,PE,TikTok
CLI00696,65,13736.6,SC,Instagram
CLI00697,62,9519.27,PE,Instagram
CLI00698,18,3012.55,PE,TikTok
CLI00699,39,5906.75,SC,Google
CLI00700,69,9730.75,RJ,Orgânico
CLI00701,34,6221.1,PE,Instagram
CLI00702,24,3312.9,SC,Google
CLI00703,42,3310.03,PE,Orgânico
CLI00704,62,7259.71,RJ,Orgânico
CLI00705,21,2484.53,BA,Instagram
CLI00706,53,10566.05,PE,Google
CLI00707,23,3948.92,BA,Instagram
CLI00708,48,8940.87,SC,Orgânico
CLI00709,36,4312.81,PE,Google
CLI00710,61,9271.83,SC,TikTok
CLI00711,56,11210.48,BA,Google
CLI00712,44,8587.87,PR,Orgânico
CLI00713,27,6359.05,MG,Google
CLI00714,43,9697.88,SC,Orgânico
CLI00715,36,6808.82,RS,Google
CLI00716,56,10650.48,RS,Orgânico
CLI00717,20,3090.72,RS,Instagram
CLI00718,62,10577.52,SC,Orgânico
CLI00719,30,6461.07,RJ,TikTok
CLI00720,67,8989.68,PR,Google
CLI00721,45,9631.04,RS,TikTok
CLI00722,37,8879.2,BA,Instagram
CLI00723,45,6513.12,PR,Google
CLI00724,25,5745.28,MG,Instagram
CLI00725,58,11489.07,MG,Google
CLI00726,56,13280.25,MG,TikTok
CLI00727,18,3718.94,BA,Instagram
CLI00728,20,3030.16,PE,Google
CLI00729,30,4564.88,SC,Orgânico
CLI00730,45,4988.23,PE,Orgânico
CLI00731,66,9077.08,RJ,Orgânico
CLI00732,42,6855.68,RS,Orgânico
CLI00733,50,11435.0,SP,Orgânico
CLI00734,55,6961.47,RS,Orgânico
CLI00735,23,2865.29,PE,Instagram
CLI00736,61,8634.51,RS,Google
CLI00737,62,5414.51,RJ,Google
CLI00738,49,5830.79,BA,Orgânico
CLI00739,62,11348.3,PR,Orgânico
CLI00740,64,6353.13,MG,Google
CLI00741,38,5775.47,SP,Instagram
CLI00742,33,6059.12,PR,Instagram
CLI00743,38,5612.63,MG,Orgânico
CLI00744,28,10926.03,PE,TikTok
CLI00745,54,9567.44,RS,Google
CLI00746,53,9268.79,SP,Google
CLI00747,52,7574.37,RJ,Orgânico
CLI00748,36,6863.99,RS,Orgânico
CLI00749,37,8284.11,PR,Orgânico
CLI00750,35,4944.81,SC,Instagram
CLI00751,64,5349.78,PE,Google
CLI00752,58,9372.41,RS,Google
CLI00753,66,5771.66,SP,Google
CLI00754,31,7448.15,SP,TikTok
CLI00755,32,10021.81,RS,Instagram
CLI00756,48,6003.81,PE,Orgânico
CLI00757,18,2728.19,RS,TikTok
CLI00758,20,3185.29,RJ,Orgânico
CLI00759,33,6396.16,RJ,Instagram
CLI00760,40,6958.71,PR,Google
CLI00761,28,4908.69,SC,TikTok
CLI00762,29,7557.37,MG,TikTok
CLI00763,27,6930.77,RS,TikTok
CLI00764,49,13567.94,SP,Orgânico
CLI00765,33,4195.17,BA,TikTok
CLI00766,25,5036.27,SP,TikTok
CLI00767,55,8996.18,PR,Orgânico
CLI00768,29,6471.57,MG,TikTok
CLI00769,41,6052.68,BA,Google
CLI00770,45,9283.84,MG,Orgânico
CLI00771,25,7008.64,RS,TikTok
CLI00772,45,6777.74,MG,Google
CLI00773,53,7589.66,PR,Google
CLI00774,43,6097.34,PE,Google
CLI00775,25,3191.37,BA,Instagram
CLI00776,67,14269.14,SP,Orgânico
CLI00777,45,6887.41,RJ,Google
CLI00778,45,8507.94,SP,Google
CLI00779,54,6788.3,RJ,Orgânico
CLI00780,58,10350.29,RJ,Orgânico
CLI00781,53,8530.29,PR,Orgânico
CLI00782,44,6233.13,RS,Google
CLI00783,34,7492.56,MG,Google
CLI00784,26,7801.58,RS,TikTok
CLI00785,50,7071.27,PR,Google
CLI00786,37,1787.99,PE,Orgânico
CLI00787,30,8388.3,RS,Instagram
CLI00788,45,12299.85,RS,Orgânico
CLI00789,65,10570.23,RJ,Google
CLI00790,46,12292.12,SP,Orgânico
CLI00791,30,4218.34,BA,Instagram
CLI00792,63,9776.95,RJ,Orgânico
CLI00793,52,4573.15,BA,Orgânico
CLI00794,23,3016.09,PR,TikTok
CLI00795,35,5290.3,BA,TikTok
CLI00796,68,7194.78,RS,Orgânico
CLI00797,22,3287.79,PE,TikTok
CLI00798,64,10269.62,RS,Google
CLI00799,42,4459.55,BA,Orgânico
CLI00800,19,2726.54,BA,Instagram
CLI00801,27,7363.32,SP,Instagram
CLI00802,47,15603.6,MG,Orgânico
CLI00803,67,7882.06,PR,TikTok
CLI00804,62,7514.69,RS,Orgânico
CLI00805,22,4004.12,BA,TikTok
CLI00806,50,8734.01,RS,Google
CLI00807,18,1985.49,SC,Instagram
CLI00808,35,4973.37,RS,TikTok
CLI00809,49,9145.18,RJ,Orgânico
CLI00810,64,13290.61,MG,Google
CLI00811,66,6214.84,MG,Google
CLI00812,28,7111.72,RS,Instagram
CLI00813,38,5424.83,SP,Orgânico
CLI00814,43,5586.49,PE,Orgânico
CLI00815,42,5724.43,PR,Google
CLI00816,39,4328.8,PE,Orgânico
CLI00817,44,8347.8,PE,Orgânico
CLI00818,66,8293.38,RS,Instagram
CLI00819,30,6636.32,RS,TikTok
CLI00820,50,13581.43,RJ,Orgânico
CLI00821,51,9408.51,RS,Orgânico
CLI00822,58,6650.95,SC,Google
CLI00823,52,3920.96,RJ,Google
CLI00824,18,1331.37,RS,Orgânico
CLI00825,38,3722.43,RS,Instagram
CLI00826,65,13634.13,BA,Google
CLI00827,23,2381.24,PR,TikTok
CLI00828,45,6251.1,MG,Orgânico
CLI00829,34,9182.43,SC,Instagram
CLI00830,22,2171.09,SP,Orgânico
CLI00831,48,6172.1,PE,Google
CLI00832,22,3318.44,PR,TikTok
CLI00833,55,7910.17,RJ,Google
CLI00834,20,2659.4,PR,Instagram
CLI00835,40,7587.28,SP,Google
CLI00836,54,4579.52,RJ,Orgânico
CLI00837,54,6227.49,SC,Google
CLI00838,27,7516.56,BA,TikTok
CLI00839,27,7727.65,RJ,TikTok
CLI00840,36,7194.95,RJ,Instagram
CLI00841,34,3900.65,BA,TikTok
CLI00842,38,5106.55,SP,Google
CLI00843,31,6313.8,PE,TikTok
CLI00844,26,4301.44,RJ,Instagram
CLI00845,63,8573.19,PR,Orgânico
CLI00846,18,2815.53,MG,TikTok
CLI00847,68,7882.36,SP,Google
CLI00848,62,4847.83,SP,Google
CLI00849,30,312.11,SP,Instagram
CLI00850,21,3034.43,PR,Orgânico
CLI00851,18,3818.27,PE,Instagram
CLI00852,66,7453.14,PR,Google
CLI00853,57,8249.0,PR,Google
CLI00854,49,11354.61,RS,Orgânico
CLI00855,51,5315.83,PR,Google
CLI00856,45,12352.54,BA,TikTok
CLI00857,48,9263.67,RJ,Orgânico
CLI00858,25,689.84,SP,Orgânico
CLI00859,56,11639.72,PE,Orgânico
CLI00860,43,6201.35,PE,Google
CLI00861,51,9566.14,RS,Google
CLI00862,20,1827.46,SP,Instagram
CLI00863,67,5193.63,SC,Google
CLI00864,29,7874.81,MG,TikTok
CLI00865,18,2692.9,RJ,TikTok
CLI00866,61,7463.79,MG,Orgânico
CLI00867,22,2985.68,RJ,TikTok
CLI00868,47,6284.74,RJ,TikTok
CLI00869,47,8810.96,RJ,Orgânico
CLI00870,34,6291.52,SP,TikTok
CLI00871,65,6155.91,MG,Google
CLI00872,64,9508.65,MG,Google
CLI00873,40,5757.03,PR,Instagram
CLI00874,32,4280.0,MG,Instagram
CLI00875,54,2596.8,PE,Google
CLI00876,38,7973.52,PR,Google
CLI00877,31,5117.05,SC,TikTok
CLI00878,19,3682.56,PR,Instagram
CLI00879,28,7474.14,RS,Orgânico
CLI00880,68,6894.4,RJ,Orgânico
CLI00881,56,13870.01,SP,Orgânico
CLI00882,55,8539.02,RS,Orgânico
CLI00883,51,10266.9,RJ,Orgânico
CLI00884,55,8854.45,BA,Orgânico
CLI00885,67,7305.38,SC,Orgânico
CLI00886,51,7942.73,RS,Orgânico
CLI00887,35,5823.48,SP,Google
CLI00888,47,11264.32,SC,TikTok
CLI00889,32,3483.41,RS,TikTok
CLI00890,44,5564.77,RJ,Orgânico
CLI00891,68,5369.19,PE,Google
CLI00892,51,6678.45,SP,Google
CLI00893,69,4436.67,SC,Google
CLI00894,55,10301.13,RS,Orgânico
CLI00895,50,6242.25,PR,Orgânico
CLI00896,41,5742.9,MG,Google
CLI00897,32,4049.96,RJ,Instagram
CLI00898,47,6288.2,PR,Orgânico
CLI00899,59,6270.23,SC,Orgânico
CLI00900,68,13014.84,SC,Google
CLI00901,34,5191.44,RS,Google
CLI00902,22,4678.58,PE,Instagram
CLI00903,46,6237.67,RS,Google
CLI00904,21,3472.91,SP,Google
CLI00905,27,3126.7,PR,Google
CLI00906,34,7102.12,PE,Instagram
CLI00907,27,3588.84,SC,Instagram
CLI00908,34,3693.48,SP,Instagram
CLI00909,37,8385.21,MG,Orgânico
CLI00910,41,3607.32,MG,Orgânico
CLI00911,22,3237.97,SP,TikTok
CLI00912,51,5213.71,PR,Google
CLI00913,23,2772.13,SP,Instagram
CLI00914,19,2915.04,RS,Google
CLI00915,30,5371.0,SP,Instagram
CLI00916,60,6849.89,PR,Google
CLI00917,60,7363.96,MG,Orgânico
CLI00918,65,4585.55,SC,Google
CLI00919,28,3047.54,MG,Instagram
CLI00920,68,10280.23,RS,Google
CLI00921,64,10374.58,PR,Orgânico
CLI00922,40,4480.7,BA,Orgânico
CLI00923,33,3952.53,RJ,TikTok
CLI00924,48,6049.61,PR,TikTok
CLI00925,28,4018.28,PE,TikTok
CLI00926,33,4786.67,MG,Instagram
CLI00927,25,7774.62,MG,Instagram
CLI00928,21,2815.47,BA,TikTok
CLI00929,57,11501.74,PR,Orgânico
CLI00930,21,4153.55,PR,Google
CLI00931,42,4939.98,PR,Orgânico
CLI00932,20,2326.54,MG,TikTok
CLI00933,49,4857.4,BA,Orgânico
CLI00934,20,3547.33,RS,TikTok
CLI00935,44,9922.21,SP,Orgânico
CLI00936,46,5867.77,RJ,Google
CLI00937,49,3827.58,SP,TikTok
CLI00938,67,4130.0,RS,Google
CLI00939,68,6881.27,MG,Orgânico
CLI00940,36,7574.55,PE,Google
CLI00941,38,7868.55,SP,Google
CLI00942,22,3957.53,PR,TikTok
CLI00943,35,9499.53,SC,TikTok
CLI00944,45,4456.55,PR,Orgânico
CLI00945,59,6580.37,RJ,Google
CLI00946,39,5476.42,PR,Orgânico
CLI00947,38,9849.88,SC,Orgânico
CLI00948,23,4089.71,MG,Orgânico
CLI00949,18,2810.84,SP,TikTok
CLI00950,22,2904.3,PR,Google
CLI00951,58,8633.05,RS,Instagram
CLI00952,29,3643.13,SP,Instagram
CLI00953,43,5165.53,RJ,Google
CLI00954,63,5493.56,BA,Orgânico
CLI00955,51,13.19,RS,Google
CLI00956,66,16870.07,RS,Google
CLI00957,31,7475.87,SP,TikTok
CLI00958,43,4710.38,RJ,Google
CLI00959,62,2198.26,RJ,Google
CLI00960,44,4293.56,RS,Instagram
CLI00961,26,4663.13,PR,Orgânico
CLI00962,43,14958.17,RS,Google
CLI00963,64,10259.65,RS,Google
CLI00964,39,7722.2,RS,Orgânico
CLI00965,64,12529.92,SC,Google
CLI00966,47,9349.35,SP,Google
CLI00967,60,9964.77,RJ,Google
CLI00968,65,9338.51,RJ,Orgânico
CLI00969,34,9666.23,PE,Orgânico
CLI00970,43,3041.82,RJ,Google
CLI00971,53,6469.35,MG,Instagram
CLI00972,18,2217.13,RS,Instagram
CLI00973,25,4112.12,SP,TikTok
CLI00974,66,7473.96,SP,Google
CLI00975,52,7470.17,RJ,Orgânico
CLI00976,69,10378.22,SP,Google
CLI00977,32,9809.36,PE,TikTok
CLI00978,64,4969.32,SP,Google
CLI00979,39,9910.65,MG,Orgânico
CLI00980,31,8976.27,RJ,Instagram
CLI00981,43,5098.59,SP,Orgânico
CLI00982,45,6349.57,SC,Orgânico
CLI00983,40,5564.06,RJ,Orgânico
CLI00984,31,4710.76,SP,TikTok
CLI00985,41,6413.01,MG,Instagram
CLI00986,19,2441.82,RS,TikTok
CLI00987,62,9174.38,SC,Orgânico
CLI00988,43,7047.37,PR,Instagram
CLI00989,31,3574.96,PR,TikTok
CLI00990,68,4206.63,RS,Google
CLI00991,24,3288.29,SC,TikTok
CLI00992,20,2271.48,PR,TikTok
CLI00993,64,4672.21,BA,Orgânico
CLI00994,40,3551.2,SC,Google
CLI00995,63,8549.71,BA,TikTok
CLI00996,60,8749.03,PE,Orgânico
CLI00997,64,11168.07,RS,Google
CLI00998,62,11921.93,BA,Instagram
CLI00999,35,4559.22,PE,TikTok
CLI01000,55,9551.32,RS,Google
CLI01001,52,8285.93,SP,Orgânico
CLI01002,68,10301.68,PR,TikTok
CLI01003,32,5015.11,PR,TikTok
CLI01004,42,6920.09,SC,Google
CLI01005,54,14455.95,SP,Orgânico
CLI01006,45,6361.45,SP,Google
CLI01007,27,8224.12,RJ,TikTok
CLI01008,56,3937.12,RJ,Google
CLI01009,34,8054.38,SP,Instagram
CLI01010,56,12309.71,RS,Google
CLI01011,39,7284.22,PE,Orgânico
CLI01012,43,3425.24,RS,Google
CLI01013,61,10146.24,PE,Orgânico
CLI01014,42,4790.65,PE,Orgânico
CLI01015,34,10481.22,RS,Instagram
CLI01016,30,4374.83,SC,TikTok
CLI01017,37,4345.05,MG,Google
CLI01018,42,3912.16,MG,Google
CLI01019,21,2943.82,RJ,Instagram
CLI01020,27,6285.24,PR,Google
CLI01021,20,2878.43,MG,Instagram
CLI01022,58,1172.41,PE,Instagram
CLI01023,62,5226.46,PR,Instagram
CLI01024,35,4385.44,PE,Instagram
CLI01025,64,11274.7,PR,Orgânico
CLI01026,53,6179.4,BA,Google
CLI01027,64,6457.73,RS,Orgânico
CLI01028,39,5700.64,RS,Orgânico
CLI01029,51,8282.11,PE,Orgânico
CLI01030,64,5850.62,PE,Google
CLI01031,25,4063.9,RS,Instagram
CLI01032,57,8906.12,SP,Google
CLI01033,66,6284.52,PE,Google
CLI01034,61,10550.7,MG,Google
CLI01035,36,2819.62,MG,Instagram
CLI01036,59,8064.49,PR,Orgânico
CLI01037,58,3612.1,PR,Instagram
CLI01038,54,7786.74,RS,Google
CLI01039,23,4001.83,SP,TikTok
CLI01040,69,12000.7,RS,Google
CLI01041,43,8764.28,SC,TikTok
CLI01042,51,14834.33,MG,Google
CLI01043,62,9670.6,RS,Instagram
CLI01044,23,2311.42,RS,Instagram
CLI01045,54,5464.41,PE,Google
CLI01046,50,12263.0,PE,Google
CLI01047,39,5699.3,MG,Google
CLI01048,38,4782.35,SP,Google
CLI01049,23,2226.64,SP,TikTok
CLI01050,23,2363.15,BA,Instagram
CLI01051,65,11964.33,SC,TikTok
CLI01052,21,1148.76,PR,Google
CLI01053,47,10534.22,MG,Orgânico
CLI01054,28,8201.6,PR,Instagram
CLI01055,47,8144.47,MG,Orgânico
CLI01056,48,10902.83,BA,Orgânico
CLI01057,41,4545.07,SP,Google
CLI01058,26,3559.17,RS,Orgânico
CLI01059,20,1943.3,BA,Instagram
CLI01060,68,7799.44,SP,Orgânico
CLI01061,48,5771.04,BA,TikTok
CLI01062,57,5703.25,SP,Google
CLI01063,54,9327.22,BA,Orgânico
CLI01064,53,7508.15,SC,Instagram
CLI01065,41,8320.1,BA,Instagram
CLI01066,48,3530.19,MG,Orgânico
CLI01067,23,1666.59,BA,Instagram
CLI01068,19,1804.2,SP,Orgânico
CLI01069,37,6518.96,RS,Google
CLI01070,45,8049.58,BA,Orgânico
CLI01071,28,4288.93,SC,TikTok
CLI01072,21,3647.68,PR,TikTok
CLI01073,32,7034.55,SC,Instagram
CLI01074,23,3686.51,SC,TikTok
CLI01075,66,13466.22,RJ,Google
CLI01076,47,9297.33,PE,Google
CLI01077,55,9591.79,PR,Instagram
CLI01078,68,4770.55,RJ,Instagram
CLI01079,19,2349.96,RS,Instagram
CLI01080,32,7162.75,BA,TikTok
CLI01081,28,2853.31,MG,Instagram
CLI01082,25,6304.03,SC,Instagram
CLI01083,43,5105.51,SC,Orgânico
CLI01084,68,9196.81,BA,Orgânico
CLI01085,62,5515.8,PE,Orgânico
CLI01086,61,8992.19,SC,Orgânico
CLI01087,22,3270.36,SC,Instagram
CLI01088,23,2526.21,RJ,Orgânico
CLI01089,43,10120.68,MG,Instagram
CLI01090,21,3000.6,RJ,Orgânico
CLI01091,36,6584.07,SC,Google
CLI01092,37,11497.56,MG,Google
CLI01093,50,7781.75,PE,Orgânico
CLI01094,37,6123.58,PR,Orgânico
CLI01095,66,11400.04,RJ,Orgânico
CLI01096,29,6082.16,BA,TikTok
CLI01097,64,3550.19,SP,TikTok
CLI01098,18,3389.05,PR,TikTok
CLI01099,43,1994.1,PE,TikTok
CLI01100,31,5166.42,PR,TikTok
CLI01101,55,4465.36,SC,Google
CLI01102,54,12671.08,SC,Google
CLI01103,28,4612.61,PR,TikTok
CLI01104,53,11705.17,BA,Orgânico
CLI01105,30,4297.77,BA,Orgânico
CLI01106,60,8243.68,RJ,Google
CLI01107,20,3347.95,MG,Orgânico
CLI01108,50,7690.98,RJ,Orgânico
CLI01109,23,3430.21,RJ,Google
CLI01110,67,5872.43,PR,Orgânico
CLI01111,27,6928.98,RJ,TikTok
CLI01112,22,3415.03,BA,Instagram
CLI01113,40,5417.34,MG,Google
CLI01114,27,6940.79,BA,TikTok
CLI01115,61,9646.94,PR,Orgânico
CLI01116,19,2026.08,RJ,TikTok
CLI01117,30,7309.38,SC,TikTok
CLI01118,57,7090.4,RS,Orgânico
CLI01119,19,2108.73,RJ,Instagram
CLI01120,37,6078.62,PE,Google
CLI01121,18,2246.35,RS,TikTok
CLI01122,54,8443.99,BA,Google
CLI01123,26,6685.71,RS,Instagram
CLI01124,34,9636.93,PE,TikTok
CLI01125,26,5031.96,RS,TikTok
CLI01126,28,7609.57,PR,TikTok
CLI01127,32,5343.89,PE,Google
CLI01128,41,6220.94,PR,Google
CLI01129,55,11014.49,RS,Google
CLI01130,52,8733.83,SC,Orgânico
CLI01131,47,11858.9,PE,Orgânico
CLI01132,48,8170.62,PR,Google
CLI01133,66,8005.24,BA,Instagram
CLI01134,22,2310.95,PE,TikTok
CLI01135,61,12729.07,RS,Orgânico
CLI01136,67,12536.15,RS,Google
CLI01137,31,7406.99,SP,Instagram
CLI01138,28,7988.82,BA,TikTok
CLI01139,26,6035.71,PR,Instagram
CLI01140,51,10956.86,RJ,Google
CLI01141,29,7648.3,MG,Instagram
CLI01142,52,7290.25,RJ,Google
CLI01143,52,11954.18,PR,Google
CLI01144,18,3093.26,RS,Instagram
CLI01145,57,9952.79,BA,TikTok
CLI01146,39,5022.45,SP,Orgânico
CLI01147,46,10241.19,PE,Instagram
CLI01148,25,8932.62,RJ,TikTok
CLI01149,28,7266.13,MG,Google
CLI01150,58,12494.93,RS,TikTok
CLI01151,54,10087.06,RJ,Google
CLI01152,31,8511.36,SC,TikTok
CLI01153,47,11303.22,SP,Google
CLI01154,52,15763.49,PR,Google
CLI01155,38,6949.21,PE,Orgânico
CLI01156,54,5588.8,PE,TikTok
CLI01157,22,3656.19,PE,TikTok
CLI01158,36,5811.51,BA,Orgânico
CLI01159,31,6379.3,PE,Instagram
CLI01160,43,8065.08,PE,Instagram
CLI01161,21,4761.61,RJ,TikTok
CLI01162,42,5474.37,RJ,Orgânico
CLI01163,62,6004.43,BA,Google
CLI01164,59,7709.37,RJ,Google
CLI01165,42,4183.07,RJ,Instagram
CLI01166,35,3366.86,MG,Instagram
CLI01167,57,11667.18,SC,Instagram
CLI01168,25,2964.1,RS,Instagram
CLI01169,56,10300.15,SC,Google
CLI01170,57,15558.0,SP,Orgânico
CLI01171,31,2904.94,SP,Google
CLI01172,49,5496.38,MG,Orgânico
CLI01173,68,12408.03,PE,Google
CLI01174,55,8368.5,BA,Instagram
CLI01175,50,3872.18,BA,Orgânico
CLI01176,40,7480.16,PE,Google
CLI01177,32,5595.62,SC,TikTok
CLI01178,50,6061.26,PE,TikTok
CLI01179,42,5402.03,SP,Google
CLI01180,34,8829.68,PR,Instagram
CLI01181,50,4806.4,SC,Google
CLI01182,64,9905.39,RJ,Instagram
CLI01183,19,3144.06,SC,Google
CLI01184,31,6500.3,PR,Instagram
CLI01185,57,9558.53,RJ,Orgânico
CLI01186,57,7728.38,SC,Orgânico
CLI01187,68,11279.67,RJ,Orgânico
CLI01188,56,3888.32,RJ,Orgânico
CLI01189,68,5896.73,MG,Instagram
CLI01190,23,1793.16,PR,TikTok
CLI01191,23,3147.98,MG,Google
CLI01192,20,3362.21,PE,Instagram
CLI01193,24,4365.86,SC,TikTok
CLI01194,68,5582.64,BA,Google
CLI01195,25,7338.15,RS,TikTok
CLI01196,59,13367.27,BA,Orgânico
CLI01197,69,3707.42,BA,Google
CLI01198,32,4977.12,RJ,Instagram
CLI01199,64,5063.99,PE,Orgânico
CLI01200,46,1792.04,SC,Google
CLI01201,50,6875.65,SC,Orgânico
CLI01202,69,10698.5,RS,Orgânico
CLI01203,47,4334.69,PE,Orgânico
CLI01204,56,9728.28,PE,Orgânico
CLI01205,44,6227.04,MG,Orgânico
CLI01206,53,4184.93,SC,Orgânico
CLI01207,46,7316.72,PR,Google
CLI01208,55,12731.22,RJ,Google
CLI01209,50,9951.78,SP,Google
CLI01210,54,7215.52,RS,Orgânico
CLI01211,44,4657.24,PR,Orgânico
CLI01212,50,5944.21,BA,Google
CLI01213,21,3057.72,SP,TikTok
CLI01214,39,4183.32,PE,Orgânico
CLI01215,19,2085.33,PE,TikTok
CLI01216,27,10953.86,RS,Instagram
CLI01217,22,3186.43,SP,Instagram
CLI01218,27,7056.54,PE,Instagram
CLI01219,50,6870.19,MG,Google
CLI01220,55,7737.79,SP,Instagram
CLI01221,30,8534.55,RJ,TikTok
CLI01222,48,10767.28,MG,TikTok
CLI01223,64,8554.5,PR,Google
CLI01224,53,11571.62,PR,Orgânico
CLI01225,62,5169.54,PE,Instagram
CLI01226,41,7569.78,PR,Orgânico
CLI01227,69,5628.71,RS,Orgânico
CLI01228,32,6038.52,BA,TikTok
CLI01229,46,7959.96,SC,Orgânico
CLI01230,25,7593.87,PE,TikTok
CLI01231,22,3384.47,BA,Instagram
CLI01232,46,10428.64,MG,Google
CLI01233,64,6630.26,MG,Google
CLI01234,21,2175.18,MG,Instagram
CLI01235,29,7693.71,RJ,Instagram
CLI01236,62,2224.54,MG,Google
CLI01237,19,3441.57,RJ,TikTok
CLI01238,44,4375.24,RS,Orgânico
CLI01239,48,5527.8,PR,Google
CLI01240,68,13565.79,SC,Google
CLI01241,68,12111.21,SP,Orgânico
CLI01242,53,12701.59,BA,Orgânico
CLI01243,53,6049.1,BA,Google
CLI01244,43,6034.44,SC,Google
CLI01245,60,4739.35,SC,Google
CLI01246,44,8282.91,RS,Google
CLI01247,22,2347.08,BA,TikTok
CLI01248,37,8921.64,SC,Google
CLI01249,28,6287.26,SP,Instagram
CLI01250,27,3682.41,RJ,Instagram
CLI01251,57,4878.54,PR,Orgânico
CLI01252,55,7338.2,RS,Google
CLI01253,23,2358.24,SP,Instagram
CLI01254,25,6137.65,BA,TikTok
CLI01255,40,4880.69,PR,Orgânico
CLI01256,64,8410.54,RJ,Orgânico
CLI01257,43,6985.43,PR,Google
CLI01258,63,6043.96,PE,Orgânico
CLI01259,60,3999.86,RJ,TikTok
CLI01260,29,5893.53,BA,TikTok
CLI01261,43,4203.02,SP,Google
CLI01262,30,5458.43,SP,Instagram
CLI01263,57,7749.11,BA,Google
CLI01264,35,5458.99,PE,TikTok
CLI01265,42,9541.92,BA,Google
CLI01266,50,2495.93,PR,Orgânico
CLI01267,64,4656.07,RS,Orgânico
CLI01268,57,5606.68,PR,Orgânico
CLI01269,60,6636.3,SC,Orgânico
CLI01270,29,8306.66,SC,TikTok
CLI01271,61,8998.42,PR,Orgânico
CLI01272,53,8244.34,SC,Orgânico
CLI01273,65,12178.59,BA,Google
CLI01274,21,3358.79,PR,TikTok
CLI01275,22,2873.17,MG,Instagram
CLI01276,54,8441.92,SC,Orgânico
CLI01277,25,6303.7,BA,Instagram
CLI01278,59,7957.41,PR,Google
CLI01279,66,4745.53,MG,Google
CLI01280,45,5248.41,BA,Orgânico
CLI01281,48,8721.22,SC,Orgânico
CLI01282,26,7531.29,SP,Google
CLI01283,68,8477.82,PR,Orgânico
CLI01284,46,7262.15,PE,Google
CLI01285,31,5952.26,SP,TikTok
CLI01286,57,5140.1,RS,Google
CLI01287,58,8472.41,SC,Google
CLI01288,39,4829.11,RS,Google
CLI01289,28,3804.71,MG,Orgânico
CLI01290,40,7015.87,PR,Google
CLI01291,18,2694.81,MG,TikTok
CLI01292,63,8965.61,BA,Orgânico
CLI01293,54,10451.62,SP,Google
CLI01294,38,3919.07,PR,Google
CLI01295,43,3085.45,RS,Google
CLI01296,63,4833.23,SP,Google
CLI01297,53,10638.98,SP,Orgânico
CLI01298,40,5471.58,MG,Google
CLI01299,18,3771.32,RS,TikTok
CLI01300,68,11026.66,SC,Orgânico
CLI01301,57,9493.44,PE,Google
CLI01302,32,4488.05,RS,Instagram
CLI01303,38,6732.29,SP,Orgânico
CLI01304,64,7674.37,BA,Google
CLI01305,26,5622.04,SP,TikTok
CLI01306,26,6321.39,RJ,TikTok
CLI01307,27,5986.64,MG,TikTok
CLI01308,69,7172.3,SP,Orgânico
CLI01309,43,6974.17,RS,Google
CLI01310,58,3730.69,RJ,Google
CLI01311,52,7282.96,BA,Orgânico
CLI01312,69,9728.75,MG,TikTok
CLI01313,42,9657.25,PR,TikTok
CLI01314,43,4296.82,PE,Orgânico
CLI01315,28,5583.55,SC,Instagram
CLI01316,55,7260.28,PE,TikTok
CLI01317,19,2760.94,PE,TikTok
CLI01318,24,2713.4,MG,Instagram
CLI01319,35,8801.55,SP,TikTok
CLI01320,44,6911.94,RJ,Google
CLI01321,51,3405.62,BA,Orgânico
CLI01322,44,11506.46,RJ,Google
CLI01323,34,6157.15,PE,Orgânico
CLI01324,60,11667.63,PE,Google
CLI01325,61,7070.93,PR,Orgânico
CLI01326,68,8035.99,RJ,Orgânico
CLI01327,41,9325.83,SP,Google
CLI01328,42,4258.71,MG,Google
CLI01329,24,3787.08,PE,Instagram
CLI01330,69,5321.03,PR,Orgânico
CLI01331,23,2618.76,SC,TikTok
CLI01332,41,9803.53,BA,Orgânico
CLI01333,50,12806.39,SC,Orgânico
CLI01334,66,13781.8,SP,Google
CLI01335,46,6639.23,PR,TikTok
CLI01336,60,3840.21,PR,Orgânico
CLI01337,39,4393.18,SP,Google
CLI01338,43,7007.27,RS,Google
CLI01339,45,11524.04,PR,Google
CLI01340,67,5638.56,BA,TikTok
CLI01341,38,6292.47,PE,Google
CLI01342,66,8341.98,RJ,Orgânico
CLI01343,24,3416.6,RJ,Instagram
CLI01344,34,8188.33,SP,Instagram
CLI01345,37,9640.07,SP,Google
CLI01346,58,8260.55,RJ,Orgânico
CLI01347,66,8291.85,MG,Google
CLI01348,37,7227.07,SP,Instagram
CLI01349,39,3711.49,RJ,Orgânico
CLI01350,45,11133.64,MG,Instagram
CLI01351,57,6768.32,MG,Instagram
CLI01352,66,7627.13,RS,Google
CLI01353,24,2822.57,RJ,Instagram
CLI01354,18,3775.5,BA,TikTok
CLI01355,49,9812.87,BA,Orgânico
CLI01356,30,8283.79,RS,TikTok
CLI01357,47,13334.23,RJ,Orgânico
CLI01358,40,6221.76,PR,Orgânico
CLI01359,68,11781.14,MG,Google
CLI01360,36,5790.36,SC,Google
CLI01361,49,4254.41,PR,Orgânico
CLI01362,47,7297.22,PR,Google
CLI01363,46,8788.05,MG,Orgânico
CLI01364,66,6467.8,BA,Orgânico
CLI01365,62,10274.92,PE,Google
CLI01366,46,7370.14,MG,Instagram
CLI01367,47,1755.69,MG,Instagram
CLI01368,33,8093.76,SP,Instagram
CLI01369,57,5352.39,RJ,Instagram
CLI01370,36,1433.44,PE,Orgânico
CLI01371,35,6494.58,BA,Instagram
CLI01372,18,3241.5,RS,TikTok
CLI01373,31,4105.15,RJ,Instagram
CLI01374,68,9733.36,RJ,Orgânico
CLI01375,64,6343.18,MG,Orgânico
CLI01376,67,7139.38,PE,Orgânico
CLI01377,19,2197.25,PR,TikTok
CLI01378,45,2826.97,MG,Instagram
CLI01379,66,8285.17,MG,Google
CLI01380,67,8864.5,PE,Google
CLI01381,47,5986.99,PE,Orgânico
CLI01382,55,11263.38,PR,Google
CLI01383,68,6691.76,SC,Orgânico
CLI01384,21,3111.72,RS,TikTok
CLI01385,18,3058.67,SP,TikTok
CLI01386,25,8211.19,SC,TikTok
CLI01387,46,10720.04,MG,Google
CLI01388,56,6793.49,RJ,Instagram
CLI01389,20,2710.12,RJ,TikTok
CLI01390,49,11864.39,PR,Orgânico
CLI01391,27,3596.93,MG,TikTok
CLI01392,27,3326.56,BA,TikTok
CLI01393,36,6894.77,PR,Google
CLI01394,63,3697.78,PR,Google
CLI01395,51,11308.73,SP,Google
CLI01396,50,7595.6,PE,Orgânico
CLI01397,40,9041.2,PR,Google
CLI01398,45,7603.75,MG,Google
CLI01399,49,11241.86,SP,Instagram
CLI01400,67,10336.22,RJ,Orgânico
CLI01401,24,3735.9,SP,Instagram
CLI01402,46,9913.66,MG,Google
CLI01403,25,5917.08,RS,TikTok
CLI01404,18,2507.09,SC,TikTok
CLI01405,20,2167.84,PE,Instagram
CLI01406,41,4966.46,SP,Orgânico
CLI01407,40,6553.99,RS,Google
CLI01408,25,9407.45,SC,TikTok
CLI01409,64,5357.85,SP,Orgânico
CLI01410,54,9586.62,SP,Orgânico
CLI01411,20,3404.45,PR,TikTok
CLI01412,68,9834.24,BA,Orgânico
CLI01413,50,7687.38,BA,Orgânico
CLI01414,45,10435.22,BA,Google
CLI01415,64,7815.77,SC,Orgânico
CLI01416,25,4531.36,RS,Instagram
CLI01417,51,6630.59,SC,Instagram
CLI01418,52,6838.24,SP,Google
CLI01419,49,9806.16,MG,Orgânico
CLI01420,41,6341.41,MG,Orgânico
CLI01421,31,4198.38,PE,TikTok
CLI01422,49,9699.33,SC,Google
CLI01423,63,8074.77,PR,Google
CLI01424,60,10459.7,PE,Google
CLI01425,33,4660.9,PR,TikTok
CLI01426,21,3685.58,MG,Instagram
CLI01427,69,10685.71,PR,Google
CLI01428,54,11760.6,SP,Orgânico
CLI01429,38,6362.92,PE,Orgânico
CLI01430,31,2455.94,BA,Google
CLI01431,48,6169.54,SP,Google
CLI01432,65,7155.11,SC,Orgânico
CLI01433,35,6348.74,RS,Google
CLI01434,24,3573.07,BA,Google
CLI01435,27,6799.09,RJ,Orgânico
CLI01436,24,2576.84,MG,Orgânico
CLI01437,50,6950.28,BA,Google
CLI01438,40,8998.02,MG,TikTok
CLI01439,38,7857.7,RJ,Orgânico
CLI01440,36,3507.34,PR,Google
CLI01441,65,11413.93,BA,Google
CLI01442,36,6288.1,SP,Orgânico
CLI01443,53,10496.93,SP,Instagram
CLI01444,46,7858.13,MG,Instagram
CLI01445,35,7663.47,BA,Instagram
CLI01446,19,3495.23,MG,Instagram
CLI01447,18,4113.63,PR,TikTok
CLI01448,64,3639.1,BA,Orgânico
CLI01449,22,4054.56,PE,TikTok
CLI01450,37,6144.72,PR,Orgânico
CLI01451,28,2741.58,BA,Instagram
CLI01452,59,6350.87,MG,Google
CLI01453,19,2908.35,PR,Google
CLI01454,20,3067.28,RJ,TikTok
CLI01455,40,6503.74,PE,Google
CLI01456,29,5166.62,SP,Google
CLI01457,37,5558.29,MG,Orgânico
CLI01458,22,2963.9,RJ,Instagram
CLI01459,54,6472.0,RJ,Google
CLI01460,55,8618.56,BA,Google
CLI01461,47,8766.07,RS,Instagram
CLI01462,26,7931.15,SC,Google
CLI01463,51,8455.25,MG,Orgânico
CLI01464,61,6074.47,PE,Orgânico
CLI01465,52,7507.84,BA,Orgânico
CLI01466,69,8094.9,SC,Orgânico
CLI01467,39,6014.31,RJ,Google
CLI01468,61,7802.96,MG,Orgânico
CLI01469,41,864.83,SC,Orgânico
CLI01470,34,3160.35,PE,Google
CLI01471,27,6834.16,SP,Instagram
CLI01472,47,6852.04,MG,Google
CLI01473,63,4842.67,SC,Google
CLI01474,40,5891.32,PR,Orgânico
CLI01475,49,11622.34,MG,Google
CLI01476,34,4616.88,RS,Instagram
CLI01477,67,5547.52,BA,Orgânico
CLI01478,68,10444.22,PR,Google
CLI01479,34,4083.1,PE,Instagram
CLI01480,31,4849.88,MG,Google
CLI01481,26,4537.48,PE,Instagram
CLI01482,57,9059.92,SC,Instagram
CLI01483,19,4112.2,SC,Instagram
CLI01484,62,6520.84,RS,Google
CLI01485,42,8033.29,MG,Google
CLI01486,56,9536.22,RJ,Orgânico
CLI01487,26,3496.6,SC,TikTok
CLI01488,39,6043.21,RS,Google
CLI01489,60,8825.99,PE,TikTok
CLI01490,63,5713.25,MG,Google
CLI01491,21,3895.12,MG,TikTok
CLI01492,43,8283.66,BA,Google
CLI01493,46,5635.29,SP,Google
CLI01494,62,9596.37,PR,Instagram
CLI01495,51,10624.97,SP,Instagram
CLI01496,40,5606.38,PR,TikTok
CLI01497,54,7111.89,PR,Orgânico
CLI01498,28,4661.29,BA,Instagram
CLI01499,23,4646.25,SP,Instagram
CLI01500,35,6714.33,RS,TikTok
CLI01501,38,4208.11,RJ,Google
CLI01502,59,2611.05,MG,Google
CLI01503,53,11254.82,SC,TikTok
CLI01504,58,2035.6,PE,Orgânico
CLI01505,55,9029.33,MG,Orgânico
CLI01506,51,10435.05,RS,Google
CLI01507,34,7035.52,RS,Instagram
CLI01508,54,5994.9,PE,Google
CLI01509,42,4440.91,SP,Orgânico
CLI01510,55,8005.5,RJ,Google
CLI01511,29,9038.04,SC,Instagram
CLI01512,40,6022.34,SC,Google
CLI01513,59,5243.88,RS,Orgânico
CLI01514,39,5356.82,RJ,Google
CLI01515,38,2912.74,BA,Google
CLI01516,44,7934.86,SC,Orgânico
CLI01517,48,8786.06,BA,Google
CLI01518,23,1852.96,SC,TikTok
CLI01519,44,5636.11,RJ,Orgânico
CLI01520,57,14975.17,SP,Orgânico
CLI01521,51,12604.84,BA,Orgânico
CLI01522,29,9240.32,SP,Instagram
CLI01523,62,8235.39,RS,Orgânico
CLI01524,24,4069.58,BA,Google
CLI01525,27,3383.49,SC,TikTok
CLI01526,62,9256.48,SP,Instagram
CLI01527,34,6513.15,SP,Google
CLI01528,43,7418.06,SC,Google
CLI01529,38,8707.78,PE,TikTok
CLI01530,45,14041.79,SC,Google
CLI01531,63,8561.44,RS,Google
CLI01532,19,3265.18,RS,TikTok
CLI01533,60,12152.42,BA,Google
CLI01534,18,2455.86,SP,Instagram
CLI01535,68,8400.27,PE,Orgânico
CLI01536,53,4398.91,PE,Orgânico
CLI01537,68,9980.65,RS,Orgânico
CLI01538,43,5677.14,PR,Google
CLI01539,46,6656.63,RJ,Instagram
CLI01540,38,8237.08,SP,Google
CLI01541,28,2984.83,BA,Instagram
CLI01542,57,3393.87,SP,Instagram
CLI01543,28,6196.16,PR,TikTok
CLI01544,53,10940.84,MG,Google
CLI01545,66,4262.99,BA,Google
CLI01546,56,8518.64,RS,Orgânico
CLI01547,57,6105.8,MG,Google
CLI01548,52,6788.92,RS,Instagram
CLI01549,51,12965.46,PE,Google
CLI01550,64,3048.53,RJ,Google
CLI01551,41,4870.1,SC,Orgânico
CLI01552,39,7258.27,PE,Orgânico
CLI01553,22,3108.15,SP,TikTok
CLI01554,50,4665.31,PR,Instagram
CLI01555,53,10261.7,BA,TikTok
CLI01556,64,7425.79,PE,Orgânico
CLI01557,37,5592.23,SC,Orgânico
CLI01558,36,7431.83,PE,Instagram
CLI01559,52,7489.14,SC,Orgânico
CLI01560,69,1997.94,MG,Google
CLI01561,60,6527.53,SP,Google
CLI01562,34,7433.46,RJ,Instagram
CLI01563,62,3480.15,PR,Orgânico
CLI01564,60,4730.19,SP,Google
CLI01565,51,6719.63,SC,Orgânico
CLI01566,26,5834.82,SC,Instagram
CLI01567,43,6064.23,RJ,Orgânico
CLI01568,19,3268.77,MG,Instagram
CLI01569,26,7524.13,RJ,Instagram
CLI01570,26,9842.47,BA,Instagram
CLI01571,57,9946.82,RJ,Orgânico
CLI01572,34,4617.58,SP,TikTok
CLI01573,18,1794.78,RS,Instagram
CLI01574,42,6831.33,PE,Google
CLI01575,60,7448.29,MG,Orgânico
CLI01576,57,10486.63,SC,Google
CLI01577,59,13794.52,MG,Orgânico
CLI01578,42,9219.08,SP,Orgânico
CLI01579,56,3879.42,SP,Google
CLI01580,52,8272.71,PE,Orgânico
CLI01581,20,2865.36,RS,TikTok
CLI01582,67,7176.7,PE,Google
CLI01583,54,13954.93,BA,Google
CLI01584,61,4331.71,RJ,TikTok
CLI01585,61,8901.4,BA,Orgânico
CLI01586,68,5366.84,RS,Orgânico
CLI01587,47,7077.03,PE,Instagram
CLI01588,55,10234.53,SP,Google
CLI01589,51,8954.49,BA,Google
CLI01590,29,6805.44,MG,Google
CLI01591,36,7250.46,PE,Google
CLI01592,54,8948.23,PE,Orgânico
CLI01593,61,13123.06,RJ,Google
CLI01594,66,5295.94,BA,Google
CLI01595,34,10850.83,PE,Instagram
CLI01596,27,5841.76,RJ,Instagram
CLI01597,66,12108.06,RJ,Orgânico
CLI01598,64,8925.3,MG,Orgânico
CLI01599,29,3043.77,RJ,Orgânico
CLI01600,33,6620.96,PR,TikTok
CLI01601,41,6293.49,PE,Google
CLI01602,36,6659.92,PR,Orgânico
CLI01603,25,4491.78,MG,Google
CLI01604,48,7554.86,PE,Google
CLI01605,38,5047.98,SC,Google
CLI01606,34,5804.41,RS,Orgânico
CLI01607,40,8369.97,SC,Orgânico
CLI01608,54,9480.6,RJ,Orgânico
CLI01609,33,8793.2,MG,Instagram
CLI01610,23,2274.68,PE,TikTok
CLI01611,25,3991.32,RJ,Instagram
CLI01612,42,5182.21,RJ,TikTok
CLI01613,35,6419.85,PR,Google
CLI01614,42,4735.12,BA,Orgânico
CLI01615,29,7154.41,SP,TikTok
CLI01616,32,7440.97,MG,TikTok
CLI01617,43,7072.58,PE,Google
CLI01618,58,10894.71,SP,Instagram
CLI01619,62,1821.94,PR,Google
CLI01620,43,7865.66,SP,TikTok
CLI01621,64,1486.63,RS,Google
CLI01622,49,8296.53,PE,Orgânico
CLI01623,27,7064.23,PR,Instagram
CLI01624,33,8431.75,RS,Instagram
CLI01625,24,4014.87,PE,Orgânico
CLI01626,34,6041.61,SC,TikTok
CLI01627,40,6620.31,PR,Instagram
CLI01628,43,6272.85,MG,Instagram
CLI01629,38,3748.1,SC,Orgânico
CLI01630,39,3514.76,PE,Google
CLI01631,24,2390.73,RJ,TikTok
CLI01632,31,6159.71,MG,TikTok
CLI01633,32,6022.66,MG,Orgânico
CLI01634,24,2437.03,RS,TikTok
CLI01635,26,5569.05,BA,Instagram
CLI01636,68,4233.75,MG,Google
CLI01637,65,9381.19,SP,Google
CLI01638,25,9646.72,PE,Instagram
CLI01639,67,6991.44,SP,Instagram
CLI01640,40,10681.45,RJ,Instagram
CLI01641,46,15131.67,SP,Google
CLI01642,35,5572.65,MG,TikTok
CLI01643,48,8418.61,RS,Instagram
CLI01644,47,7810.9,PR,Orgânico
CLI01645,69,3973.73,RJ,Orgânico
CLI01646,56,8257.48,RJ,Orgânico
CLI01647,52,8308.65,MG,Orgânico
CLI01648,35,4947.67,SC,Orgânico
CLI01649,59,4439.76,BA,Orgânico
CLI01650,56,6555.29,BA,Google
CLI01651,34,5824.38,SP,TikTok
CLI01652,31,10158.31,SC,Instagram
CLI01653,48,4847.37,MG,Google
CLI01654,41,5698.83,PE,Google
CLI01655,52,9616.6,SC,Orgânico
CLI01656,61,8363.89,PE,Instagram
CLI01657,62,6311.05,MG,Google
CLI01658,51,9784.52,SP,Google
CLI01659,20,3224.04,BA,Orgânico
CLI01660,54,4432.75,SP,TikTok
CLI01661,60,11108.73,RJ,Orgânico
CLI01662,57,9060.52,SC,TikTok
CLI01663,43,3605.67,BA,Orgânico
CLI01664,40,9345.98,SC,Google
CLI01665,61,5765.42,SC,Google
CLI01666,56,14055.7,BA,Orgânico
CLI01667,32,8954.75,SC,Instagram
CLI01668,66,7245.95,RS,Google
CLI01669,21,2987.02,PE,TikTok
CLI01670,46,8961.43,PR,Orgânico
CLI01671,39,2949.79,RJ,Orgânico
CLI01672,42,6266.33,RJ,Orgânico
CLI01673,30,6670.25,PR,TikTok
CLI01674,35,6729.2,RS,TikTok
CLI01675,50,6042.81,SC,Google
CLI01676,33,2532.47,PR,TikTok
CLI01677,62,10504.45,PE,Google
CLI01678,59,7293.18,PE,Orgânico
CLI01679,61,9421.13,RS,Google
CLI01680,19,4076.88,SC,TikTok
CLI01681,52,11809.86,PR,Google
CLI01682,59,4375.23,RJ,Google
CLI01683,51,10757.05,PR,Orgânico
CLI01684,47,8049.38,RS,Instagram
CLI01685,30,4454.65,MG,Instagram
CLI01686,30,7572.6,SC,Instagram
CLI01687,35,7280.11,PR,Instagram
CLI01688,49,5233.33,SC,Google
CLI01689,49,9553.42,PE,Orgânico
CLI01690,52,13783.49,SP,Google
CLI01691,56,10939.93,BA,Google
CLI01692,63,12174.3,SC,Orgânico
CLI01693,69,5842.99,BA,Orgânico
CLI01694,46,10288.2,PR,Instagram
CLI01695,66,4567.36,SC,Orgânico
CLI01696,46,7299.55,RS,Orgânico
CLI01697,61,13223.82,PE,TikTok
CLI01698,33,10327.95,BA,TikTok
CLI01699,61,11334.07,MG,Instagram
CLI01700,64,11046.94,MG,Instagram
CLI01701,27,5081.05,PR,Instagram
CLI01702,47,4198.99,PR,Orgânico
CLI01703,42,3568.91,SC,Orgânico
CLI01704,56,7530.2,RJ,Google
CLI01705,37,4418.58,MG,Google
CLI01706,22,2791.97,MG,TikTok
CLI01707,18,2295.99,SP,Instagram
CLI01708,47,8679.13,SP,Orgânico
CLI01709,66,2029.65,RJ,Google
CLI01710,20,2057.79,MG,TikTok
CLI01711,62,2509.54,PE,Google
CLI01712,31,2860.45,PE,Orgânico
CLI01713,47,9647.65,PR,Orgânico
CLI01714,67,8586.1,MG,TikTok
CLI01715,21,2596.56,PE,TikTok
CLI01716,35,3542.44,BA,Instagram
CLI01717,54,11361.35,PR,Orgânico
CLI01718,42,4628.13,BA,Google
CLI01719,65,8101.11,BA,Instagram
CLI01720,18,3046.76,PR,TikTok
CLI01721,63,5025.96,PE,Google
CLI01722,32,5573.41,RJ,TikTok
CLI01723,26,10072.09,MG,Instagram
CLI01724,32,5166.2,SC,Instagram
CLI01725,66,9957.12,BA,Instagram
CLI01726,41,7166.87,PE,Google
CLI01727,21,2370.26,MG,Instagram
CLI01728,29,3169.53,BA,Google
CLI01729,54,9570.64,MG,Google
CLI01730,54,10365.41,BA,Instagram
CLI01731,60,8188.7,RS,Orgânico
CLI01732,23,4757.32,SP,Google
CLI01733,56,9975.58,RJ,Google
CLI01734,63,2634.61,SC,Google
CLI01735,41,6551.97,SC,Orgânico
CLI01736,28,10174.54,SC,Instagram
CLI01737,30,6257.46,PR,Orgânico
CLI01738,51,8492.53,BA,Orgânico
CLI01739,42,4763.21,RJ,Google
CLI01740,24,3154.12,SP,Instagram
CLI01741,69,8111.8,PR,Instagram
CLI01742,21,2968.67,SC,Orgânico
CLI01743,25,7653.3,PR,TikTok
CLI01744,37,3129.26,PR,Google
CLI01745,46,6266.35,BA,Instagram
CLI01746,68,5233.94,BA,Orgânico
CLI01747,62,15878.87,RS,Orgânico
CLI01748,63,7721.27,SC,Orgânico
CLI01749,27,6579.62,SC,Instagram
CLI01750,60,10119.76,SP,Google
CLI01751,51,7847.62,PE,TikTok
CLI01752,43,4779.56,RJ,Orgânico
CLI01753,58,9449.16,MG,Google
CLI01754,66,5440.64,MG,Orgânico
CLI01755,20,3305.95,RS,Instagram
CLI01756,23,1950.27,MG,Instagram
CLI01757,22,2682.31,SP,TikTok
CLI01758,22,2966.82,PR,Google
CLI01759,64,10709.86,SC,Google
CLI01760,40,6653.7,RJ,Google
CLI01761,66,14366.33,MG,Orgânico
CLI01762,26,3819.22,RS,TikTok
CLI01763,52,9462.82,RJ,Orgânico
CLI01764,37,7787.08,BA,Instagram
CLI01765,66,7559.34,RJ,Google
CLI01766,59,9436.62,SC,Orgânico
CLI01767,52,5531.42,RS,Orgânico
CLI01768,67,11880.28,PE,Google
CLI01769,35,8256.01,SP,Orgânico
CLI01770,34,8320.5,SC,Instagram
CLI01771,41,6386.1,RS,Google
CLI01772,20,3270.21,SP,TikTok
CLI01773,49,5585.19,RS,TikTok
CLI01774,52,2600.07,PR,Orgânico
CLI01775,55,11264.12,RJ,Google
CLI01776,30,6813.08,MG,Instagram
CLI01777,64,4794.48,RJ,Google
CLI01778,42,8110.71,SC,Google
CLI01779,26,3057.58,RS,TikTok
CLI01780,21,2495.8,RS,TikTok
CLI01781,31,6488.91,BA,Instagram
CLI01782,54,6659.24,BA,Orgânico
CLI01783,51,4302.01,SP,Instagram
CLI01784,28,7269.93,PR,Google
CLI01785,58,4096.67,PR,Google
CLI01786,20,2828.04,SP,TikTok
CLI01787,45,8302.64,SP,Google
CLI01788,46,15448.03,SP,Google
CLI01789,26,2626.86,PR,TikTok
CLI01790,20,2467.45,PE,Orgânico
CLI01791,42,6489.55,PE,Google
CLI01792,51,11173.93,BA,Google
CLI01793,29,5688.38,RJ,TikTok
CLI01794,59,4658.93,BA,Orgânico
CLI01795,26,4272.8,BA,Google
CLI01796,32,5013.8,BA,Instagram
CLI01797,57,6707.97,RJ,Google
CLI01798,42,6010.29,PE,Google
CLI01799,22,2747.79,RS,TikTok
CLI01800,28,5638.9,BA,Google
CLI01801,51,8120.91,RS,Orgânico
CLI01802,41,3203.84,PR,Google
CLI01803,32,11194.87,MG,TikTok
CLI01804,55,5354.87,BA,Google
CLI01805,25,4962.75,SC,TikTok
CLI01806,22,2259.69,PR,Instagram
CLI01807,65,9725.74,MG,Orgânico
CLI01808,43,7041.73,BA,Instagram
CLI01809,35,5114.57,PE,Instagram
CLI01810,23,2437.67,BA,TikTok
CLI01811,54,10727.66,SC,Orgânico
CLI01812,65,4170.55,RJ,Orgânico
CLI01813,30,6490.82,SP,TikTok
CLI01814,45,11711.79,RS,Orgânico
CLI01815,22,3797.65,SC,Instagram
CLI01816,30,5968.91,RS,Instagram
CLI01817,34,8136.32,SP,Orgânico
CLI01818,67,10370.79,MG,Orgânico
CLI01819,57,11136.42,RS,Google
CLI01820,62,8338.04,PR,Google
CLI01821,49,8372.17,PR,Orgânico
CLI01822,46,11844.02,SP,Orgânico
CLI01823,68,8334.08,SC,Instagram
CLI01824,20,2069.57,SC,Instagram
CLI01825,57,9757.28,RS,Orgânico
CLI01826,51,1659.07,MG,Instagram
CLI01827,57,11958.68,PR,Google
CLI01828,44,7742.71,SP,Google
CLI01829,30,3857.96,RJ,Instagram
CLI01830,62,11479.32,RS,Google
CLI01831,50,7747.47,PR,Google
CLI01832,23,3227.8,PR,Instagram
CLI01833,41,4241.69,MG,Orgânico
CLI01834,36,5729.91,PR,Google
CLI01835,33,7603.28,MG,Instagram
CLI01836,57,9019.66,MG,Google
CLI01837,45,8762.14,RJ,Instagram
CLI01838,50,3978.74,RS,Instagram
CLI01839,65,2765.97,BA,Orgânico
CLI01840,58,8016.76,SC,TikTok
CLI01841,30,5265.71,BA,TikTok
CLI01842,60,7731.69,PR,Orgânico
CLI01843,62,11196.25,MG,Google
CLI01844,42,5996.86,BA,Google
CLI01845,59,10275.57,MG,Orgânico
CLI01846,53,9335.98,SC,Orgânico
CLI01847,44,6217.57,SC,Orgânico
CLI01848,55,4994.59,MG,Google
CLI01849,24,4345.19,PR,Orgânico
CLI01850,22,2292.9,RS,Google
CLI01851,60,10745.47,PR,Google
CLI01852,62,7547.3,RS,Orgânico
CLI01853,68,7107.98,PR,TikTok
CLI01854,48,7311.5,SC,Google
CLI01855,40,5382.48,PR,Google
CLI01856,59,12340.73,BA,Google
CLI01857,27,9153.7,RS,Instagram
CLI01858,49,4360.91,PR,Google
CLI01859,60,10411.84,PR,Google
CLI01860,47,2464.98,PE,Orgânico
CLI01861,56,10955.87,SC,Google
CLI01862,48,5910.95,SP,Orgânico
CLI01863,35,3259.49,PE,TikTok
CLI01864,53,2211.47,SP,Orgânico
CLI01865,19,2236.31,PR,Instagram
CLI01866,31,9523.0,SP,Google
CLI01867,30,5739.97,PR,TikTok
CLI01868,46,5480.11,BA,Orgânico
CLI01869,29,10422.67,SC,Instagram
CLI01870,56,14632.88,PR,Google
CLI01871,19,2788.36,RJ,Instagram
CLI01872,49,4724.36,MG,Google
CLI01873,30,7913.1,SC,Instagram
CLI01874,63,3315.7,PE,Orgânico
CLI01875,44,8175.45,RS,Google
CLI01876,66,8164.33,RJ,Google
CLI01877,58,13772.11,RJ,Orgânico
CLI01878,34,5486.53,BA,Instagram
CLI01879,57,6608.73,MG,Google
CLI01880,48,5165.13,RJ,Orgânico
CLI01881,51,11006.58,MG,Google
CLI01882,41,5178.13,PR,Orgânico
CLI01883,62,8650.22,SC,Google
CLI01884,52,3890.67,SC,Google
CLI01885,65,9707.77,SC,Orgânico
CLI01886,23,3225.63,BA,Orgânico
CLI01887,36,4763.94,PE,Google
CLI01888,47,11094.87,PE,Orgânico
CLI01889,24,2974.36,MG,Instagram
CLI01890,27,2488.46,MG,Instagram
CLI01891,58,6863.96,PE,Orgânico
CLI01892,49,8536.87,PE,Google
CLI01893,51,8190.14,RJ,Orgânico
CLI01894,45,7555.49,SC,Orgânico
CLI01895,32,7002.5,RJ,TikTok
CLI01896,47,11769.33,PR,Instagram
CLI01897,54,11224.85,RJ,Orgânico
CLI01898,46,4454.42,SC,Orgânico
CLI01899,39,8089.05,MG,Google
CLI01900,21,3007.03,RJ,Instagram
CLI01901,37,8798.19,RJ,Orgânico
CLI01902,49,9525.34,MG,Google
CLI01903,53,9482.01,MG,Google
CLI01904,67,5450.1,SC,Instagram
CLI01905,21,3781.15,PR,Instagram
CLI01906,44,8435.1,RS,Google
CLI01907,34,5189.9,SC,TikTok
CLI01908,29,4403.05,RJ,TikTok
CLI01909,39,6639.56,SC,Orgânico
CLI01910,34,5805.67,SC,TikTok
CLI01911,27,6589.14,MG,TikTok
CLI01912,18,2514.19,PR,Google
CLI01913,39,7826.14,RS,Orgânico
CLI01914,43,6054.02,PR,Google
CLI01915,35,3183.15,SC,Instagram
CLI01916,67,9626.54,MG,Google
CLI01917,31,7422.09,PE,Instagram
CLI01918,64,8614.72,MG,Orgânico
CLI01919,46,3867.69,BA,Google
CLI01920,29,6028.83,RJ,TikTok
CLI01921,53,10198.67,SP,TikTok
CLI01922,52,7402.65,RJ,Google
CLI01923,69,10092.84,RS,Instagram
CLI01924,29,3684.0,PE,TikTok
CLI01925,24,2271.74,BA,Orgânico
CLI01926,46,7282.76,RJ,Google
CLI01927,28,7968.59,RJ,Instagram
CLI01928,50,8676.18,SP,Google
CLI01929,23,3353.33,PE,TikTok
CLI01930,64,3641.84,PE,Google
CLI01931,32,7186.21,MG,Google
CLI01932,49,4976.87,MG,Google
CLI01933,68,6364.85,PR,Instagram
CLI01934,28,5096.13,PR,TikTok
CLI01935,40,4793.12,SC,TikTok
CLI01936,43,9057.56,RS,Orgânico
CLI01937,51,5965.57,SC,Google
CLI01938,63,1307.7,SC,Orgânico
CLI01939,51,6917.24,PR,Google
CLI01940,46,4625.81,PR,Google
CLI01941,21,2305.66,RJ,Instagram
CLI01942,34,4901.89,MG,Instagram
CLI01943,52,6655.53,PR,Orgânico
CLI01944,30,6529.65,SP,Instagram
CLI01945,58,9338.76,RJ,Google
CLI01946,56,11449.82,BA,Google
CLI01947,32,8462.61,SP,Instagram
CLI01948,46,639.33,SP,Orgânico
CLI01949,46,4655.03,MG,Orgânico
CLI01950,28,7643.13,SP,TikTok
CLI01951,69,7267.1,SP,Orgânico
CLI01952,49,7018.17,RS,Orgânico
CLI01953,19,3308.78,SP,Instagram
CLI01954,64,3783.25,SP,Google
CLI01955,31,7039.66,RJ,TikTok
CLI01956,37,4630.83,RJ,Google
CLI01957,39,6256.2,MG,Google
CLI01958,28,4366.28,BA,Instagram
CLI01959,44,1705.74,MG,Google
CLI01960,20,2547.95,RS,TikTok
CLI01961,34,2995.22,SP,Instagram
CLI01962,61,3456.53,SC,Orgânico
CLI01963,45,9158.68,SP,Orgânico
CLI01964,46,8563.53,SP,Orgânico
CLI01965,38,5433.84,RS,Google
CLI01966,64,10206.08,PE,Instagram
CLI01967,33,6941.93,MG,TikTok
CLI01968,54,11397.77,PR,Orgânico
CLI01969,37,9466.88,BA,Orgânico
CLI01970,23,2396.11,MG,TikTok
CLI01971,36,6128.1,RJ,TikTok
CLI01972,22,1619.38,MG,TikTok
CLI01973,20,3017.87,RS,Google
CLI01974,18,4354.84,PR,Orgânico
CLI01975,55,11244.97,SP,Orgânico
CLI01976,32,7089.23,PR,TikTok
CLI01977,51,6290.51,PE,Orgânico
CLI01978,52,10020.26,RS,Orgânico
CLI01979,66,5430.57,RS,Orgânico
CLI01980,42,7797.26,MG,Google
CLI01981,41,6235.69,SC,Orgânico
CLI01982,29,3920.06,PE,Google
CLI01983,35,4776.17,PE,TikTok
CLI01984,32,7190.31,RS,TikTok
CLI01985,61,8247.11,RJ,Orgânico
CLI01986,33,5318.56,RS,TikTok
CLI01987,44,6911.68,PR,Instagram
CLI01988,25,4887.89,RS,TikTok
CLI01989,63,7007.48,BA,Google
CLI01990,42,4647.37,BA,Orgânico
CLI01991,34,1835.06,MG,Orgânico
CLI01992,46,5602.79,SP,Google
CLI01993,25,1539.74,MG,Orgânico
CLI01994,32,5472.34,RS,Instagram
CLI01995,44,3643.74,RS,Orgânico
CLI01996,63,7596.92,PE,Instagram
CLI01997,67,10072.31,SP,TikTok
CLI01998,69,9136.59,SC,Orgânico
CLI01999,24,3149.59,RJ,Google
CLI02000,20,2964.58,PR,TikTok
CLI02001,46,5540.87,MG,Google
CLI02002,61,3599.57,MG,Google
CLI02003,41,6345.78,PR,Orgânico
CLI02004,20,2348.11,PE,Instagram
CLI02005,37,2167.4,RS,Google
CLI02006,63,7617.23,SP,Orgânico
CLI02007,32,5368.86,PE,Orgânico
CLI02008,42,7893.1,RJ,Instagram
CLI02009,47,7835.87,SC,Orgânico
CLI02010,31,7180.72,BA,TikTok
CLI02011,24,2004.41,PR,Instagram
CLI02012,34,4136.02,BA,TikTok
CLI02013,61,10077.5,RJ,Orgânico
CLI02014,37,7597.01,MG,TikTok
CLI02015,53,5325.92,RJ,Google
CLI02016,26,8528.1,RS,TikTok
CLI02017,55,9828.05,SC,Google
CLI02018,65,9896.24,RJ,Google
CLI02019,39,6755.28,RS,TikTok
CLI02020,19,3044.0,MG,Instagram
CLI02021,41,5986.79,SC,Google
CLI02022,25,5952.31,SC,TikTok
CLI02023,28,4961.22,SC,Instagram
CLI02024,30,9263.78,MG,Instagram
CLI02025,34,6592.59,SP,Instagram
CLI02026,25,6189.48,MG,TikTok
CLI02027,38,6776.55,SP,Orgânico
CLI02028,35,11959.71,RS,Instagram
CLI02029,47,11657.69,PE,Orgânico
CLI02030,35,4309.92,SP,TikTok
CLI02031,63,4645.96,BA,Orgânico
CLI02032,64,7060.22,PE,Google
CLI02033,48,17476.83,MG,Google
CLI02034,55,7215.59,RS,Orgânico
CLI02035,49,7634.65,RJ,Instagram
CLI02036,28,6284.81,MG,TikTok
CLI02037,62,10930.79,PE,Google
CLI02038,42,6620.35,PE,Orgânico
CLI02039,50,11493.04,SC,Google
CLI02040,55,4418.09,RJ,Google
CLI02041,58,5701.73,PR,Orgânico
CLI02042,25,8171.84,RS,Instagram
CLI02043,28,6565.66,PR,Instagram
CLI02044,39,5682.72,PR,Google
CLI02045,68,4032.39,SC,TikTok
CLI02046,41,5217.64,BA,Instagram
CLI02047,58,8006.38,RS,Orgânico
CLI02048,34,7463.34,RS,TikTok
CLI02049,29,6693.57,BA,Orgânico
CLI02050,63,9155.0,SC,Google
CLI02051,49,6688.8,SP,Google
CLI02052,32,8863.5,RS,Google
CLI02053,33,5146.04,BA,Google
CLI02054,39,3799.97,SC,Orgânico
CLI02055,45,9439.8,BA,Google
CLI02056,37,10967.53,PE,Orgânico
CLI02057,50,8416.09,RS,Google
CLI02058,27,5349.81,SP,Instagram
CLI02059,57,9436.46,PR,Orgânico
CLI02060,49,6586.84,MG,Google
CLI02061,67,11949.64,MG,Google
CLI02062,50,8605.0,RS,Orgânico
CLI02063,19,1564.65,PE,TikTok
CLI02064,50,15329.61,SC,Orgânico
CLI02065,50,7651.36,RS,Google
CLI02066,58,8764.83,PR,Instagram
CLI02067,30,4896.95,RS,TikTok
CLI02068,47,7610.32,PR,Orgânico
CLI02069,50,9345.99,SP,Google
CLI02070,30,5702.23,BA,TikTok
CLI02071,69,9789.63,BA,Google
CLI02072,43,9555.29,BA,Instagram
CLI02073,39,7752.41,SP,Orgânico
CLI02074,56,13477.17,PR,TikTok
CLI02075,19,3075.62,RS,TikTok
CLI02076,55,2120.12,BA,Google
CLI02077,56,4305.75,BA,Google
CLI02078,43,7665.33,SC,Orgânico
CLI02079,63,2624.41,SC,Orgânico
CLI02080,67,5132.56,PE,Orgânico
CLI02081,32,2572.51,PR,TikTok
CLI02082,51,7177.61,PE,Google
CLI02083,59,6691.94,RS,Google
CLI02084,61,6557.73,PE,Google
CLI02085,66,13568.4,PE,Orgânico
CLI02086,57,4402.77,RS,Google
CLI02087,28,4572.09,MG,Instagram
CLI02088,20,3661.12,MG,Google
CLI02089,23,2147.17,SP,TikTok
CLI02090,26,5621.0,RS,TikTok
CLI02091,23,4529.6,PR,Instagram
CLI02092,26,4006.94,MG,Orgânico
CLI02093,56,7676.0,SC,Orgânico
CLI02094,48,1848.41,RJ,Google
CLI02095,49,11918.3,RJ,Google
CLI02096,58,14211.37,RS,Google
CLI02097,67,7469.74,PE,Google
CLI02098,29,6311.35,PR,TikTok
CLI02099,25,6110.96,PE,Instagram
CLI02100,25,6485.81,SP,Orgânico
CLI02101,67,7493.61,RJ,Google
CLI02102,45,7343.96,SC,Orgânico
CLI02103,37,4309.54,SC,Google
CLI02104,64,2976.35,SC,Google
CLI02105,24,1878.1,PE,TikTok
CLI02106,28,7272.36,RJ,TikTok
CLI02107,37,6515.16,MG,Orgânico
CLI02108,33,3398.53,PE,Instagram
CLI02109,21,3470.46,PE,Instagram
CLI02110,23,3769.88,BA,Google
CLI02111,39,3483.61,SC,Orgânico
CLI02112,43,6665.41,SP,Orgânico
CLI02113,20,2495.32,PR,Instagram
CLI02114,58,10212.98,PR,Orgânico
CLI02115,59,8347.6,PR,Google
CLI02116,31,10260.21,MG,TikTok
CLI02117,28,7502.56,PR,Instagram
CLI02118,35,6589.87,PR,Instagram
CLI02119,29,5320.36,RJ,TikTok
CLI02120,40,6364.27,MG,Instagram
CLI02121,29,8719.54,MG,TikTok
CLI02122,30,5910.58,RJ,TikTok
CLI02123,42,4227.77,SP,Orgânico
CLI02124,62,7974.81,BA,Instagram
CLI02125,68,9461.03,PR,Google
CLI02126,36,6494.58,PE,Google
CLI02127,63,10587.51,SP,Google
CLI02128,53,9060.7,RJ,TikTok
CLI02129,62,7210.83,RJ,Google
CLI02130,25,5730.71,RJ,TikTok
CLI02131,46,10523.39,PE,Orgânico
CLI02132,49,7548.54,RJ,Orgânico
CLI02133,68,5903.32,RS,Orgânico
CLI02134,61,6846.29,PE,Google
CLI02135,35,3715.04,SC,TikTok
CLI02136,23,2316.85,PE,TikTok
CLI02137,35,6344.32,RJ,TikTok
CLI02138,36,6307.53,SP,Orgânico
CLI02139,39,7743.69,RJ,Orgânico
CLI02140,54,8818.45,PE,Orgânico
CLI02141,49,11260.31,PE,Instagram
CLI02142,58,10676.99,SP,Orgânico
CLI02143,20,3909.9,RJ,TikTok
CLI02144,45,7608.82,RJ,Google
CLI02145,27,5498.42,SC,Instagram
CLI02146,68,10818.41,BA,Instagram
CLI02147,52,7735.85,PE,Instagram
CLI02148,46,7839.36,PE,Orgânico
CLI02149,32,6163.29,RJ,Instagram
CLI02150,50,12100.7,PR,Orgânico
CLI02151,24,3400.73,SC,Google
CLI02152,29,2791.76,PE,Instagram
CLI02153,66,4763.99,SC,Google
CLI02154,47,7175.5,PR,Google
CLI02155,38,6485.19,BA,Instagram
CLI02156,48,12255.46,RS,Instagram
CLI02157,41,3609.06,BA,Google
CLI02158,37,7249.21,SC,Orgânico
CLI02159,54,6287.9,RJ,Orgânico
CLI02160,21,2668.88,PE,Google
CLI02161,45,9444.36,PR,Orgânico
CLI02162,61,12704.44,BA,Orgânico
CLI02163,37,5101.43,RJ,Google
CLI02164,41,4063.83,PE,Google
CLI02165,67,3307.45,SC,Orgânico
CLI02166,66,8893.88,MG,Orgânico
CLI02167,68,3575.61,PR,Instagram
CLI02168,49,5403.31,SP,Google
CLI02169,58,8037.03,SC,Google
CLI02170,53,651.9,BA,Instagram
CLI02171,51,6860.82,BA,Google
CLI02172,53,4505.57,MG,Google
CLI02173,19,3114.39,SC,Orgânico
CLI02174,32,9878.93,RJ,Google
CLI02175,51,4792.37,RS,Orgânico
CLI02176,53,9408.44,RS,TikTok
CLI02177,23,4562.49,RJ,Instagram
CLI02178,56,6906.72,RS,TikTok
CLI02179,59,6211.62,RJ,Orgânico
CLI02180,68,6757.38,PE,Google
CLI02181,68,4675.44,PE,Google
CLI02182,29,3915.65,MG,Instagram
CLI02183,20,3188.98,RJ,Instagram
CLI02184,62,4011.44,PE,Instagram
CLI02185,35,6240.75,SC,TikTok
CLI02186,57,5928.74,SC,Google
CLI02187,38,4354.1,RS,Google
CLI02188,32,3072.99,SC,Instagram
CLI02189,50,3228.76,PR,Orgânico
CLI02190,52,8178.45,SC,Google
CLI02191,43,7814.47,RJ,Orgânico
CLI02192,25,5228.13,BA,TikTok
CLI02193,53,7877.82,BA,Google
CLI02194,65,6881.87,PR,Google
CLI02195,47,3632.31,PR,Google
CLI02196,40,7595.13,PR,Orgânico
CLI02197,59,11056.77,PR,Orgânico
CLI02198,61,13441.02,RS,Orgânico
CLI02199,31,8218.2,MG,Instagram
CLI02200,31,5790.46,BA,Instagram
CLI02201,19,2376.5,RS,Orgânico
CLI02202,54,12479.72,SC,Google
CLI02203,22,2752.83,MG,TikTok
CLI02204,55,10077.95,RS,Orgânico
CLI02205,62,5531.54,SP,Google
CLI02206,58,8989.55,PE,Google
CLI02207,64,10911.81,MG,Orgânico
CLI02208,31,484.29,RS,Instagram
CLI02209,56,6424.57,BA,Google
CLI02210,42,7054.66,BA,Google
CLI02211,37,7054.14,RS,Google
CLI02212,19,3953.01,PR,TikTok
CLI02213,56,10545.32,SC,Google
CLI02214,23,1627.17,RS,TikTok
CLI02215,34,7413.95,SC,Google
CLI02216,42,6499.45,RJ,Google
CLI02217,45,1167.13,RS,Orgânico
CLI02218,19,1874.33,MG,Instagram
CLI02219,52,6592.49,SC,Orgânico
CLI02220,54,10385.75,SP,Orgânico
CLI02221,22,3082.12,SP,Instagram
CLI02222,18,2761.76,BA,TikTok
CLI02223,57,9674.3,RS,Google
CLI02224,29,3430.11,MG,TikTok
CLI02225,53,7578.88,RS,Orgânico
CLI02226,62,5673.4,RS,Orgânico
CLI02227,40,8157.7,RJ,Google
CLI02228,64,5655.53,RS,Orgânico
CLI02229,48,8223.31,PE,Orgânico
CLI02230,28,2478.73,RS,TikTok
CLI02231,27,5429.81,BA,Instagram
CLI02232,20,2241.0,SP,Instagram
CLI02233,31,6159.39,RJ,Instagram
CLI02234,33,4790.25,BA,Instagram
CLI02235,27,4497.95,BA,Instagram
CLI02236,46,11023.87,BA,Orgânico
CLI02237,27,6909.35,MG,Google
CLI02238,29,7102.8,BA,Google
CLI02239,47,9307.43,RS,Orgânico
CLI02240,58,9572.61,SC,Google
CLI02241,18,2617.73,RJ,TikTok
CLI02242,22,2964.31,RS,Orgânico
CLI02243,37,1646.44,SP,Orgânico
CLI02244,25,6788.22,PE,Instagram
CLI02245,60,14148.52,RJ,Google
CLI02246,29,6124.3,SC,Instagram
CLI02247,18,3154.76,RS,Instagram
CLI02248,37,867.76,SC,Google
CLI02249,45,10691.59,PE,Orgânico
CLI02250,60,8344.69,BA,Orgânico
CLI02251,54,8460.32,SP,Google
CLI02252,64,97.05,RJ,Google
CLI02253,54,5499.98,RJ,Orgânico
CLI02254,29,6709.55,PE,Instagram
CLI02255,54,9964.0,PR,Orgânico
CLI02256,66,5145.04,SP,Google
CLI02257,66,3265.91,BA,Google
CLI02258,61,8379.74,RJ,Instagram
CLI02259,45,720.32,MG,Orgânico
CLI02260,64,4553.98,PR,Instagram
CLI02261,32,4686.46,PE,Instagram
CLI02262,23,1655.3,SP,Instagram
CLI02263,61,9461.75,PE,Orgânico
CLI02264,37,6707.13,SC,Orgânico
CLI02265,67,2149.49,SP,Instagram
CLI02266,31,4978.45,MG,Instagram
CLI02267,19,4093.11,MG,TikTok
CLI02268,26,7820.92,SC,TikTok
CLI02269,54,6949.27,SC,Orgânico
CLI02270,37,9338.77,SC,Orgânico
CLI02271,43,3230.81,PE,Orgânico
CLI02272,46,6977.18,BA,Google
CLI02273,18,2691.61,PR,TikTok
CLI02274,52,3741.57,BA,Orgânico
CLI02275,23,3934.19,PE,Instagram
CLI02276,54,5786.83,MG,Google
CLI02277,22,2316.41,SC,TikTok
CLI02278,50,6965.11,MG,Google
CLI02279,66,7059.98,PR,Orgânico
CLI02280,68,6005.44,RS,Google
CLI02281,31,6398.76,BA,Instagram
CLI02282,29,4308.74,PR,Instagram
CLI02283,59,6986.59,BA,Orgânico
CLI02284,37,5633.82,PE,Orgânico
CLI02285,67,4665.12,RS,Google
CLI02286,41,3642.12,MG,TikTok
CLI02287,60,7336.45,SC,Instagram
CLI02288,51,7616.4,PE,Google
CLI02289,42,4333.73,PE,Google
CLI02290,67,6708.47,RS,Google
CLI02291,46,10240.23,SP,Orgânico
CLI02292,56,9124.83,RJ,Orgânico
CLI02293,48,7679.44,MG,Instagram
CLI02294,64,5146.1,RS,Orgânico
CLI02295,60,10270.63,PR,Google
CLI02296,67,5220.99,BA,TikTok
CLI02297,40,8420.13,BA,Orgânico
CLI02298,61,7838.18,SC,Instagram
CLI02299,55,7378.71,PE,Google
CLI02300,37,5366.63,RS,TikTok
CLI02301,40,7042.01,RJ,Orgânico
CLI02302,62,3149.19,MG,Orgânico
CLI02303,69,12211.41,SP,Google
CLI02304,33,4294.46,SP,Google
CLI02305,67,7615.66,PR,Google
CLI02306,59,7597.32,PR,Orgânico
CLI02307,25,2915.61,PR,TikTok
CLI02308,67,13799.58,MG,Google
CLI02309,38,6926.54,PE,Orgânico
CLI02310,18,3026.75,SP,TikTok
CLI02311,25,6853.58,PE,Google
CLI02312,46,3669.23,SP,Orgânico
CLI02313,49,2678.08,PR,Google
CLI02314,55,5612.47,PR,Google
CLI02315,22,3360.12,BA,Instagram
CLI02316,64,11236.49,SC,Google
CLI02317,39,7590.87,BA,Google
CLI02318,64,7245.08,SP,Instagram
CLI02319,51,11328.15,PR,Google
CLI02320,18,3052.02,BA,TikTok
CLI02321,43,3948.11,PR,Orgânico
CLI02322,60,2198.62,PR,Instagram
CLI02323,27,3330.35,RS,Instagram
CLI02324,47,5568.98,SC,TikTok
CLI02325,67,8047.09,SP,Orgânico
CLI02326,35,7645.72,SP,TikTok
CLI02327,34,4153.76,SP,Orgânico
CLI02328,43,5855.14,SC,Orgânico
CLI02329,25,4331.25,MG,Google
CLI02330,64,5288.45,SC,TikTok
CLI02331,57,13050.12,BA,Google
CLI02332,66,7501.55,RS,Orgânico
CLI02333,29,10968.29,RJ,Instagram
CLI02334,44,8384.95,BA,Google
CLI02335,25,6408.0,RS,Instagram
CLI02336,42,7354.3,BA,Google
CLI02337,63,10282.8,SC,Orgânico
CLI02338,21,1608.64,BA,TikTok
CLI02339,50,7338.77,RJ,Orgânico
CLI02340,18,1180.3,BA,TikTok
CLI02341,36,5517.89,RS,Google
CLI02342,48,5117.06,PR,Orgânico
CLI02343,33,8481.88,BA,Orgânico
CLI02344,31,7692.7,PE,Orgânico
CLI02345,65,10722.37,RJ,Orgânico
CLI02346,22,2959.36,SC,TikTok
CLI02347,58,2668.36,MG,Google
CLI02348,43,8226.0,SP,Instagram
CLI02349,45,9468.94,SC,Google
CLI02350,19,4350.04,SP,Instagram
CLI02351,67,11027.98,RS,TikTok
CLI02352,23,3581.44,RJ,Instagram
CLI02353,26,8228.16,PR,Instagram
CLI02354,50,4955.62,PE,Google
CLI02355,58,8937.36,PR,TikTok
CLI02356,42,7065.19,SC,Orgânico
CLI02357,65,8430.25,PE,Google
CLI02358,30,9579.58,BA,TikTok
CLI02359,26,6592.37,RJ,Google
CLI02360,30,6320.52,PE,Instagram
CLI02361,48,6954.06,RJ,Orgânico
CLI02362,58,8353.87,SP,Orgânico
CLI02363,28,6717.11,RS,Instagram
CLI02364,21,2496.77,BA,Instagram
CLI02365,51,6757.27,RS,Orgânico
CLI02366,55,6431.38,RJ,Google
CLI02367,63,9066.21,BA,Google
CLI02368,21,1823.1,MG,Orgânico
CLI02369,55,3559.2,PR,Orgânico
CLI02370,36,5720.97,RS,Orgânico
CLI02371,23,3845.38,PE,Google
CLI02372,51,2435.64,PE,Orgânico
CLI02373,35,4565.43,MG,Instagram
CLI02374,30,7320.52,RS,TikTok
CLI02375,58,6075.3,MG,Orgânico
CLI02376,40,5955.23,SP,Google
CLI02377,36,7303.68,RJ,Google
CLI02378,62,6932.51,SP,Google
CLI02379,28,4649.92,RS,Instagram
CLI02380,18,3009.5,PR,Instagram
CLI02381,41,6173.39,BA,Orgânico
CLI02382,24,4087.44,SP,Google
CLI02383,42,9058.2,RS,Google
CLI02384,38,8235.04,PE,Orgânico
CLI02385,32,8240.26,MG,TikTok
CLI02386,18,3062.75,BA,Instagram
CLI02387,29,7587.87,SP,Instagram
CLI02388,24,2332.58,PE,Instagram
CLI02389,32,3581.35,RJ,TikTok
CLI02390,38,6605.49,SP,Google
CLI02391,36,6512.72,RJ,Google
CLI02392,46,14843.0,PE,Instagram
CLI02393,42,5744.01,BA,Orgânico
CLI02394,50,12742.44,BA,Orgânico
CLI02395,66,7083.31,MG,Google
CLI02396,49,10399.71,RJ,Orgânico
CLI02397,66,12185.1,RJ,Google
CLI02398,52,12169.86,BA,Orgânico
CLI02399,61,6246.9,RS,Google
CLI02400,55,5427.84,RJ,Google
CLI02401,43,7181.38,BA,Orgânico
CLI02402,28,3182.03,BA,TikTok
CLI02403,52,8717.79,RS,Google
CLI02404,25,6606.31,RJ,Instagram
CLI02405,63,11248.13,PR,Google
CLI02406,31,4500.67,SC,TikTok
CLI02407,27,5331.89,RS,Instagram
CLI02408,19,2987.55,PE,TikTok
CLI02409,63,8550.1,PR,Orgânico
CLI02410,26,8972.3,SP,Instagram
CLI02411,20,2499.27,PR,Google
CLI02412,38,5553.2,PR,Instagram
CLI02413,43,5605.78,RJ,Orgânico
CLI02414,25,7516.13,SP,TikTok
CLI02415,65,4661.13,SP,Google
CLI02416,19,2152.96,PE,Instagram
CLI02417,23,2427.59,PE,Orgânico
CLI02418,45,9176.55,MG,Instagram
CLI02419,46,10282.49,RJ,Google
CLI02420,43,3982.94,PR,Google
CLI02421,42,5506.28,MG,Google
CLI02422,29,2879.13,MG,TikTok
CLI02423,22,3365.0,RS,TikTok
CLI02424,51,7079.04,BA,Google
CLI02425,65,10893.73,PE,Orgânico
CLI02426,54,4495.37,BA,Instagram
CLI02427,32,8898.58,BA,Instagram
CLI02428,61,9558.39,PR,Google
CLI02429,53,9328.56,BA,Google
CLI02430,32,10519.2,SP,Instagram
CLI02431,60,9796.74,RJ,Google
CLI02432,65,8542.23,PE,Google
CLI02433,40,8727.09,RJ,Google
CLI02434,23,4231.36,PR,TikTok
CLI02435,63,8854.24,BA,Orgânico
CLI02436,67,3650.75,RJ,Google
CLI02437,61,12139.21,PE,Orgânico
CLI02438,60,9601.51,SC,Google
CLI02439,62,3858.96,PE,Orgânico
CLI02440,38,8766.11,BA,Orgânico
CLI02441,40,4976.26,MG,Orgânico
CLI02442,60,6305.71,MG,Orgânico
CLI02443,33,8829.49,SC,Instagram
CLI02444,64,5070.94,RJ,Google
CLI02445,32,4862.92,SP,Instagram
CLI02446,42,5425.28,RS,Orgânico
CLI02447,53,9857.95,PE,Orgânico
CLI02448,28,9748.85,SC,TikTok
CLI02449,68,10812.34,SC,Google
CLI02450,32,4783.69,PE,TikTok
CLI02451,21,4895.43,BA,Instagram
CLI02452,38,6487.65,BA,Google
CLI02453,30,3513.28,PE,Instagram
CLI02454,39,6160.08,MG,Google
CLI02455,36,8644.81,PE,Google
CLI02456,51,5790.72,SP,Google
CLI02457,31,7653.17,SP,TikTok
CLI02458,21,3968.54,RJ,Orgânico
CLI02459,65,8473.31,SP,Instagram
CLI02460,69,10163.66,RJ,Orgânico
CLI02461,63,4353.92,BA,Orgânico
CLI02462,44,6882.17,PE,Orgânico
CLI02463,46,6176.46,BA,Orgânico
CLI02464,64,13490.05,PR,Orgânico
CLI02465,45,7062.02,PE,Orgânico
CLI02466,52,11112.92,SC,Google
CLI02467,25,7697.61,RS,TikTok
CLI02468,33,5871.16,RS,TikTok
CLI02469,59,7119.18,BA,Google
CLI02470,53,1907.65,SC,Instagram
CLI02471,47,9802.65,RJ,Google
CLI02472,35,5566.57,RJ,Instagram
CLI02473,19,4048.93,RJ,TikTok
CLI02474,66,7952.12,BA,Orgânico
CLI02475,30,1565.43,SC,Instagram
CLI02476,21,2815.15,RJ,Instagram
CLI02477,43,7420.85,SC,Orgânico
CLI02478,42,3888.31,RS,Orgânico
CLI02479,47,8071.17,BA,Orgânico
CLI02480,28,7902.04,SC,Instagram
CLI02481,24,3847.65,RS,Google
CLI02482,48,9431.63,BA,Orgânico
CLI02483,61,10089.9,MG,Google
CLI02484,27,5149.61,BA,Instagram
CLI02485,56,8434.47,RS,Google
CLI02486,30,7619.56,MG,Instagram
CLI02487,48,12386.22,PR,Orgânico
CLI02488,24,2595.61,BA,Instagram
CLI02489,66,5992.84,PR,Orgânico
CLI02490,59,10557.5,BA,Orgânico
CLI02491,59,9689.89,BA,Google
CLI02492,53,5535.19,BA,Orgânico
CLI02493,37,1967.41,RS,TikTok
CLI02494,21,4577.88,SP,Instagram
CLI02495,24,3371.4,RJ,Orgânico
CLI02496,18,3487.31,RS,Instagram
CLI02497,61,10180.35,RS,Google
CLI02498,62,6520.18,SC,Orgânico
CLI02499,59,9004.4,SP,Orgânico
CLI02500,64,11910.08,MG,Orgânico
CLI02501,30,8738.23,SC,Google
CLI02502,39,5211.68,RS,Instagram
CLI02503,38,2765.7,PE,Orgânico
CLI02504,39,4946.09,BA,Orgânico
CLI02505,45,6996.67,PE,Instagram
CLI02506,26,8074.93,PE,TikTok
CLI02507,43,9443.93,PE,Google
CLI02508,26,8843.79,SP,Instagram
CLI02509,32,4069.24,RS,TikTok
CLI02510,27,8260.33,MG,TikTok
CLI02511,41,6782.57,BA,Orgânico
CLI02512,59,12458.49,BA,Orgânico
CLI02513,25,5576.18,PR,Google
CLI02514,41,4580.31,RJ,TikTok
CLI02515,33,6074.18,BA,Instagram
CLI02516,66,2115.74,RJ,Orgânico
CLI02517,43,3944.01,SP,Orgânico
CLI02518,44,6958.24,MG,Google
CLI02519,54,5823.96,SP,Orgânico
CLI02520,21,3459.23,MG,Instagram
CLI02521,67,7358.46,PE,Google
CLI02522,41,5479.14,MG,Orgânico
CLI02523,36,5394.45,BA,Orgânico
CLI02524,53,7704.52,RJ,Google
CLI02525,56,6744.56,PR,Google
CLI02526,27,6169.6,PR,Instagram
CLI02527,42,959.12,SC,Orgânico
CLI02528,35,6033.41,BA,TikTok
CLI02529,36,2345.61,MG,Orgânico
CLI02530,53,9288.22,RJ,Orgânico
CLI02531,27,3329.35,MG,Instagram
CLI02532,50,5319.69,RS,Orgânico
CLI02533,67,10264.95,PE,Google
CLI02534,22,1589.41,BA,Instagram
CLI02535,64,8533.92,SC,Google
CLI02536,66,6706.05,RS,Orgânico
CLI02537,52,6779.81,PE,Google
CLI02538,61,7394.61,RJ,Orgânico
CLI02539,51,4304.5,MG,Google
CLI02540,50,7882.19,PR,Google
CLI02541,38,5878.23,PR,Orgânico
CLI02542,34,6380.62,SC,Google
CLI02543,39,7529.2,PE,Instagram
CLI02544,65,11192.25,BA,Google
CLI02545,54,13717.71,RS,Google
CLI02546,32,9016.67,PR,Instagram
CLI02547,52,10074.54,MG,Orgânico
CLI02548,45,1211.57,SC,TikTok
CLI02549,24,3031.77,RS,TikTok
CLI02550,49,8273.36,SP,Orgânico
CLI02551,28,9835.7,SC,Instagram
CLI02552,27,5741.84,PR,Instagram
CLI02553,26,4061.14,RJ,Instagram
CLI02554,31,5459.42,PE,Instagram
CLI02555,30,12193.39,SC,TikTok
CLI02556,42,2861.29,MG,Google
CLI02557,19,1788.94,RS,TikTok
CLI02558,52,8763.14,SC,Google
CLI02559,24,4411.93,PR,Instagram
CLI02560,38,3594.62,SC,Google
CLI02561,35,5782.5,PE,TikTok
CLI02562,20,3630.56,MG,Instagram
CLI02563,59,2523.09,MG,Orgânico
CLI02564,56,13144.35,PR,Google
CLI02565,58,7361.98,BA,TikTok
CLI02566,66,16127.83,MG,Google
CLI02567,28,5673.19,PR,Instagram
CLI02568,56,7370.13,PE,Orgânico
CLI02569,41,5923.66,PE,Google
CLI02570,63,1942.14,SC,Instagram
CLI02571,36,8466.08,SC,Orgânico
CLI02572,21,3817.3,SP,TikTok
CLI02573,43,5381.34,PR,Google
CLI02574,55,7137.77,RJ,Orgânico
CLI02575,59,7683.99,PR,Google
CLI02576,49,10625.69,SC,Orgânico
CLI02577,56,14317.93,RS,Google
CLI02578,62,9148.65,SC,Google
CLI02579,63,14425.38,MG,Orgânico
CLI02580,53,8511.3,SP,Orgânico
CLI02581,57,9354.27,RJ,Instagram
CLI02582,54,8984.71,BA,Google
CLI02583,50,11660.9,SP,Google
CLI02584,53,6733.04,PR,Google
CLI02585,20,2741.57,RS,TikTok
CLI02586,26,4189.33,PE,TikTok
CLI02587,25,3089.42,PR,Instagram
CLI02588,50,6089.77,SC,Google
CLI02589,23,3758.51,MG,Instagram
CLI02590,58,7051.76,RJ,Google
CLI02591,56,11396.4,BA,Google
CLI02592,21,4019.55,RS,TikTok
CLI02593,30,7512.18,MG,TikTok
CLI02594,66,3928.15,RJ,Google
CLI02595,19,1203.53,RS,Orgânico
CLI02596,22,3156.32,SP,TikTok
CLI02597,61,9193.53,BA,Google
CLI02598,44,4767.8,SC,Orgânico
CLI02599,49,10472.73,MG,Orgânico
CLI02600,38,4266.53,PR,TikTok
CLI02601,25,6307.7,BA,TikTok
CLI02602,55,13694.35,SC,Google
CLI02603,25,8438.86,RJ,Instagram
CLI02604,67,6643.6,BA,Google
CLI02605,20,3983.09,RS,TikTok
CLI02606,61,4763.45,BA,Google
CLI02607,20,3200.5,SC,Google
CLI02608,39,6137.5,PR,Instagram
CLI02609,23,2788.52,PR,Orgânico
CLI02610,19,2380.64,PE,Google
CLI02611,40,6764.26,RJ,Orgânico
CLI02612,61,5088.95,SC,Google
CLI02613,19,2152.63,MG,TikTok
CLI02614,55,3632.1,SC,Google
CLI02615,34,4841.63,BA,TikTok
CLI02616,52,1351.64,PR,Google
CLI02617,51,1536.85,RS,Orgânico
CLI02618,40,6871.37,PE,Instagram
CLI02619,47,5905.37,RJ,Orgânico
CLI02620,69,12397.18,SP,Orgânico
CLI02621,25,9077.69,SP,TikTok
CLI02622,39,7822.52,RS,Google
CLI02623,61,6860.64,SC,Google
CLI02624,53,9818.26,PR,Google
CLI02625,22,3164.36,SC,Instagram
CLI02626,30,5210.64,RJ,Instagram
CLI02627,46,2537.45,MG,Instagram
CLI02628,48,9007.26,SP,Orgânico
CLI02629,64,8786.25,SC,Instagram
CLI02630,33,9644.79,PR,Orgânico
CLI02631,59,8644.75,RS,Google
CLI02632,47,14078.59,PE,Orgânico
CLI02633,33,3947.86,BA,Instagram
CLI02634,29,5640.53,BA,Orgânico
CLI02635,34,6143.33,SP,Instagram
CLI02636,33,7393.26,SP,Instagram
CLI02637,29,7274.67,MG,Instagram
CLI02638,25,6339.08,SC,Instagram
CLI02639,37,6240.7,MG,Google
CLI02640,20,1731.32,PR,TikTok
CLI02641,33,4282.83,PR,Instagram
CLI02642,47,11223.01,PE,Orgânico
CLI02643,62,5386.43,PE,Orgânico
CLI02644,40,8910.82,SC,Orgânico
CLI02645,45,11844.83,SP,TikTok
CLI02646,68,6846.22,RJ,TikTok
CLI02647,57,11467.98,MG,TikTok
CLI02648,22,1360.42,BA,Instagram
CLI02649,37,7108.51,SP,Google
CLI02650,57,5489.73,RS,Google
CLI02651,61,8642.9,PR,Google
CLI02652,18,2647.78,BA,TikTok
CLI02653,47,13133.9,PR,Google
CLI02654,38,5989.34,SP,Google
CLI02655,37,7671.94,SP,TikTok
CLI02656,23,1303.93,RS,TikTok
CLI02657,39,6921.58,PR,Orgânico
CLI02658,35,5213.22,MG,TikTok
CLI02659,25,7793.42,MG,Orgânico
CLI02660,56,16883.85,SP,Orgânico
CLI02661,49,3866.18,SC,Google
CLI02662,50,4096.45,PR,Google
CLI02663,33,2920.75,RJ,Orgânico
CLI02664,29,3610.63,PR,TikTok
CLI02665,55,4919.23,PE,Orgânico
CLI02666,69,5745.01,MG,Orgânico
CLI02667,51,9861.45,MG,Google
CLI02668,31,3923.0,RJ,Google
CLI02669,53,4600.41,MG,TikTok
CLI02670,50,6804.38,RJ,Google
CLI02671,40,5014.69,MG,Google
CLI02672,67,11030.05,RS,Google
CLI02673,62,5298.08,RJ,Google
CLI02674,19,3211.43,SC,TikTok
CLI02675,58,9745.01,PR,Google
CLI02676,38,5951.66,PE,Google
CLI02677,19,2305.62,PE,Instagram
CLI02678,44,3679.96,MG,Orgânico
CLI02679,26,9312.65,SP,TikTok
CLI02680,18,2097.13,RJ,TikTok
CLI02681,28,6094.21,RJ,TikTok
CLI02682,20,3698.23,RJ,TikTok
CLI02683,69,2677.67,MG,Instagram
CLI02684,40,6800.86,PR,Google
CLI02685,43,8863.78,SP,Instagram
CLI02686,21,2020.0,RJ,TikTok
CLI02687,35,3236.9,BA,TikTok
CLI02688,23,2533.02,RJ,Instagram
CLI02689,52,5432.36,RJ,Google
CLI02690,39,4941.95,RS,Orgânico
CLI02691,60,9842.65,RJ,Google
CLI02692,32,3774.47,SP,Orgânico
CLI02693,39,7896.68,RJ,Orgânico
CLI02694,54,9191.62,RS,Orgânico
CLI02695,69,5215.44,SP,Orgânico
CLI02696,59,7700.82,SP,Google
CLI02697,29,3871.91,RJ,TikTok
CLI02698,64,14799.47,SC,Orgânico
CLI02699,66,12409.84,PE,Google
CLI02700,59,11189.14,SP,Instagram
CLI02701,55,3529.07,PE,Google
CLI02702,35,6429.73,SC,TikTok
CLI02703,62,8563.0,SP,Google
CLI02704,52,11670.38,RS,Google
CLI02705,47,8967.19,BA,Orgânico
CLI02706,41,6421.85,MG,Google
CLI02707,59,8701.35,RJ,Google
CLI02708,47,2583.1,MG,Google
CLI02709,31,8206.35,PE,Instagram
CLI02710,23,3486.36,PE,Instagram
CLI02711,20,2395.6,SP,TikTok
CLI02712,33,6657.07,MG,TikTok
CLI02713,24,4157.56,RJ,TikTok
CLI02714,69,3197.02,PE,Google
CLI02715,31,4789.87,BA,Google
CLI02716,26,4876.8,RJ,Instagram
CLI02717,32,3601.44,BA,Instagram
CLI02718,38,7499.17,SP,Orgânico
CLI02719,52,12657.65,SP,Google
CLI02720,19,2592.72,SC,TikTok
CLI02721,44,3487.69,PR,Instagram
CLI02722,19,2320.72,BA,Instagram
CLI02723,52,10982.94,PE,Orgânico
CLI02724,35,5674.09,PE,Instagram
CLI02725,31,6126.37,BA,Instagram
CLI02726,37,6483.83,MG,Google
CLI02727,35,2871.8,SC,Instagram
CLI02728,27,6449.63,BA,Google
CLI02729,42,3917.14,PE,Orgânico
CLI02730,19,49.31,MG,TikTok
CLI02731,42,7435.86,PE,Google
CLI02732,50,2060.54,RJ,Google
CLI02733,53,10180.47,SP,Orgânico
CLI02734,48,12303.34,MG,Instagram
CLI02735,31,6377.34,PR,Instagram
CLI02736,18,4196.02,PE,Google
CLI02737,63,13132.55,RJ,Google
CLI02738,33,11486.23,RS,TikTok
CLI02739,63,7802.69,RJ,Instagram
CLI02740,69,13081.87,SC,Orgânico
CLI02741,20,2357.51,PR,Instagram
CLI02742,52,6037.92,RJ,Orgânico
CLI02743,58,10446.52,PR,TikTok
CLI02744,23,3675.56,SP,Google
CLI02745,42,8969.04,RS,Google
CLI02746,30,11781.29,BA,TikTok
CLI02747,51,8556.19,PR,Orgânico
CLI02748,25,5264.27,SC,Instagram
CLI02749,38,3981.59,SC,Google
CLI02750,51,10571.77,MG,Orgânico
CLI02751,21,3772.26,PE,Instagram
CLI02752,42,4303.87,RS,Orgânico
CLI02753,32,5593.69,SP,Instagram
CLI02754,21,2665.77,SP,TikTok
CLI02755,62,4663.0,PR,Instagram
CLI02756,29,4200.76,SC,TikTok
CLI02757,49,11485.75,SC,Google
CLI02758,49,10022.48,SC,Google
CLI02759,45,7619.04,BA,Google
CLI02760,30,5316.76,SP,TikTok
CLI02761,48,5805.51,SC,Google
CLI02762,31,8844.52,MG,Instagram
CLI02763,37,6439.74,RJ,Orgânico
CLI02764,35,5774.06,SC,Instagram
CLI02765,46,3251.13,MG,Orgânico
CLI02766,23,4635.59,MG,TikTok
CLI02767,49,8869.15,RJ,Google
CLI02768,46,4387.55,PE,TikTok
CLI02769,60,6019.07,SP,Orgânico
CLI02770,19,2692.41,SC,Instagram
CLI02771,40,8460.97,RS,Orgânico
CLI02772,36,3323.34,MG,Google
CLI02773,48,4702.16,PE,TikTok
CLI02774,68,4114.93,MG,Google
CLI02775,22,4215.96,BA,Orgânico
CLI02776,36,8013.25,RJ,Orgânico
CLI02777,51,13827.14,RS,Google
CLI02778,27,7908.33,PE,Orgânico
CLI02779,42,5246.45,MG,TikTok
CLI02780,19,3113.64,SC,TikTok
CLI02781,28,4004.49,SP,TikTok
CLI02782,67,8636.4,MG,Orgânico
CLI02783,48,5601.2,SP,Google
CLI02784,32,9220.15,MG,TikTok
CLI02785,26,8378.57,MG,TikTok
CLI02786,40,8666.88,PE,Google
CLI02787,36,6249.56,SC,Instagram
CLI02788,26,6515.72,PE,TikTok
CLI02789,52,7646.23,SP,Orgânico
CLI02790,38,7991.57,RS,Google
CLI02791,26,6759.67,PR,Instagram
CLI02792,45,6091.16,SC,Google
CLI02793,63,6532.75,SP,Orgânico
CLI02794,68,6844.01,SP,Orgânico
CLI02795,24,2828.37,SP,Google
CLI02796,33,6653.34,BA,TikTok
CLI02797,33,4129.13,PR,TikTok
CLI02798,50,10522.34,SC,Google
CLI02799,21,3426.23,BA,Instagram
CLI02800,21,2355.58,PR,TikTok
CLI02801,56,8604.56,MG,Instagram
CLI02802,57,7817.39,RJ,Orgânico
CLI02803,34,8245.54,PR,Google
CLI02804,54,7372.7,MG,Google
CLI02805,56,1842.61,PR,Google
CLI02806,69,11782.52,SP,Google
CLI02807,46,7848.64,RJ,Orgânico
CLI02808,69,3757.24,RJ,Orgânico
CLI02809,53,9445.29,RS,Instagram
CLI02810,55,5432.49,MG,Orgânico
CLI02811,56,9686.42,BA,Orgânico
CLI02812,67,10644.97,BA,Instagram
CLI02813,54,11058.91,RS,Google
CLI02814,69,7517.25,PR,Google
CLI02815,52,6758.67,PR,Google
CLI02816,24,1872.86,BA,Instagram
CLI02817,44,4670.07,PR,Instagram
CLI02818,45,7948.31,MG,Orgânico
CLI02819,39,5635.37,PR,Instagram
CLI02820,31,6212.87,PE,Instagram
CLI02821,24,2474.37,RJ,Instagram
CLI02822,54,7673.73,PE,Orgânico
CLI02823,39,8439.89,RJ,Orgânico
CLI02824,22,2760.24,SC,Google
CLI02825,19,4260.7,PR,TikTok
CLI02826,44,3542.11,PR,Google
CLI02827,38,6299.74,RS,Google
CLI02828,55,5839.44,RJ,Orgânico
CLI02829,32,8914.88,RJ,Instagram
CLI02830,38,7372.58,SP,Orgânico
CLI02831,27,8480.77,SP,Instagram
CLI02832,40,3936.0,SC,Orgânico
CLI02833,56,3655.75,RJ,Google
CLI02834,22,3534.04,SC,TikTok
CLI02835,18,2428.75,PR,TikTok
CLI02836,30,5709.54,PR,TikTok
CLI02837,38,5835.11,RJ,Google
CLI02838,43,7374.28,MG,Google
CLI02839,67,5841.78,PE,Google
CLI02840,62,8584.33,SC,TikTok
CLI02841,38,4241.73,MG,Google
CLI02842,35,2162.82,PE,Instagram
CLI02843,54,3025.66,PE,Orgânico
CLI02844,62,6456.34,PR,Orgânico
CLI02845,49,4668.56,RS,Google
CLI02846,53,9654.94,BA,Instagram
CLI02847,34,6082.77,SC,TikTok
CLI02848,52,10222.05,PR,Google
CLI02849,66,9027.13,SP,Orgânico
CLI02850,28,1481.23,RJ,TikTok
CLI02851,38,6392.54,SP,Orgânico
CLI02852,69,10378.3,BA,Instagram
CLI02853,43,6688.27,BA,Google
CLI02854,21,1662.59,SC,Orgânico
CLI02855,51,7563.62,SP,Instagram
CLI02856,69,12987.1,RS,Google
CLI02857,65,10554.64,BA,Google
CLI02858,35,4362.95,PE,TikTok
CLI02859,57,2849.92,SC,Google
CLI02860,52,8518.51,MG,Orgânico
CLI02861,58,7534.96,RJ,Orgânico
CLI02862,46,7509.03,PE,Orgânico
CLI02863,69,3309.76,MG,Google
CLI02864,46,4736.69,RS,Orgânico
CLI02865,55,7795.95,PR,Orgânico
CLI02866,59,11343.07,BA,Google
CLI02867,38,8845.19,RJ,Instagram
CLI02868,59,6800.18,SP,Orgânico
CLI02869,30,6237.19,SC,TikTok
CLI02870,66,7109.53,RJ,TikTok
CLI02871,58,7613.63,PR,Google
CLI02872,34,7414.12,BA,Orgânico
CLI02873,26,4193.59,PE,Instagram
CLI02874,58,9715.39,MG,Google
CLI02875,18,2235.15,BA,Orgânico
CLI02876,19,4854.11,PR,Instagram
CLI02877,65,9333.12,SP,Orgânico
CLI02878,46,13827.67,SC,Orgânico
CLI02879,50,4046.69,BA,Google
CLI02880,27,6018.58,SC,Instagram
CLI02881,67,10606.17,SP,Instagram
CLI02882,57,6085.36,SC,Google
CLI02883,38,7817.78,PE,Orgânico
CLI02884,45,12930.31,RJ,Google
CLI02885,28,6737.83,RJ,TikTok
CLI02886,51,8724.41,SP,Orgânico
CLI02887,25,3335.74,SP,TikTok
CLI02888,39,6796.47,PR,Orgânico
CLI02889,25,9713.34,SC,TikTok
CLI02890,66,8498.91,BA,Orgânico
CLI02891,32,2811.63,RS,Instagram
CLI02892,34,6060.54,MG,TikTok
CLI02893,40,3572.58,PE,Google
CLI02894,41,7727.21,SP,Orgânico
CLI02895,62,4310.51,PE,Google
CLI02896,36,5658.18,PR,Google
CLI02897,22,2817.78,SP,Instagram
CLI02898,49,9307.39,BA,Google
CLI02899,61,4194.62,PE,Google
CLI02900,18,3812.18,SP,TikTok
CLI02901,40,3224.49,RJ,Orgânico
CLI02902,54,9524.44,RS,Google
CLI02903,25,5229.2,SC,Instagram
CLI02904,30,6334.09,RS,Google
CLI02905,25,6570.56,PE,Instagram
CLI02906,40,6644.04,SP,Orgânico
CLI02907,60,8344.55,SC,Google
CLI02908,18,3902.23,PR,TikTok
CLI02909,62,16293.35,PE,Instagram
CLI02910,68,9389.29,SP,Orgânico
CLI02911,41,4544.1,RS,Orgânico
CLI02912,52,10177.13,MG,Orgânico
CLI02913,41,10254.59,RS,Google
CLI02914,34,2309.15,RJ,Orgânico
CLI02915,22,1927.61,MG,Orgânico
CLI02916,37,9793.21,PE,Google
CLI02917,38,5910.8,RJ,Orgânico
CLI02918,57,3437.91,SP,Orgânico
CLI02919,48,10197.24,RS,Google
CLI02920,63,8638.57,PE,TikTok
CLI02921,53,5786.7,SP,Orgânico
CLI02922,28,6384.74,PE,TikTok
CLI02923,69,9984.3,SC,Orgânico
CLI02924,32,3965.02,PE,TikTok
CLI02925,36,5772.81,RJ,Instagram
CLI02926,24,4378.46,PR,TikTok
CLI02927,68,9649.68,MG,Orgânico
CLI02928,45,6827.78,RS,Instagram
CLI02929,68,4251.88,PR,Google
CLI02930,60,9761.06,RJ,Google
CLI02931,22,3124.12,PE,TikTok
CLI02932,22,2681.37,PR,Orgânico
CLI02933,47,9520.72,RJ,Orgânico
CLI02934,49,12744.55,SC,Orgânico
CLI02935,25,5041.08,SC,Instagram
CLI02936,27,3943.86,PR,TikTok
CLI02937,55,11122.56,BA,Google
CLI02938,64,5787.32,BA,Orgânico
CLI02939,49,4105.42,PR,Orgânico
CLI02940,65,10436.96,PE,Orgânico
CLI02941,45,6781.51,RS,Orgânico
CLI02942,34,4245.73,BA,Google
CLI02943,48,6119.18,RJ,TikTok
CLI02944,25,7376.22,SC,TikTok
CLI02945,57,12209.1,RS,Orgânico
CLI02946,42,7458.74,PR,Orgânico
CLI02947,26,7775.25,RS,Instagram
CLI02948,19,2080.23,RJ,TikTok
CLI02949,32,3231.24,RJ,TikTok
CLI02950,67,3703.14,PR,TikTok
CLI02951,20,3513.56,PE,Google
CLI02952,66,14470.26,MG,Orgânico
CLI02953,53,6693.14,RS,Google
CLI02954,21,2340.28,SP,Instagram
CLI02955,31,6890.09,RJ,Google
CLI02956,58,34.43,SC,Google
CLI02957,58,9921.46,BA,Instagram
CLI02958,42,5641.34,RS,Google
CLI02959,67,7853.01,SP,Google
CLI02960,27,5204.52,RJ,TikTok
CLI02961,38,4831.0,RS,Google
CLI02962,53,3843.31,MG,TikTok
CLI02963,29,1912.46,SP,Orgânico
CLI02964,44,7753.52,SC,Orgânico
CLI02965,57,12069.74,PE,TikTok
CLI02966,19,3055.76,SP,Instagram
CLI02967,30,6523.15,RS,TikTok
CLI02968,49,8639.14,BA,Google
CLI02969,48,9802.18,PR,Google
CLI02970,33,4301.72,PE,Instagram
CLI02971,49,7869.1,RJ,Orgânico
CLI02972,49,6993.25,BA,Orgânico
CLI02973,51,6035.92,PR,Orgânico
CLI02974,28,9594.03,MG,TikTok
CLI02975,27,1956.01,SP,TikTok
CLI02976,32,7088.65,PR,TikTok
CLI02977,34,7717.33,PE,TikTok
CLI02978,57,11251.29,MG,Orgânico
CLI02979,35,4683.77,PR,TikTok
CLI02980,26,5511.81,SC,Instagram
CLI02981,42,4503.45,PR,Google
CLI02982,57,7141.19,RJ,Orgânico
CLI02983,31,3580.07,PE,Instagram
CLI02984,42,5770.42,RS,Google
CLI02985,67,8174.49,PR,Google
CLI02986,39,5599.73,PR,Google
CLI02987,69,4345.81,PR,Instagram
CLI02988,47,9691.64,BA,Google
CLI02989,37,4641.16,PR,Orgânico
CLI02990,38,6581.16,PR,Google
CLI02991,61,8283.33,SP,Orgânico
CLI02992,49,8663.64,SP,TikTok
CLI02993,68,2782.23,RS,Instagram
CLI02994,63,10511.07,BA,Orgânico
CLI02995,66,5460.67,SC,Orgânico
CLI02996,38,6920.66,SP,Orgânico
CLI02997,52,11857.71,MG,Instagram
CLI02998,49,13338.35,RJ,Google
CLI02999,47,2898.52,PR,Orgânico
CLI03000,56,8090.73,PR,TikTok
CLI03001,66,8818.74,PR,Orgânico
CLI03002,29,6887.35,SC,TikTok
CLI03003,58,10407.77,SC,Orgânico
CLI03004,64,8348.79,MG,Orgânico
CLI03005,35,6111.48,BA,TikTok
CLI03006,38,7329.53,PE,Google
CLI03007,30,1521.35,PR,TikTok
CLI03008,38,9088.67,PE,Orgânico
CLI03009,25,1591.04,SC,Instagram
CLI03010,63,6458.19,PR,Google
CLI03011,57,6691.79,SP,Google
CLI03012,63,8661.19,PR,Google
CLI03013,24,1451.66,MG,Instagram
CLI03014,40,5943.75,MG,Orgânico
CLI03015,61,6559.23,SC,Google
CLI03016,49,4344.86,PR,Orgânico
CLI03017,28,4605.34,PE,Google
CLI03018,39,5398.33,MG,Google
CLI03019,39,4767.7,SP,TikTok
CLI03020,60,8022.62,BA,Orgânico
CLI03021,42,3936.35,SC,Google
CLI03022,39,4221.5,SP,Instagram
CLI03023,45,8430.16,MG,Orgânico
CLI03024,46,5902.21,RS,Google
CLI03025,30,6983.17,PE,Instagram
CLI03026,35,6428.03,SC,TikTok
CLI03027,19,3618.28,PE,Google
CLI03028,46,11734.08,PE,TikTok
CLI03029,38,2516.57,PR,Google
CLI03030,32,4291.38,PE,Instagram
CLI03031,69,8394.43,RS,Orgânico
CLI03032,44,5954.64,RJ,Orgânico
CLI03033,67,6523.84,PR,Google
CLI03034,48,7516.33,BA,Orgânico
CLI03035,32,9959.9,PR,Instagram
CLI03036,68,10012.12,SP,Google
CLI03037,40,6168.68,PR,Orgânico
CLI03038,41,7698.91,RJ,Google
CLI03039,61,16659.64,SC,Orgânico
CLI03040,30,6056.94,SC,TikTok
CLI03041,39,7958.07,RS,TikTok
CLI03042,60,4507.06,RJ,Orgânico
CLI03043,54,10843.19,SP,Google
CLI03044,50,6496.61,RS,Google
CLI03045,20,2275.03,RJ,TikTok
CLI03046,36,4182.7,PE,Orgânico
CLI03047,40,10192.32,SC,Google
CLI03048,46,9315.64,RS,Orgânico
CLI03049,47,11018.7,RJ,Orgânico
CLI03050,56,10054.71,SP,Instagram
CLI03051,61,9952.46,PE,Orgânico
CLI03052,64,7805.7,RS,Google
CLI03053,42,6971.19,PE,Instagram
CLI03054,54,8866.69,PR,Orgânico
CLI03055,64,10464.22,PR,Google
CLI03056,25,7123.42,BA,TikTok
CLI03057,59,11630.76,SC,Google
CLI03058,33,6730.32,BA,Instagram
CLI03059,25,7649.77,SP,TikTok
CLI03060,18,3230.42,PR,Instagram
CLI03061,61,8317.92,PE,Google
CLI03062,22,3355.88,PE,Orgânico
CLI03063,20,3329.25,PR,Orgânico
CLI03064,18,2246.88,PR,TikTok
CLI03065,21,3896.77,MG,Instagram
CLI03066,57,12603.1,PR,Google
CLI03067,52,224.25,PE,Orgânico
CLI03068,49,14453.07,PE,Instagram
CLI03069,59,7138.08,MG,TikTok
CLI03070,51,7431.3,RJ,Orgânico
CLI03071,60,7819.95,SC,Google
CLI03072,42,7029.72,SC,Instagram
CLI03073,27,5280.05,RS,Instagram
CLI03074,38,6824.23,RS,Orgânico
CLI03075,63,11926.75,MG,Google
CLI03076,56,9696.79,SP,Google
CLI03077,44,7594.5,RS,Orgânico
CLI03078,44,2921.89,RS,Orgânico
CLI03079,19,2495.63,MG,Instagram
CLI03080,58,6364.18,BA,Google
CLI03081,65,10376.42,PR,Google
CLI03082,30,7390.54,RS,TikTok
CLI03083,26,6728.34,BA,Instagram
CLI03084,69,7253.26,SP,Google
CLI03085,53,715.65,BA,Orgânico
CLI03086,39,5625.04,SC,Google
CLI03087,59,10139.52,PE,Google
CLI03088,43,3877.05,RJ,TikTok
CLI03089,29,6231.24,RJ,Orgânico
CLI03090,34,4068.26,MG,Instagram
CLI03091,31,6853.08,PE,TikTok
CLI03092,31,8980.29,RS,Instagram
CLI03093,51,14618.04,MG,Orgânico
CLI03094,37,6260.3,MG,Instagram
CLI03095,28,10036.19,MG,Instagram
CLI03096,33,3624.8,BA,TikTok
CLI03097,68,8407.48,SC,Google
CLI03098,48,5293.46,PR,Google
CLI03099,23,2256.86,SC,Instagram
CLI03100,36,8583.5,RJ,Google
CLI03101,54,9215.87,PE,Orgânico
CLI03102,21,4511.42,BA,Instagram
CLI03103,64,7896.85,RJ,TikTok
CLI03104,21,2327.38,BA,Instagram
CLI03105,37,8210.63,RJ,Instagram
CLI03106,27,6089.0,PR,Instagram
CLI03107,41,4567.61,PR,Google
CLI03108,52,6157.75,SP,Instagram
CLI03109,43,7884.46,PR,Orgânico
CLI03110,54,7747.32,RJ,Instagram
CLI03111,55,8563.05,PR,Orgânico
CLI03112,38,6630.75,PR,Orgânico
CLI03113,57,8365.84,PR,TikTok
CLI03114,56,8355.64,MG,Instagram
CLI03115,38,4433.38,BA,Instagram
CLI03116,27,7570.51,PE,TikTok
CLI03117,55,2899.81,RS,Orgânico
CLI03118,63,8552.71,PE,Orgânico
CLI03119,21,2973.58,RS,TikTok
CLI03120,62,10041.65,PR,Google
CLI03121,37,7382.71,MG,Orgânico
CLI03122,34,4819.28,RJ,Instagram
CLI03123,24,4022.29,SP,Orgânico
CLI03124,21,3456.39,BA,Instagram
CLI03125,46,5469.23,BA,Google
CLI03126,31,4035.17,PE,Google
CLI03127,20,2749.73,SC,TikTok
CLI03128,41,8736.38,RS,Orgânico
CLI03129,54,4205.94,SP,Google
CLI03130,33,9247.72,PE,Google
CLI03131,69,7568.64,BA,Orgânico
CLI03132,21,2955.32,SC,TikTok
CLI03133,41,5623.03,RS,Google
CLI03134,51,11557.23,RJ,Orgânico
CLI03135,47,3684.09,MG,Orgânico
CLI03136,35,2317.01,PR,TikTok
CLI03137,36,5970.5,MG,Orgânico
CLI03138,48,12919.84,SC,Google
CLI03139,36,5931.66,PE,Orgânico
CLI03140,66,12556.98,RS,TikTok
CLI03141,63,6207.63,PR,Google
CLI03142,36,6389.55,PE,Google
CLI03143,39,7813.3,SC,Orgânico
CLI03144,41,6560.58,BA,Google
CLI03145,62,5628.41,SC,Orgânico
CLI03146,29,5275.2,RS,Orgânico
CLI03147,47,6678.39,BA,Orgânico
CLI03148,55,5930.7,PR,TikTok
CLI03149,48,12418.17,SP,Instagram
CLI03150,53,9642.59,PE,Google
CLI03151,36,7942.18,SP,Orgânico
CLI03152,65,6825.2,RS,TikTok
CLI03153,62,7442.06,RS,Orgânico
CLI03154,53,7254.27,SC,Google
CLI03155,47,9011.72,RJ,Orgânico
CLI03156,66,9925.41,PE,Google
CLI03157,50,7909.25,MG,Orgânico
CLI03158,35,5123.84,SP,Instagram
CLI03159,69,10281.71,PR,Google
CLI03160,66,8100.21,SC,Orgânico
CLI03161,45,3677.49,MG,Google
CLI03162,64,1594.12,RS,Orgânico
CLI03163,28,5552.66,BA,Instagram
CLI03164,62,5511.58,MG,Google
CLI03165,50,9293.19,SC,Google
CLI03166,34,4153.2,MG,Orgânico
CLI03167,23,1965.5,RJ,Orgânico
CLI03168,21,3067.1,SC,Instagram
CLI03169,37,6357.86,RS,Google
CLI03170,65,10850.95,MG,Orgânico
CLI03171,64,12041.89,MG,Orgânico
CLI03172,44,6849.1,RS,Orgânico
CLI03173,32,6915.34,SP,Google
CLI03174,23,3373.16,MG,Instagram
CLI03175,64,12408.77,PE,Orgânico
CLI03176,31,3476.25,MG,TikTok
CLI03177,28,8413.94,BA,Instagram
CLI03178,56,2004.14,PE,Orgânico
CLI03179,26,6278.7,SP,Orgânico
CLI03180,43,4733.34,SC,Orgânico
CLI03181,33,4766.29,BA,Instagram
CLI03182,22,3796.56,PE,Instagram
CLI03183,69,3044.8,SP,Google
CLI03184,27,7567.65,PE,Instagram
CLI03185,67,7291.79,PR,Orgânico
CLI03186,20,3740.54,PR,Instagram
CLI03187,30,6263.05,PE,TikTok
CLI03188,60,4395.88,RJ,Google
CLI03189,66,4368.95,MG,Google
CLI03190,47,11448.25,RS,Instagram
CLI03191,62,5772.4,PR,Google
CLI03192,23,2364.09,SC,TikTok
CLI03193,34,4681.4,SC,TikTok
CLI03194,62,5903.16,RS,Orgânico
CLI03195,68,2885.15,PE,Instagram
CLI03196,36,7595.7,PR,Google
CLI03197,59,7829.58,SP,Orgânico
CLI03198,52,9491.99,BA,Orgânico
CLI03199,63,7393.26,RS,Google
CLI03200,43,2378.4,RJ,Google
CLI03201,68,3161.49,BA,Instagram
CLI03202,22,3622.08,PE,Instagram
CLI03203,46,14761.81,SP,Instagram
CLI03204,54,11698.35,RJ,Google
CLI03205,37,7353.78,RS,Orgânico
CLI03206,66,6020.83,PR,TikTok
CLI03207,38,6027.31,BA,Orgânico
CLI03208,27,6503.31,SP,TikTok
CLI03209,22,2159.65,PR,Orgânico
CLI03210,53,9208.35,RJ,Orgânico
CLI03211,23,2917.23,SC,Google
CLI03212,43,4662.21,PE,Orgânico
CLI03213,21,3033.52,RS,Google
CLI03214,56,8906.97,SP,Google
CLI03215,56,8132.07,PR,Google
CLI03216,67,5770.75,RJ,Orgânico
CLI03217,52,7659.28,SC,Orgânico
CLI03218,18,3133.19,SP,Instagram
CLI03219,41,4186.98,RJ,Orgânico
CLI03220,53,8266.73,SP,Google
CLI03221,23,2615.54,SP,Instagram
CLI03222,58,7308.98,BA,Orgânico
CLI03223,63,4472.36,MG,Google
CLI03224,61,9495.92,BA,Google
CLI03225,48,9911.48,PE,Google
CLI03226,37,4220.07,PR,Orgânico
CLI03227,41,5447.74,MG,Orgânico
CLI03228,42,3822.74,SP,Instagram
CLI03229,53,7310.85,RJ,Google
CLI03230,38,5588.7,PR,Instagram
CLI03231,47,5824.78,RJ,Orgânico
CLI03232,41,8793.89,BA,Orgânico
CLI03233,61,7324.4,RJ,Google
CLI03234,59,5470.02,RS,Orgânico
CLI03235,47,6945.35,SC,Orgânico
CLI03236,39,6886.75,SP,Google
CLI03237,45,10353.67,RJ,Google
CLI03238,24,3008.44,SP,Instagram
CLI03239,52,12168.83,MG,Google
CLI03240,45,5192.4,BA,Google
CLI03241,31,4300.41,RS,Instagram
CLI03242,27,7602.26,PE,Instagram
CLI03243,33,9419.41,RS,Instagram
CLI03244,33,7550.46,PE,TikTok
CLI03245,48,9058.42,PE,Orgânico
CLI03246,59,8404.92,PE,Orgânico
CLI03247,42,6289.26,MG,Orgânico
CLI03248,30,7746.34,RJ,TikTok
CLI03249,23,2781.59,PE,TikTok
CLI03250,61,5735.01,RS,Google
CLI03251,26,11644.0,SP,Instagram
CLI03252,62,8021.04,SC,Instagram
CLI03253,53,5663.99,PR,Orgânico
CLI03254,60,6527.69,BA,Google
CLI03255,37,4585.62,MG,Orgânico
CLI03256,35,6149.36,PE,Instagram
CLI03257,60,4774.01,BA,Google
CLI03258,38,9200.79,BA,Orgânico
CLI03259,21,2495.96,PE,Instagram
CLI03260,67,8556.03,MG,Google
CLI03261,50,7542.99,SC,Instagram
CLI03262,44,5991.5,RJ,Instagram
CLI03263,24,3867.6,PE,TikTok
CLI03264,23,2979.85,MG,TikTok
CLI03265,32,7152.39,MG,Instagram
CLI03266,35,8799.81,PR,Google
CLI03267,49,3284.71,SC,Orgânico
CLI03268,28,7021.46,SC,Instagram
CLI03269,37,5717.72,SP,Google
CLI03270,41,7028.27,SC,Orgânico
CLI03271,32,4367.63,RS,TikTok
CLI03272,65,6167.66,PR,TikTok
CLI03273,24,3741.01,RS,Instagram
CLI03274,38,2438.24,SC,Google
CLI03275,59,10918.37,SP,Google
CLI03276,43,8524.56,PR,Google
CLI03277,61,11450.26,MG,Orgânico
CLI03278,31,5836.18,PE,TikTok
CLI03279,54,4327.67,RJ,Orgânico
CLI03280,38,4861.88,MG,Google
CLI03281,35,2164.33,SP,Instagram
CLI03282,22,2982.38,PR,Instagram
CLI03283,20,1585.5,MG,TikTok
CLI03284,40,7633.25,PE,Google
CLI03285,43,4730.39,SP,Google
CLI03286,54,818.18,RS,Instagram
CLI03287,41,9292.57,BA,Orgânico
CLI03288,66,7662.39,MG,Orgânico
CLI03289,36,6957.0,BA,TikTok
CLI03290,68,7819.29,RJ,Orgânico
CLI03291,42,4278.52,RS,Orgânico
CLI03292,38,8708.42,MG,Google
CLI03293,29,5424.59,MG,Instagram
CLI03294,58,10543.28,MG,Orgânico
CLI03295,50,8866.2,SP,Google
CLI03296,67,3089.48,PR,Orgânico
CLI03297,21,3605.63,SC,Instagram
CLI03298,59,5543.77,SP,Google
CLI03299,24,406.79,RS,Instagram
CLI03300,39,8499.64,BA,Orgânico
CLI03301,50,9856.11,SC,Orgânico
CLI03302,34,4910.75,BA,TikTok
CLI03303,41,5456.0,RS,TikTok
CLI03304,51,3577.85,SC,Google
CLI03305,45,10302.12,MG,Orgânico
CLI03306,60,10499.51,RS,Orgânico
CLI03307,58,6258.49,RJ,Google
CLI03308,56,5247.26,SC,Orgânico
CLI03309,39,5449.64,RS,Orgânico
CLI03310,66,6417.94,PE,Google
CLI03311,34,6097.37,RS,TikTok
CLI03312,51,12080.34,SC,Google
CLI03313,23,3086.16,MG,Google
CLI03314,63,3153.75,PE,Google
CLI03315,23,3514.94,RJ,Google
CLI03316,51,11898.92,BA,Orgânico
CLI03317,18,4765.18,MG,TikTok
CLI03318,27,3063.96,BA,Instagram
CLI03319,38,7966.36,SC,Orgânico
CLI03320,22,3989.47,RS,TikTok
CLI03321,19,2567.7,PE,Orgânico
CLI03322,39,8091.61,SP,Google
CLI03323,65,11152.45,BA,Orgânico
CLI03324,19,2642.69,RS,Google
CLI03325,27,6139.56,BA,Orgânico
CLI03326,51,7859.41,PE,Google
CLI03327,33,5474.3,BA,TikTok
CLI03328,65,8868.34,SC,Instagram
CLI03329,68,6880.35,SP,TikTok
CLI03330,56,6543.64,PE,Google
CLI03331,39,7582.31,PR,Orgânico
CLI03332,29,6913.54,RJ,TikTok
CLI03333,41,671.8,RS,Google
CLI03334,64,6686.46,BA,Orgânico
CLI03335,57,4994.56,BA,Orgânico
CLI03336,55,5298.41,PR,Orgânico
CLI03337,27,5658.81,PE,Orgânico
CLI03338,52,10644.99,PE,Orgânico
CLI03339,68,7018.65,MG,Google
CLI03340,66,6702.56,SC,Orgânico
CLI03341,49,5439.06,PE,Google
CLI03342,24,3359.55,PR,TikTok
CLI03343,38,6831.85,RJ,Orgânico
CLI03344,37,3818.49,SP,Google
CLI03345,43,4497.95,SP,Orgânico
CLI03346,21,4748.58,MG,Instagram
CLI03347,63,4503.92,PE,Google
CLI03348,69,5011.6,BA,Instagram
CLI03349,39,4971.17,MG,Orgânico
CLI03350,32,7820.98,SC,Instagram
CLI03351,57,6768.91,BA,Orgânico
CLI03352,38,8154.72,PR,Orgânico
CLI03353,32,5478.26,SC,TikTok
CLI03354,39,9368.34,SP,Orgânico
CLI03355,69,13065.22,PE,Google
CLI03356,45,9974.11,SP,Google
CLI03357,31,5277.07,RS,Instagram
CLI03358,44,5241.04,PR,Google
CLI03359,58,7543.1,SC,Google
CLI03360,57,12063.02,BA,Google
CLI03361,45,14635.19,MG,Orgânico
CLI03362,43,4524.75,PE,Google
CLI03363,66,8283.65,PE,Orgânico
CLI03364,19,1920.32,PR,TikTok
CLI03365,42,4196.87,RS,Orgânico
CLI03366,20,2680.14,MG,TikTok
CLI03367,25,3254.42,BA,Google
CLI03368,61,5145.23,PR,Google
CLI03369,50,5969.63,MG,Google
CLI03370,59,13381.01,RJ,Google
CLI03371,69,11366.45,SP,Google
CLI03372,52,9322.65,RS,Orgânico
CLI03373,23,3091.95,PR,Instagram
CLI03374,56,2323.66,RS,TikTok
CLI03375,69,10184.55,BA,Orgânico
CLI03376,40,6670.44,BA,Google
CLI03377,42,7887.54,RJ,Google
CLI03378,67,10295.71,PE,Google
CLI03379,60,3727.78,PR,Google
CLI03380,36,5677.75,SP,Google
CLI03381,22,2848.65,RS,Google
CLI03382,68,4978.85,SP,Google
CLI03383,28,5116.62,MG,TikTok
CLI03384,29,4708.3,RS,Google
CLI03385,27,2546.39,SP,Google
CLI03386,25,7643.23,RS,Instagram
CLI03387,41,1303.86,RS,Google
CLI03388,45,9042.8,BA,Google
CLI03389,58,7321.0,SP,Orgânico
CLI03390,53,8342.38,SP,Orgânico
CLI03391,54,6489.33,SC,Google
CLI03392,38,4197.79,SC,Orgânico
CLI03393,25,5727.81,SP,TikTok
CLI03394,26,5604.94,BA,Google
CLI03395,64,6856.25,RS,Orgânico
CLI03396,32,5838.02,BA,Orgânico
CLI03397,65,8716.47,RS,Orgânico
CLI03398,63,10893.31,SC,Google
CLI03399,57,4725.24,BA,Google
CLI03400,35,5948.46,PR,TikTok
CLI03401,59,476.52,RS,Orgânico
CLI03402,37,8032.58,RJ,Orgânico
CLI03403,23,2196.74,RJ,Instagram
CLI03404,29,5337.9,SC,Instagram
CLI03405,19,3121.33,BA,TikTok
CLI03406,24,2181.0,RJ,TikTok
CLI03407,33,4067.75,SC,Instagram
CLI03408,20,1475.01,MG,TikTok
CLI03409,62,4864.22,PE,Google
CLI03410,20,4768.55,RS,TikTok
CLI03411,44,7374.35,SP,TikTok
CLI03412,67,5444.6,RJ,Orgânico
CLI03413,60,8467.06,SP,Orgânico
CLI03414,57,5195.16,PE,Google
CLI03415,55,9565.38,BA,Orgânico
CLI03416,50,4055.16,RJ,Google
CLI03417,45,6981.18,PE,Orgânico
CLI03418,18,3826.13,PR,TikTok
CLI03419,25,6767.31,PR,TikTok
CLI03420,54,8420.13,SC,Google
CLI03421,49,10865.04,SP,Instagram
CLI03422,65,9664.07,SC,Google
CLI03423,60,9644.91,MG,TikTok
CLI03424,54,7004.2,PE,Orgânico
CLI03425,21,1860.67,SC,TikTok
CLI03426,47,6931.49,RS,Google
CLI03427,23,2487.07,BA,Instagram
CLI03428,63,7355.64,RS,Orgânico
CLI03429,36,4594.55,SC,Orgânico
CLI03430,49,3180.12,PE,TikTok
CLI03431,26,8757.82,SC,Instagram
CLI03432,29,6587.57,RJ,Instagram
CLI03433,28,7185.9,RJ,Instagram
CLI03434,63,13018.59,MG,Orgânico
CLI03435,33,8052.84,SP,TikTok
CLI03436,18,3672.49,PR,Orgânico
CLI03437,62,9516.56,BA,Orgânico
CLI03438,38,3636.21,SP,Orgânico
CLI03439,47,6042.34,PR,Orgânico
CLI03440,30,7751.01,RJ,Google
CLI03441,51,6977.69,PE,Orgânico
CLI03442,21,4313.14,BA,Instagram
CLI03443,45,15512.95,SC,Orgânico
CLI03444,55,8092.43,RS,Google
CLI03445,48,5435.87,MG,Orgânico
CLI03446,44,7214.51,BA,Google
CLI03447,22,3045.21,MG,Instagram
CLI03448,42,6480.46,RS,Google
CLI03449,20,2827.84,MG,Orgânico
CLI03450,50,5960.93,SP,Orgânico
CLI03451,21,3120.11,RJ,TikTok
CLI03452,42,4090.58,BA,Instagram
CLI03453,37,5466.86,RJ,Instagram
CLI03454,51,9276.28,SC,Google
CLI03455,43,4393.32,BA,Orgânico
CLI03456,22,1917.71,RS,Google
CLI03457,52,7195.55,RS,Orgânico
CLI03458,45,10058.55,PE,Orgânico
CLI03459,46,5232.36,SP,Orgânico
CLI03460,26,5624.31,SC,Instagram
CLI03461,69,10120.68,PR,Instagram
CLI03462,55,8496.77,RJ,Orgânico
CLI03463,67,6169.77,MG,Google
CLI03464,23,3265.9,BA,TikTok
CLI03465,36,3386.36,RS,Orgânico
CLI03466,61,8155.23,SC,Google
CLI03467,28,6880.5,PR,Instagram
CLI03468,19,4027.28,MG,Instagram
CLI03469,64,6915.99,MG,Orgânico
CLI03470,61,7926.9,SC,Instagram
CLI03471,61,14537.62,SC,Google
CLI03472,26,8083.83,SC,TikTok
CLI03473,38,3703.59,PE,Google
CLI03474,41,9677.51,RJ,TikTok
CLI03475,51,8997.31,PE,Google
CLI03476,39,4249.35,RS,Google
CLI03477,20,2548.57,PE,TikTok
CLI03478,29,9421.62,RS,Orgânico
CLI03479,45,3467.16,SP,Instagram
CLI03480,47,8228.4,RS,Orgânico
CLI03481,43,7628.68,SC,Google
CLI03482,65,7996.93,PE,Orgânico
CLI03483,38,6210.32,RS,Orgânico
CLI03484,45,6124.66,RJ,Google
CLI03485,43,6344.84,BA,Instagram
CLI03486,50,9323.26,SP,TikTok
CLI03487,38,4950.93,BA,Orgânico
CLI03488,52,2147.91,PE,Google
CLI03489,69,5256.75,PR,Google
CLI03490,51,8471.9,SP,Google
CLI03491,58,6104.2,PE,Google
CLI03492,68,5871.05,PE,Orgânico
CLI03493,64,6232.52,RJ,Orgânico
CLI03494,35,1976.04,RJ,TikTok
CLI03495,28,2537.35,RS,Instagram
CLI03496,40,5002.04,SP,Google
CLI03497,65,8185.81,SP,Google
CLI03498,39,8650.53,RS,Orgânico
CLI03499,34,6115.25,PE,TikTok
CLI03500,22,3245.08,BA,Orgânico
CLI03501,61,10227.21,RJ,Instagram
CLI03502,28,4258.2,RJ,Orgânico
CLI03503,47,9831.69,PE,Orgânico
CLI03504,32,3601.11,PR,Google
CLI03505,44,6165.18,RJ,Google
CLI03506,52,10858.84,RJ,Google
CLI03507,50,5555.04,MG,Orgânico
CLI03508,37,6330.08,MG,Orgânico
CLI03509,33,6317.1,PE,Instagram
CLI03510,51,9047.48,MG,Google
CLI03511,19,4259.32,PE,TikTok
CLI03512,52,10339.66,SC,Orgânico
CLI03513,57,4298.99,RS,Google
CLI03514,45,8818.87,SC,Google
CLI03515,64,7406.48,RJ,Orgânico
CLI03516,56,8305.42,MG,Orgânico
CLI03517,23,3541.09,RS,Instagram
CLI03518,26,7770.94,PR,Instagram
CLI03519,37,2939.74,PR,Orgânico
CLI03520,18,3931.99,BA,Instagram
CLI03521,25,3448.26,PR,Instagram
CLI03522,40,5933.05,RJ,Orgânico
CLI03523,20,4081.89,RS,Instagram
CLI03524,21,1108.12,MG,Instagram
CLI03525,42,8645.49,RJ,Google
CLI03526,64,6996.58,BA,Orgânico
CLI03527,55,7320.01,BA,Google
CLI03528,32,6201.89,PE,Instagram
CLI03529,38,8185.05,PE,Google
CLI03530,52,15281.2,RJ,Instagram
CLI03531,63,5658.8,PR,Orgânico
CLI03532,69,11678.26,MG,Orgânico
CLI03533,31,5171.99,SC,TikTok
CLI03534,53,12811.31,PE,Google
CLI03535,29,9435.16,PE,Instagram
CLI03536,34,7278.73,SP,Instagram
CLI03537,56,502.19,RJ,Google
CLI03538,26,5064.78,MG,Instagram
CLI03539,52,8061.56,SP,Instagram
CLI03540,30,5714.35,SP,Google
CLI03541,32,8756.71,BA,Google
CLI03542,35,5267.76,SC,TikTok
CLI03543,68,9660.34,SC,Instagram
CLI03544,50,3850.37,PE,Orgânico
CLI03545,23,3664.4,RJ,Instagram
CLI03546,44,4695.2,RJ,TikTok
CLI03547,40,5725.42,PE,Google
CLI03548,44,5639.79,PE,Google
CLI03549,51,1939.55,MG,Google
CLI03550,63,5534.26,BA,Google
CLI03551,55,14162.61,SC,TikTok
CLI03552,31,4319.13,RS,Google
CLI03553,53,11793.43,BA,Google
CLI03554,25,4349.98,SC,Instagram
CLI03555,52,7166.54,RS,Google
CLI03556,36,4923.3,MG,Instagram
CLI03557,47,8302.08,RS,Orgânico
CLI03558,31,8207.25,SC,Instagram
CLI03559,37,948.34,PR,Google
CLI03560,66,4591.19,SP,Orgânico
CLI03561,42,5079.63,PR,Orgânico
CLI03562,57,6403.05,PE,Google
CLI03563,41,4207.06,SP,Google
CLI03564,31,8392.52,PE,Orgânico
CLI03565,43,7826.56,RS,Orgânico
CLI03566,55,9453.79,MG,Orgânico
CLI03567,40,7586.45,MG,Orgânico
CLI03568,39,4508.76,SP,Orgânico
CLI03569,65,8051.81,SP,Google
CLI03570,36,7504.87,SP,Orgânico
CLI03571,63,10279.77,SP,Orgânico
CLI03572,68,4794.24,RJ,Google
CLI03573,20,2118.97,SC,TikTok
CLI03574,59,8528.79,SC,Orgânico
CLI03575,36,10198.5,MG,Google
CLI03576,26,4587.55,RJ,TikTok
CLI03577,45,8084.06,SP,Instagram
CLI03578,37,8108.37,RJ,Orgânico
CLI03579,62,6623.58,SP,Orgânico
CLI03580,24,1270.37,RS,TikTok
CLI03581,31,4966.54,SC,Instagram
CLI03582,26,5533.73,SP,Instagram
CLI03583,36,8895.72,RS,Instagram
CLI03584,64,7808.77,SC,Instagram
CLI03585,69,12911.13,SP,Google
CLI03586,31,5146.43,RS,Instagram
CLI03587,55,8600.03,BA,Google
CLI03588,53,10755.85,PE,Orgânico
CLI03589,57,5487.55,MG,Orgânico
CLI03590,34,4062.35,SC,Instagram
CLI03591,47,13291.61,RS,Google
CLI03592,26,4337.36,MG,Orgânico
CLI03593,50,6381.72,RJ,Orgânico
CLI03594,69,12881.36,BA,Google
CLI03595,42,7371.12,PE,Google
CLI03596,31,7109.26,SP,Instagram
CLI03597,28,5746.95,RJ,Instagram
CLI03598,52,11962.98,SP,Google
CLI03599,58,6991.23,SC,Google
CLI03600,31,9608.9,PE,TikTok
CLI03601,47,9730.38,PE,Google
CLI03602,58,8086.19,SP,Orgânico
CLI03603,21,4586.96,RS,Instagram
CLI03604,21,3605.74,PR,TikTok
CLI03605,45,3925.21,PR,Orgânico
CLI03606,25,7858.38,PR,TikTok
CLI03607,19,3456.91,MG,Instagram
CLI03608,58,8577.25,PR,Google
CLI03609,63,13495.71,SP,Google
CLI03610,39,5988.83,RJ,Google
CLI03611,58,2487.75,MG,Instagram
CLI03612,33,3394.0,PE,TikTok
CLI03613,46,5670.45,SC,Instagram
CLI03614,66,4492.93,BA,Google
CLI03615,65,3038.56,MG,Orgânico
CLI03616,47,7967.48,RS,Google
CLI03617,29,8301.67,PE,Instagram
CLI03618,52,10862.1,RS,Orgânico
CLI03619,28,5891.3,RJ,TikTok
CLI03620,63,7184.29,BA,Google
CLI03621,67,9067.03,PR,Google
CLI03622,38,9709.32,BA,Orgânico
CLI03623,38,8262.6,RJ,Orgânico
CLI03624,22,2755.49,MG,Instagram
CLI03625,65,6871.09,MG,Orgânico
CLI03626,37,5799.91,MG,Orgânico
CLI03627,54,12497.09,RJ,Google
CLI03628,20,3474.83,SP,Instagram
CLI03629,61,9072.68,SP,Orgânico
CLI03630,50,2250.22,RS,Instagram
CLI03631,26,6804.78,PR,Instagram
CLI03632,26,5758.96,BA,Instagram
CLI03633,21,2654.16,RS,Instagram
CLI03634,52,17041.38,SC,Google
CLI03635,34,6926.89,RJ,TikTok
CLI03636,51,10461.99,SP,Orgânico
CLI03637,41,5928.2,PR,Google
CLI03638,49,5964.08,SC,Instagram
CLI03639,18,2813.11,PR,TikTok
CLI03640,25,7643.08,PE,TikTok
CLI03641,62,10625.73,PR,Orgânico
CLI03642,40,5177.09,RS,Orgânico
CLI03643,64,8452.4,RS,Orgânico
CLI03644,57,7156.62,PE,TikTok
CLI03645,29,2853.98,SC,Instagram
CLI03646,29,6126.16,BA,Instagram
CLI03647,63,5350.23,MG,Google
CLI03648,64,6641.13,SP,Orgânico
CLI03649,32,7513.19,BA,Orgânico
CLI03650,58,7603.9,SP,Orgânico
CLI03651,36,8570.97,SC,Google
CLI03652,43,3590.37,PE,Orgânico
CLI03653,69,10014.47,SP,Google
CLI03654,46,6996.84,RJ,Orgânico
CLI03655,39,3658.97,RJ,Google
CLI03656,57,6270.28,RJ,TikTok
CLI03657,38,7021.36,SC,Orgânico
CLI03658,68,6508.81,RS,Orgânico
CLI03659,55,8221.8,PR,Orgânico
CLI03660,37,6771.91,PR,Google
CLI03661,46,6727.96,MG,Orgânico
CLI03662,68,8263.49,MG,Orgânico
CLI03663,21,3048.63,PE,TikTok
CLI03664,24,4541.03,RJ,TikTok
CLI03665,45,4262.29,PE,Orgânico
CLI03666,45,7371.02,RJ,Google
CLI03667,21,2651.94,SC,Instagram
CLI03668,39,6431.09,RJ,Google
CLI03669,29,7543.05,RJ,TikTok
CLI03670,62,131.7,RJ,Google
CLI03671,20,3421.59,SP,Instagram
CLI03672,39,7452.26,PR,Orgânico
CLI03673,61,8267.57,BA,Google
CLI03674,19,3145.0,SP,Instagram
CLI03675,41,4967.88,RS,Orgânico
CLI03676,51,7724.15,RJ,Google
CLI03677,44,11039.42,BA,Google
CLI03678,58,10106.34,RJ,Google
CLI03679,18,2679.03,PE,TikTok
CLI03680,25,3709.86,SP,Instagram
CLI03681,40,2348.2,SP,Orgânico
CLI03682,55,7699.33,SC,Orgânico
CLI03683,23,1116.41,SC,Instagram
CLI03684,39,5206.61,PE,Google
CLI03685,42,5970.06,PE,Google
CLI03686,35,3659.08,RJ,Instagram
CLI03687,34,6265.86,SP,Orgânico
CLI03688,29,6962.99,RS,Instagram
CLI03689,23,2423.64,SC,TikTok
CLI03690,43,9380.91,PE,Orgânico
CLI03691,44,4325.79,BA,Orgânico
CLI03692,25,6566.95,MG,Instagram
CLI03693,36,7696.63,SP,Google
CLI03694,59,8711.53,PR,Instagram
CLI03695,18,3013.1,BA,Google
CLI03696,46,11182.13,MG,Google
CLI03697,62,9633.28,MG,Google
CLI03698,66,9311.73,PE,Orgânico
CLI03699,52,6427.79,BA,Google
CLI03700,57,2937.93,RS,TikTok
CLI03701,31,4743.4,SP,TikTok
CLI03702,52,15147.1,BA,Google
CLI03703,65,8967.38,PE,Orgânico
CLI03704,62,7262.95,RS,Google
CLI03705,37,10255.84,BA,Google
CLI03706,66,5751.63,RJ,Orgânico
CLI03707,30,3640.97,PR,Instagram
CLI03708,55,8231.58,SC,Google
CLI03709,66,9380.08,RS,Google
CLI03710,63,6990.77,SC,Orgânico
CLI03711,66,5105.92,PE,Orgânico
CLI03712,25,6952.53,RJ,Instagram
CLI03713,60,5648.35,PR,Google
CLI03714,37,6763.84,RS,Orgânico
CLI03715,50,3331.59,PE,Google
CLI03716,43,4800.56,PR,Google
CLI03717,56,8406.57,MG,Orgânico
CLI03718,38,3740.22,MG,Orgânico
CLI03719,66,8570.69,PR,Orgânico
CLI03720,59,7864.87,RS,Orgânico
CLI03721,60,15556.85,RS,Orgânico
CLI03722,58,8380.22,RS,Orgânico
CLI03723,26,2358.68,PE,Instagram
CLI03724,41,5541.82,SP,TikTok
CLI03725,54,11059.87,RS,Orgânico
CLI03726,66,7851.11,SP,Instagram
CLI03727,58,10054.19,SP,Orgânico
CLI03728,34,6109.31,PR,Google
CLI03729,41,4794.08,SC,Google
CLI03730,38,3358.72,SP,Google
CLI03731,68,12796.77,SC,Google
CLI03732,56,8729.23,SP,Instagram
CLI03733,58,5041.94,PR,Orgânico
CLI03734,56,7041.47,PE,Instagram
CLI03735,30,8020.74,SP,Orgânico
CLI03736,28,6681.74,PE,Instagram
CLI03737,63,11936.19,RS,Orgânico
CLI03738,36,6197.77,SC,Instagram
CLI03739,28,9024.47,RJ,TikTok
CLI03740,30,5926.12,RS,Instagram
CLI03741,63,11273.42,SC,Instagram
CLI03742,62,11839.4,RJ,Orgânico
CLI03743,18,3817.57,PE,Orgânico
CLI03744,57,9514.79,RS,Instagram
CLI03745,61,3483.3,SC,Google
CLI03746,36,7950.21,RS,Orgânico
CLI03747,29,4535.23,PE,Google
CLI03748,25,4185.01,RS,Instagram
CLI03749,25,5928.72,PE,Instagram
CLI03750,62,5212.65,BA,Instagram
CLI03751,29,6200.1,BA,Instagram
CLI03752,65,10065.0,SP,Instagram
CLI03753,50,10667.89,SP,Google
CLI03754,62,4759.5,SC,Google
CLI03755,43,6885.51,SP,Google
CLI03756,56,7051.52,SP,TikTok
CLI03757,45,6166.32,PR,Google
CLI03758,22,2507.14,MG,Instagram
CLI03759,25,7462.08,MG,Instagram
CLI03760,42,7704.88,RS,Google
CLI03761,44,5668.06,BA,TikTok
CLI03762,63,13443.05,SC,Orgânico
CLI03763,40,5137.8,PE,Google
CLI03764,47,9291.21,PE,Orgânico
CLI03765,62,8989.36,PE,Google
CLI03766,64,3350.01,MG,Google
CLI03767,40,6321.22,RJ,Orgânico
CLI03768,66,8298.62,SC,Instagram
CLI03769,64,6271.96,PE,Instagram
CLI03770,37,4666.76,PE,Google
CLI03771,35,4648.58,SC,TikTok
CLI03772,35,7388.19,RJ,TikTok
CLI03773,19,3624.16,MG,TikTok
CLI03774,21,2060.64,RJ,Instagram
CLI03775,47,5169.86,SP,Orgânico
CLI03776,50,8548.55,SC,Google
CLI03777,53,11295.15,PR,Google
CLI03778,35,5369.62,BA,Orgânico
CLI03779,54,10028.74,RJ,Instagram
CLI03780,36,2283.75,BA,Orgânico
CLI03781,64,11571.21,SC,Instagram
CLI03782,45,4152.65,PE,TikTok
CLI03783,57,4686.27,PE,Google
CLI03784,37,2502.57,RS,Google
CLI03785,66,8288.62,RS,Google
CLI03786,50,7831.03,BA,TikTok
CLI03787,29,8564.22,SC,Instagram
CLI03788,68,5208.05,RJ,Instagram
CLI03789,32,7466.43,BA,Instagram
CLI03790,58,6499.68,PR,Orgânico
CLI03791,56,6835.16,SC,Google
CLI03792,19,3954.89,PE,TikTok
CLI03793,46,11807.14,SP,Google
CLI03794,58,10311.25,SP,Instagram
CLI03795,27,3972.41,BA,TikTok
CLI03796,19,3356.54,PE,Google
CLI03797,68,6697.43,SP,Orgânico
CLI03798,28,5322.14,PR,TikTok
CLI03799,30,6283.12,MG,Instagram
CLI03800,27,7406.31,SP,Instagram
CLI03801,31,5264.53,BA,TikTok
CLI03802,35,6791.4,BA,Instagram
CLI03803,68,8508.56,RJ,Orgânico
CLI03804,26,7870.99,PE,TikTok
CLI03805,56,6808.1,MG,Orgânico
CLI03806,45,11484.6,RJ,Google
CLI03807,20,4629.77,PR,TikTok
CLI03808,37,5675.5,SP,Google
CLI03809,23,3408.43,SC,TikTok
CLI03810,44,4234.81,BA,Instagram
CLI03811,19,3424.3,SP,TikTok
CLI03812,46,3946.68,PR,Google
CLI03813,55,4330.83,SP,Orgânico
CLI03814,20,3724.57,BA,TikTok
CLI03815,33,5294.6,PE,TikTok
CLI03816,47,6977.64,SP,Instagram
CLI03817,57,7164.04,SP,Orgânico
CLI03818,19,2055.63,PR,Instagram
CLI03819,34,2810.35,PE,Google
CLI03820,58,11395.62,SP,Google
CLI03821,29,3726.26,RS,Google
CLI03822,52,4446.01,SC,Google
CLI03823,60,5898.36,PE,Orgânico
CLI03824,18,3530.88,PE,Instagram
CLI03825,62,12217.78,BA,Orgânico
CLI03826,32,2626.94,BA,Instagram
CLI03827,43,3830.49,SC,Orgânico
CLI03828,54,13121.66,MG,Google
CLI03829,38,7026.09,PE,Orgânico
CLI03830,66,7307.87,MG,Google
CLI03831,48,6768.3,MG,Google
CLI03832,42,9975.07,MG,Orgânico
CLI03833,40,6236.1,PE,Orgânico
CLI03834,41,3566.07,SC,Orgânico
CLI03835,55,4980.76,PE,Orgânico
CLI03836,45,10604.91,MG,Google
CLI03837,38,9181.88,RJ,Google
CLI03838,60,7085.4,RS,Google
CLI03839,35,6984.97,PR,Instagram
CLI03840,53,3322.71,RS,Google
CLI03841,52,7760.93,PR,Orgânico
CLI03842,62,6532.88,SC,Google
CLI03843,26,7196.35,PE,Instagram
CLI03844,55,9060.7,PR,Google
CLI03845,47,2818.11,PR,Google
CLI03846,61,11718.44,BA,Google
CLI03847,51,9456.39,SP,Instagram
CLI03848,49,4893.52,PE,Orgânico
CLI03849,20,2639.02,MG,Instagram
CLI03850,20,2895.36,BA,Google
CLI03851,45,7487.49,MG,Google
CLI03852,61,8450.35,BA,Google
CLI03853,32,3923.72,BA,Instagram
CLI03854,58,6648.61,SP,Orgânico
CLI03855,40,6707.96,SC,Orgânico
CLI03856,57,9011.72,RJ,Google
CLI03857,28,9284.84,SC,Instagram
CLI03858,65,8093.24,RJ,Google
CLI03859,49,2602.53,RJ,Google
CLI03860,53,8151.51,BA,Orgânico
CLI03861,50,7981.64,SP,Google
CLI03862,41,7202.11,SC,Instagram
CLI03863,56,10586.86,MG,Orgânico
CLI03864,51,11142.77,PE,Google
CLI03865,45,3169.87,BA,Orgânico
CLI03866,54,7825.38,RS,Orgânico
CLI03867,24,1436.33,SC,Instagram
CLI03868,21,2751.68,SC,Instagram
CLI03869,54,5505.96,RS,Instagram
CLI03870,18,3432.47,RJ,Orgânico
CLI03871,18,3495.27,RJ,TikTok
CLI03872,64,4470.63,MG,TikTok
CLI03873,37,7396.87,PE,Orgânico
CLI03874,36,2691.93,RS,Orgânico
CLI03875,46,3996.47,RS,Instagram
CLI03876,27,3721.64,MG,TikTok
CLI03877,35,5385.26,RS,TikTok
CLI03878,45,3195.22,RJ,Google
CLI03879,52,3755.54,SC,Orgânico
CLI03880,60,4202.12,RJ,Orgânico
CLI03881,64,7824.71,PR,Instagram
CLI03882,48,6626.14,PR,Orgânico
CLI03883,44,7882.51,RJ,Instagram
CLI03884,28,4821.71,MG,Google
CLI03885,66,10242.6,RJ,Google
CLI03886,66,9070.09,SC,Orgânico
CLI03887,55,11005.61,PR,Orgânico
CLI03888,22,3623.86,SP,Instagram
CLI03889,25,6085.81,MG,Instagram
CLI03890,51,9044.24,SP,Google
CLI03891,65,6533.25,MG,Google
CLI03892,69,8278.86,PE,Google
CLI03893,29,3843.27,SP,Orgânico
CLI03894,55,7081.44,SP,Orgânico
CLI03895,18,2725.33,RS,Instagram
CLI03896,48,9835.01,BA,Orgânico
CLI03897,21,3925.8,RJ,TikTok
CLI03898,66,16201.67,MG,Orgânico
CLI03899,62,7483.38,RS,Google
CLI03900,67,2964.82,PR,Google
CLI03901,22,3946.84,SP,Instagram
CLI03902,47,9821.38,RJ,Orgânico
CLI03903,41,5447.58,SC,Google
CLI03904,20,3180.21,MG,Instagram
CLI03905,28,7016.53,MG,TikTok
CLI03906,62,12857.05,PE,Google
CLI03907,21,3543.44,PR,Instagram
CLI03908,43,4225.67,SP,Orgânico
CLI03909,44,7979.9,RJ,Instagram
CLI03910,63,9153.68,PE,Google
CLI03911,60,5042.26,SP,Google
CLI03912,44,7976.19,RJ,Google
CLI03913,59,5572.77,PR,Google
CLI03914,68,5357.27,SP,Google
CLI03915,67,5704.18,SC,Instagram
CLI03916,23,3718.12,PE,Instagram
CLI03917,32,2670.42,PR,Instagram
CLI03918,47,9720.93,PR,Google
CLI03919,59,4376.03,MG,Google
CLI03920,54,4784.8,RJ,Orgânico
CLI03921,54,9137.37,PE,Orgânico
CLI03922,59,11157.51,RS,Google
CLI03923,54,11111.42,SP,Google
CLI03924,52,4991.27,RJ,Google
CLI03925,40,9254.24,PR,Orgânico
CLI03926,23,2976.25,SP,Instagram
CLI03927,21,3389.77,PE,Instagram
CLI03928,35,6067.88,PE,Instagram
CLI03929,26,6879.02,SC,TikTok
CLI03930,66,14278.57,RJ,Google
CLI03931,46,11980.09,RJ,Orgânico
CLI03932,30,5175.9,SC,TikTok
CLI03933,64,5104.92,PE,Google
CLI03934,69,7795.69,RS,Orgânico
CLI03935,34,9125.34,RS,Instagram
CLI03936,62,4632.02,PR,TikTok
CLI03937,49,7458.58,RS,Google
CLI03938,65,10731.15,RJ,Instagram
CLI03939,39,4535.44,MG,Orgânico
CLI03940,21,4074.18,MG,Instagram
CLI03941,22,3212.13,SP,TikTok
CLI03942,54,5168.46,SC,Orgânico
CLI03943,58,6486.22,PR,Google
CLI03944,66,9540.67,MG,Google
CLI03945,30,7786.11,SP,TikTok
CLI03946,51,8376.65,BA,Orgânico
CLI03947,62,5938.32,SP,Instagram
CLI03948,39,6574.2,RS,Google
CLI03949,40,4316.17,RJ,Orgânico
CLI03950,68,4549.32,PR,Google
CLI03951,20,2610.66,BA,Instagram
CLI03952,59,7996.81,BA,Google
CLI03953,51,6273.34,BA,Google
CLI03954,49,4347.43,BA,Google
CLI03955,62,4561.29,RS,Orgânico
CLI03956,68,5784.06,RS,Google
CLI03957,66,7549.84,BA,Google
CLI03958,38,4095.2,PE,Google
CLI03959,63,7099.28,MG,Orgânico
CLI03960,61,7300.07,SC,Orgânico
CLI03961,38,8917.96,RS,Google
CLI03962,61,9430.33,RJ,Google
CLI03963,28,7132.93,MG,TikTok
CLI03964,56,3839.1,SP,Google
CLI03965,21,2724.99,PE,TikTok
CLI03966,68,11682.21,RS,Google
CLI03967,18,2600.44,SC,Instagram
CLI03968,45,8222.94,SP,Google
CLI03969,41,8324.52,RS,Orgânico
CLI03970,52,6299.97,RJ,Google
CLI03971,30,3591.38,SC,TikTok
CLI03972,64,8110.51,PE,Google
CLI03973,51,12533.44,SC,Google
CLI03974,28,10095.3,RJ,Instagram
CLI03975,53,9380.77,BA,Instagram
CLI03976,68,6268.34,PE,Google
CLI03977,34,3185.58,SP,TikTok
CLI03978,52,9228.04,RS,Google
CLI03979,35,5931.37,SC,Orgânico
CLI03980,57,9793.96,PE,Google
CLI03981,39,3845.67,PE,Orgânico
CLI03982,41,7326.77,PE,Google
CLI03983,36,6037.56,PR,Google
CLI03984,54,10549.83,PR,Google
CLI03985,56,2124.6,RS,Instagram
CLI03986,38,3434.89,SP,Instagram
CLI03987,25,7621.19,SC,Instagram
CLI03988,45,10548.75,BA,Google
CLI03989,22,3846.37,PE,TikTok
CLI03990,34,6669.12,SP,TikTok
CLI03991,54,5871.95,PR,Google
CLI03992,53,6431.65,SC,Google
CLI03993,36,7646.59,SC,Orgânico
CLI03994,44,8521.9,RS,Google
CLI03995,51,8472.14,RS,Orgânico
CLI03996,28,3733.99,RS,Orgânico
CLI03997,62,8572.51,PE,Google
CLI03998,64,9033.49,PE,Instagram
CLI03999,29,3388.98,RS,Orgânico
CLI04000,38,3874.6,SP,Google
CLI04001,28,5169.1,PE,Instagram
CLI04002,56,8263.85,PE,Google
CLI04003,45,7633.4,BA,Google
CLI04004,22,3343.17,SC,Orgânico
CLI04005,34,7284.95,SP,Instagram
CLI04006,37,3456.91,BA,Google
CLI04007,58,9662.14,MG,Google
CLI04008,63,7653.29,BA,Google
CLI04009,29,5901.65,MG,TikTok
CLI04010,23,3424.69,BA,Orgânico
CLI04011,34,4107.92,BA,Google
CLI04012,68,9900.91,PE,Google
CLI04013,36,4917.41,PR,Google
CLI04014,43,5543.79,PR,Instagram
CLI04015,65,3288.95,RJ,Google
CLI04016,61,6739.15,MG,Google
CLI04017,61,5297.02,BA,Orgânico
CLI04018,69,9142.73,BA,Google
CLI04019,49,8507.72,MG,Orgânico
CLI04020,23,3171.34,PE,Instagram
CLI04021,53,7837.77,BA,Orgânico
CLI04022,55,9015.46,RS,Google
CLI04023,28,4467.84,PE,Google
CLI04024,50,4690.81,PE,Orgânico
CLI04025,41,3197.49,PE,Orgânico
CLI04026,40,2819.14,RS,Orgânico
CLI04027,32,6594.33,PE,TikTok
CLI04028,44,7877.19,RJ,Google
CLI04029,28,7742.09,SP,TikTok
CLI04030,68,11424.88,MG,Google
CLI04031,67,9738.53,RS,Instagram
CLI04032,34,3795.82,MG,TikTok
CLI04033,68,4536.73,BA,Google
CLI04034,31,5164.35,PR,Instagram
CLI04035,44,7183.82,PE,Google
CLI04036,35,5961.69,RJ,Instagram
CLI04037,45,12091.5,RJ,Instagram
CLI04038,68,9207.04,PR,Google
CLI04039,64,5189.32,BA,Instagram
CLI04040,64,7644.98,PE,Google
CLI04041,21,2129.8,MG,Instagram
CLI04042,24,2900.89,SC,Orgânico
CLI04043,62,10111.48,RJ,Orgânico
CLI04044,52,10967.82,PE,Google
CLI04045,65,8663.64,MG,Google
CLI04046,26,5109.72,SP,Instagram
CLI04047,25,5023.11,BA,Orgânico
CLI04048,69,10170.2,RJ,Google
CLI04049,62,2083.66,PR,Orgânico
CLI04050,34,6027.67,BA,Google
CLI04051,34,4559.67,RJ,Orgânico
CLI04052,66,10861.13,PR,Orgânico
CLI04053,50,9157.07,SP,Orgânico
CLI04054,49,9453.06,MG,Orgânico
CLI04055,25,7756.41,PE,Google
CLI04056,36,7678.5,PR,Google
CLI04057,55,10831.05,PR,Orgânico
CLI04058,20,2877.39,RS,TikTok
CLI04059,22,4132.16,SP,Instagram
CLI04060,30,5133.14,SC,TikTok
CLI04061,64,7794.38,RJ,Orgânico
CLI04062,63,1964.0,BA,Google
CLI04063,48,6451.57,RS,Orgânico
CLI04064,33,7394.77,SC,Instagram
CLI04065,67,10301.09,RJ,Orgânico
CLI04066,49,5002.52,SP,Google
CLI04067,39,4645.28,SP,Google
CLI04068,46,12405.48,SC,Orgânico
CLI04069,39,4901.23,SP,Google
CLI04070,60,3358.84,MG,Orgânico
CLI04071,20,2249.23,SC,Instagram
CLI04072,27,7006.66,PR,Orgânico
CLI04073,59,5543.0,PR,Google
CLI04074,38,5143.16,SP,Instagram
CLI04075,33,6522.81,SP,Orgânico
CLI04076,29,5170.97,RJ,Instagram
CLI04077,19,3762.41,BA,Orgânico
CLI04078,58,6680.39,SC,Orgânico
CLI04079,41,5626.06,RS,Instagram
CLI04080,52,13799.88,SC,Google
CLI04081,47,6408.3,MG,Instagram
CLI04082,47,6836.74,BA,Google
CLI04083,64,12848.53,PR,Google
CLI04084,52,9730.03,BA,Google
CLI04085,36,7568.34,PR,Orgânico
CLI04086,67,5281.66,MG,Google
CLI04087,25,4240.26,RJ,Instagram
CLI04088,43,4399.32,MG,Google
CLI04089,66,10403.78,RJ,Google
CLI04090,57,11675.73,PE,Orgânico
CLI04091,24,2472.78,RJ,TikTok
CLI04092,47,6907.28,PE,Orgânico
CLI04093,24,3653.97,BA,TikTok
CLI04094,20,2269.23,RS,Instagram
CLI04095,18,3245.63,RJ,TikTok
CLI04096,53,10319.8,PE,Orgânico
CLI04097,42,4327.32,BA,Orgânico
CLI04098,54,8278.95,SP,Google
CLI04099,18,2754.2,SP,TikTok
CLI04100,32,5920.97,RJ,TikTok
CLI04101,54,6310.04,PE,Google
CLI04102,30,4551.12,PE,Instagram
CLI04103,57,10371.16,PE,Orgânico
CLI04104,25,3153.33,MG,Instagram
CLI04105,22,2457.33,MG,Instagram
CLI04106,26,7082.1,MG,Instagram
CLI04107,18,4219.61,SP,Instagram
CLI04108,53,2555.71,RS,Google
CLI04109,52,3808.72,BA,Orgânico
CLI04110,19,3713.47,RJ,Orgânico
CLI04111,57,4804.62,PR,Google
CLI04112,40,3923.9,MG,Google
CLI04113,26,5343.78,BA,Google
CLI04114,51,9976.48,BA,Instagram
CLI04115,63,7066.09,RS,Instagram
CLI04116,31,6043.96,SP,Instagram
CLI04117,21,2452.01,SC,TikTok
CLI04118,47,4237.44,PE,Orgânico
CLI04119,48,9784.39,RJ,Orgânico
CLI04120,55,9660.47,MG,Google
CLI04121,28,5323.63,SP,TikTok
CLI04122,52,4768.61,PE,Google
CLI04123,25,9834.52,SC,TikTok
CLI04124,20,2075.43,RJ,Orgânico
CLI04125,31,7110.59,PR,Instagram
CLI04126,30,8650.62,RJ,Instagram
CLI04127,62,10872.53,PE,Google
CLI04128,49,7200.29,RJ,Google
CLI04129,51,5324.42,BA,Google
CLI04130,62,10178.63,MG,Google
CLI04131,36,5329.92,RS,Orgânico
CLI04132,55,7061.46,RJ,Google
CLI04133,33,3027.68,SC,TikTok
CLI04134,19,2218.44,SC,Google
CLI04135,57,10175.29,PE,Orgânico
CLI04136,34,3665.21,RJ,Instagram
CLI04137,51,5690.46,RJ,Orgânico
CLI04138,59,4143.33,RS,Orgânico
CLI04139,33,4244.61,SC,Instagram
CLI04140,55,6474.25,SC,Orgânico
CLI04141,19,2171.52,MG,Instagram
CLI04142,19,3704.85,PR,TikTok
CLI04143,43,4287.78,SC,Google
CLI04144,30,6180.17,PR,TikTok
CLI04145,64,7269.37,PR,TikTok
CLI04146,48,6851.73,SC,Google
CLI04147,51,3572.44,RS,TikTok
CLI04148,56,5376.35,RS,Google
CLI04149,20,2990.38,MG,Orgânico
CLI04150,25,11122.6,RJ,Instagram
CLI04151,40,4721.57,RS,Google
CLI04152,31,1363.51,SP,TikTok
CLI04153,44,7190.99,PE,Instagram
CLI04154,46,4637.62,RJ,TikTok
CLI04155,56,8098.79,SP,TikTok
CLI04156,56,4639.2,PE,Orgânico
CLI04157,18,3619.22,SC,Orgânico
CLI04158,34,8257.81,RJ,Google
CLI04159,58,10840.25,RJ,Orgânico
CLI04160,47,7418.45,SP,Google
CLI04161,30,4366.79,MG,Orgânico
CLI04162,38,5788.81,PE,Google
CLI04163,36,6196.88,PE,Google
CLI04164,36,5548.03,RS,Google
CLI04165,42,6868.41,SC,Instagram
CLI04166,39,7992.21,SC,Orgânico
CLI04167,48,10028.14,RS,Instagram
CLI04168,34,7157.83,SC,TikTok
CLI04169,40,4295.33,RJ,Google
CLI04170,49,6464.68,BA,Instagram
CLI04171,27,5849.3,PR,Instagram
CLI04172,27,7029.28,BA,Instagram
CLI04173,53,11275.44,SP,Orgânico
CLI04174,25,10100.79,PE,TikTok
CLI04175,69,8726.46,RS,Google
CLI04176,37,6769.5,RJ,TikTok
CLI04177,49,5691.49,PE,Google
CLI04178,67,10889.4,MG,Instagram
CLI04179,31,6290.3,MG,TikTok
CLI04180,67,9867.28,RJ,Google
CLI04181,45,8881.04,SP,Google
CLI04182,63,8549.3,RS,Orgânico
CLI04183,69,3295.64,SC,Google
CLI04184,41,6294.64,SC,Orgânico
CLI04185,32,4129.21,PE,TikTok
CLI04186,39,7681.14,PR,Google
CLI04187,47,10751.42,RS,Orgânico
CLI04188,21,3579.86,PE,TikTok
CLI04189,30,3704.67,RJ,Instagram
CLI04190,40,6737.65,PR,Google
CLI04191,25,7546.68,MG,Instagram
CLI04192,35,5153.25,BA,Orgânico
CLI04193,29,3481.99,BA,Instagram
CLI04194,48,10089.45,PE,TikTok
CLI04195,31,8456.23,SC,Instagram
CLI04196,51,6372.27,PE,Google
CLI04197,35,5143.14,BA,Instagram
CLI04198,51,9326.48,RS,Google
CLI04199,28,5137.64,SC,Instagram
CLI04200,58,9376.82,BA,Orgânico
CLI04201,29,6892.89,PR,Google
CLI04202,66,9578.74,RJ,Google
CLI04203,32,4493.47,PR,Google
CLI04204,48,6584.57,RS,Google
CLI04205,66,7262.35,MG,Orgânico
CLI04206,46,7706.29,RS,Google
CLI04207,43,2550.03,RJ,Instagram
CLI04208,35,1151.47,RS,Instagram
CLI04209,49,8194.72,MG,Google
CLI04210,39,5038.91,RJ,Orgânico
CLI04211,55,6140.23,PR,Google
CLI04212,34,1315.51,SP,Instagram
CLI04213,40,9185.7,PR,Orgânico
CLI04214,41,6341.13,RJ,Orgânico
CLI04215,67,5498.85,RS,Google
CLI04216,25,4228.06,MG,Instagram
CLI04217,58,5555.24,PR,Orgânico
CLI04218,23,2600.1,RJ,Instagram
CLI04219,22,2727.13,MG,TikTok
CLI04220,61,11165.38,BA,Orgânico
CLI04221,46,8244.91,MG,Google
CLI04222,45,4991.08,MG,Orgânico
CLI04223,28,4697.65,RS,Instagram
CLI04224,18,2725.45,RJ,Google
CLI04225,60,3307.76,MG,Google
CLI04226,36,7405.01,MG,Orgânico
CLI04227,26,9909.33,PR,Orgânico
CLI04228,44,3511.13,MG,Google
CLI04229,51,4007.04,BA,Orgânico
CLI04230,61,10257.58,RS,Google
CLI04231,21,3849.73,SP,Google
CLI04232,53,9835.85,PE,Orgânico
CLI04233,35,5218.0,RJ,Orgânico
CLI04234,32,5143.7,MG,Orgânico
CLI04235,68,13233.42,BA,Google
CLI04236,30,6083.34,BA,TikTok
CLI04237,36,3637.12,PE,Orgânico
CLI04238,66,10039.12,MG,Orgânico
CLI04239,23,1246.42,SC,TikTok
CLI04240,65,9676.7,PE,TikTok
CLI04241,29,3525.49,PR,Instagram
CLI04242,68,8273.28,MG,Orgânico
CLI04243,54,9009.55,PR,Orgânico
CLI04244,34,3323.32,PR,TikTok
CLI04245,40,6278.34,SP,Instagram
CLI04246,43,4579.44,RJ,Orgânico
CLI04247,46,10238.17,SP,Orgânico
CLI04248,50,3418.52,RJ,Google
CLI04249,44,2933.65,SC,Orgânico
CLI04250,42,2516.86,BA,Google
CLI04251,27,7341.74,SP,Google
CLI04252,64,8238.34,PR,Orgânico
CLI04253,40,4046.64,PE,Orgânico
CLI04254,38,2400.32,PE,Orgânico
CLI04255,38,5027.73,MG,Google
CLI04256,60,11206.39,SC,Orgânico
CLI04257,30,6224.68,RJ,TikTok
CLI04258,54,3515.04,SP,Google
CLI04259,50,12601.54,SC,Instagram
CLI04260,41,4137.68,RS,Google
CLI04261,61,10601.57,SP,Orgânico
CLI04262,28,11413.38,PR,TikTok
CLI04263,34,8125.14,RS,TikTok
CLI04264,21,1636.17,SP,Instagram
CLI04265,64,7980.72,RJ,Google
CLI04266,42,6547.04,RS,Google
CLI04267,47,9969.79,BA,Google
CLI04268,26,6314.08,RS,Orgânico
CLI04269,38,6142.46,RJ,Orgânico
CLI04270,37,4191.72,MG,Google
CLI04271,36,4922.95,MG,Google
CLI04272,36,9030.35,PE,Google
CLI04273,29,5749.65,PE,Instagram
CLI04274,54,11371.28,RJ,Orgânico
CLI04275,59,3433.99,BA,Google
CLI04276,34,4955.74,RJ,TikTok
CLI04277,54,9171.89,RJ,Orgânico
CLI04278,65,7712.24,SC,Google
CLI04279,56,7701.24,RS,Google
CLI04280,45,7241.81,BA,Google
CLI04281,58,5537.99,SP,Google
CLI04282,52,7382.07,SC,Google
CLI04283,64,14624.18,BA,Orgânico
CLI04284,65,11906.92,PR,Orgânico
CLI04285,35,5428.47,MG,Google
CLI04286,31,3767.42,SP,Google
CLI04287,52,8287.94,MG,Orgânico
CLI04288,61,7573.12,BA,Google
CLI04289,58,4991.67,PR,Orgânico
CLI04290,24,3035.66,RJ,Instagram
CLI04291,58,10538.21,MG,TikTok
CLI04292,30,7519.83,RJ,TikTok
CLI04293,35,4006.27,MG,TikTok
CLI04294,54,12566.01,BA,Google
CLI04295,30,7297.6,PR,Instagram
CLI04296,53,4304.84,MG,Instagram
CLI04297,48,9204.23,PR,Orgânico
CLI04298,19,2633.49,BA,Orgânico
CLI04299,33,5351.86,SP,TikTok
CLI04300,26,2917.93,SC,Google
CLI04301,26,8810.11,PR,TikTok
CLI04302,55,14143.48,MG,Instagram
CLI04303,28,4656.05,SP,TikTok
CLI04304,39,7842.38,BA,Google
CLI04305,50,15198.13,PR,Google
CLI04306,53,10489.68,MG,Orgânico
CLI04307,62,6635.8,RS,Orgânico
CLI04308,40,9957.3,PR,Google
CLI04309,62,9905.7,PR,Orgânico
CLI04310,62,7547.42,RJ,Google
CLI04311,51,8401.72,MG,TikTok
CLI04312,26,6810.06,SC,TikTok
CLI04313,41,4061.44,PR,Orgânico
CLI04314,25,7687.98,PE,TikTok
CLI04315,24,4229.92,SP,TikTok
CLI04316,53,9581.36,MG,Google
CLI04317,35,6964.08,SC,TikTok
CLI04318,20,2633.42,MG,Instagram
CLI04319,45,5104.03,RS,Google
CLI04320,23,2619.15,SC,Instagram
CLI04321,61,6000.17,PE,Google
CLI04322,61,6673.76,SC,Orgânico
CLI04323,38,6349.03,PR,Orgânico
CLI04324,45,6142.17,RJ,Google
CLI04325,57,5920.37,MG,Google
CLI04326,18,1525.65,PE,TikTok
CLI04327,53,12201.97,SP,Google
CLI04328,38,8153.33,RS,Orgânico
CLI04329,60,11743.46,PE,Google
CLI04330,52,12348.02,SP,Orgânico
CLI04331,30,3085.39,RJ,Orgânico
CLI04332,66,9030.36,SP,TikTok
CLI04333,27,7060.85,MG,TikTok
CLI04334,61,11350.43,PE,Instagram
CLI04335,64,5775.59,SP,Instagram
CLI04336,27,1421.55,RS,Orgânico
CLI04337,63,3697.86,MG,Orgânico
CLI04338,30,7425.61,SC,Instagram
CLI04339,54,10744.84,PR,Orgânico
CLI04340,55,8768.5,RJ,Orgânico
CLI04341,41,7101.36,RJ,Orgânico
CLI04342,19,1776.18,BA,Instagram
CLI04343,39,4548.22,SP,Orgânico
CLI04344,34,6598.39,MG,Google
CLI04345,53,11855.09,RS,Google
CLI04346,31,3812.46,PR,TikTok
CLI04347,27,7434.34,RS,Instagram
CLI04348,52,10469.03,SP,Google
CLI04349,42,3004.28,RS,Google
CLI04350,20,3522.78,PE,Google
CLI04351,64,7766.78,PR,Orgânico
CLI04352,55,4167.78,MG,Google
CLI04353,34,6306.39,RS,TikTok
CLI04354,29,8764.77,SP,TikTok
CLI04355,69,10188.36,PE,Google
CLI04356,41,7748.34,PE,Google
CLI04357,46,11029.63,SP,Google
CLI04358,60,9217.62,RS,Google
CLI04359,42,7723.3,PE,Instagram
CLI04360,53,8759.99,BA,Instagram
CLI04361,43,3155.85,PR,Orgânico
CLI04362,55,4910.17,SP,Instagram
CLI04363,18,2760.25,RS,Instagram
CLI04364,37,5480.51,PR,Orgânico
CLI04365,45,6032.52,PE,Orgânico
CLI04366,33,7387.97,RS,TikTok
CLI04367,64,8605.69,RS,Google
CLI04368,34,10267.29,MG,TikTok
CLI04369,57,9054.22,PR,Google
CLI04370,45,11586.99,MG,Orgânico
CLI04371,29,4972.01,MG,TikTok
CLI04372,44,5443.73,SC,Google
CLI04373,59,9549.76,PR,Orgânico
CLI04374,64,11388.9,RJ,Google
CLI04375,47,12843.89,BA,Google
CLI04376,58,9729.95,SC,Google
CLI04377,51,8311.3,SC,Google
CLI04378,54,8291.92,PR,Instagram
CLI04379,23,1459.55,SC,Google
CLI04380,24,4194.97,SC,TikTok
CLI04381,49,10706.35,PE,Google
CLI04382,49,5108.99,BA,Orgânico
CLI04383,42,4922.38,SP,Orgânico
CLI04384,50,7544.83,BA,Orgânico
CLI04385,24,2802.47,BA,Instagram
CLI04386,69,5920.65,MG,Google
CLI04387,29,5075.77,RJ,Instagram
CLI04388,33,6108.67,PR,Google
CLI04389,33,3327.46,PE,TikTok
CLI04390,60,11191.4,BA,Orgânico
CLI04391,53,4683.34,SP,Orgânico
CLI04392,30,8860.35,RS,TikTok
CLI04393,24,2478.85,RS,Instagram
CLI04394,53,10234.88,PE,Google
CLI04395,64,3824.34,RJ,Instagram
CLI04396,68,9745.03,BA,Orgânico
CLI04397,26,4435.63,BA,Instagram
CLI04398,49,5246.83,PE,Google
CLI04399,28,8756.46,PE,Instagram
CLI04400,25,8106.57,RJ,Instagram
CLI04401,50,13152.33,SP,Google
CLI04402,40,5376.35,RS,Google
CLI04403,42,5344.78,PR,Instagram
CLI04404,25,6691.89,MG,TikTok
CLI04405,62,6277.93,BA,Orgânico
CLI04406,39,7778.64,SP,Orgânico
CLI04407,21,3016.1,SC,Google
CLI04408,57,6909.94,RS,Google
CLI04409,20,2462.09,BA,TikTok
CLI04410,46,6027.93,RJ,Google
CLI04411,58,12197.81,SC,Google
CLI04412,46,10695.58,PR,Google
CLI04413,51,8329.85,RS,Google
CLI04414,51,11073.7,RS,Orgânico
CLI04415,45,3118.78,MG,Google
CLI04416,30,5287.4,MG,Instagram
CLI04417,32,7149.39,MG,Instagram
CLI04418,40,4658.17,RS,Orgânico
CLI04419,61,8838.22,BA,Google
CLI04420,43,8002.13,BA,Google
CLI04421,21,3427.48,SC,Google
CLI04422,43,5573.42,BA,Instagram
CLI04423,57,15279.42,PR,Orgânico
CLI04424,26,6785.1,SC,Google
CLI04425,22,3664.13,RS,TikTok
CLI04426,49,9019.18,RJ,Orgânico
CLI04427,37,8853.07,MG,Orgânico
CLI04428,67,4899.54,PR,Google
CLI04429,28,3899.23,SC,Instagram
CLI04430,32,4439.48,BA,Google
CLI04431,49,10078.2,SC,TikTok
CLI04432,45,8092.06,BA,Google
CLI04433,39,7200.23,SC,Orgânico
CLI04434,58,7736.82,SC,Google
CLI04435,34,4931.76,RS,TikTok
CLI04436,43,8252.92,SC,Google
CLI04437,61,4201.31,PE,Orgânico
CLI04438,24,2121.45,RJ,Instagram
CLI04439,59,9277.59,MG,Google
CLI04440,43,5753.52,BA,Google
CLI04441,42,10120.43,SC,Google
CLI04442,27,5104.37,RJ,Instagram
CLI04443,62,6791.38,RS,Google
CLI04444,36,4050.53,BA,Orgânico
CLI04445,28,7034.97,PR,TikTok
CLI04446,30,4714.94,PR,TikTok
CLI04447,25,8239.13,RS,TikTok
CLI04448,57,6878.38,RJ,Orgânico
CLI04449,21,4128.55,BA,TikTok
CLI04450,64,5614.84,RJ,Orgânico
CLI04451,48,12778.94,BA,Google
CLI04452,45,8021.85,PE,Google
CLI04453,28,9366.83,RJ,Instagram
CLI04454,60,9760.55,PE,Orgânico
CLI04455,18,4113.17,PR,Instagram
CLI04456,66,12787.93,SC,Orgânico
CLI04457,64,7370.09,BA,Google
CLI04458,69,11258.17,BA,Google
CLI04459,55,8303.63,MG,Google
CLI04460,41,3374.78,SC,Google
CLI04461,64,5669.57,BA,Instagram
CLI04462,48,4709.05,SP,Google
CLI04463,58,5774.92,RJ,Google
CLI04464,63,11347.12,SC,Orgânico
CLI04465,67,10120.13,PE,Google
CLI04466,43,3880.96,MG,Google
CLI04467,66,2760.83,SC,Google
CLI04468,67,4663.12,SP,Google
CLI04469,22,3259.83,SP,Instagram
CLI04470,37,5506.35,SC,Google
CLI04471,69,11518.59,RS,Google
CLI04472,58,6356.85,RS,Google
CLI04473,28,7635.73,RS,TikTok
CLI04474,50,2959.4,MG,Google
CLI04475,67,6954.1,SC,Google
CLI04476,55,10356.65,RJ,Google
CLI04477,44,4574.44,MG,Instagram
CLI04478,51,6992.86,PE,Google
CLI04479,32,7708.4,PR,TikTok
CLI04480,49,10436.59,MG,Google
CLI04481,38,7603.57,SC,Orgânico
CLI04482,63,8944.79,SC,Google
CLI04483,22,3888.73,PR,TikTok
CLI04484,23,1799.36,SP,TikTok
CLI04485,55,13082.98,SC,Orgânico
CLI04486,39,6415.25,SP,Orgânico
CLI04487,35,9492.16,SP,Instagram
CLI04488,31,3304.63,RJ,Instagram
CLI04489,27,6259.84,RS,TikTok
CLI04490,63,4798.78,SP,Google
CLI04491,30,7240.19,MG,Orgânico
CLI04492,48,3240.21,RS,Google
CLI04493,47,10399.44,SP,Google
CLI04494,20,2179.42,RS,TikTok
CLI04495,47,11262.23,BA,Google
CLI04496,23,3977.44,BA,Instagram
CLI04497,46,11401.54,RJ,Orgânico
CLI04498,25,11566.47,SC,Instagram
CLI04499,61,8339.5,SC,Google
CLI04500,62,14342.16,PR,Google
CLI04501,60,6545.97,SP,Google
CLI04502,61,11682.38,MG,Google
CLI04503,50,9439.05,BA,TikTok
CLI04504,34,176.9,BA,Instagram
CLI04505,65,4052.93,PR,Orgânico
CLI04506,28,6055.93,PR,TikTok
CLI04507,30,3377.71,PE,TikTok
CLI04508,67,13203.2,BA,Instagram
CLI04509,28,10492.38,RJ,Instagram
CLI04510,48,8431.65,SC,Orgânico
CLI04511,45,10329.36,SP,Orgânico
CLI04512,61,8219.91,RS,Google
CLI04513,23,3135.98,RS,Instagram
CLI04514,58,8874.87,SP,Google
CLI04515,33,7313.73,SC,Instagram
CLI04516,21,2619.9,PE,TikTok
CLI04517,52,5164.2,PE,Google
CLI04518,65,1477.26,RS,Google
CLI04519,43,7455.09,RJ,Orgânico
CLI04520,29,5702.06,BA,Instagram
CLI04521,28,4426.34,RJ,TikTok
CLI04522,54,2144.88,RJ,Orgânico
CLI04523,42,5961.05,MG,Instagram
CLI04524,35,2141.04,SP,TikTok
CLI04525,36,5714.45,PE,Google
CLI04526,40,3311.32,BA,Instagram
CLI04527,55,8366.75,RJ,Orgânico
CLI04528,35,2877.91,RJ,TikTok
CLI04529,43,8025.38,SC,Orgânico
CLI04530,23,2274.14,PR,Google
CLI04531,21,3446.96,PE,Instagram
CLI04532,61,12478.17,PR,Orgânico
CLI04533,68,5443.1,PR,Orgânico
CLI04534,46,2070.22,SP,Google
CLI04535,51,8384.13,MG,Orgânico
CLI04536,34,4886.53,SP,Instagram
CLI04537,60,8950.75,RS,Orgânico
CLI04538,60,10224.12,SC,Orgânico
CLI04539,33,3471.33,RJ,TikTok
CLI04540,19,3224.19,SP,Instagram
CLI04541,51,8882.12,PE,Google
CLI04542,25,6337.39,PR,Instagram
CLI04543,30,6655.28,MG,TikTok
CLI04544,59,8899.87,PE,Google
CLI04545,25,7216.19,SC,TikTok
CLI04546,47,13988.51,RJ,Google
CLI04547,49,4019.52,BA,Instagram
CLI04548,53,11467.85,MG,Google
CLI04549,64,2987.56,SP,Orgânico
CLI04550,47,13379.16,SP,Orgânico
CLI04551,18,2774.52,PE,Instagram
CLI04552,60,8569.01,PE,Google
CLI04553,56,3112.42,PE,Orgânico
CLI04554,34,5093.27,MG,Instagram
CLI04555,37,10931.85,MG,Orgânico
CLI04556,41,6506.48,RJ,Google
CLI04557,67,8718.08,BA,TikTok
CLI04558,39,2696.92,PR,Orgânico
CLI04559,46,11134.64,BA,Orgânico
CLI04560,39,5673.44,BA,Orgânico
CLI04561,61,3803.12,MG,Orgânico
CLI04562,26,7711.99,RJ,TikTok
CLI04563,54,6268.4,MG,Google
CLI04564,27,7344.91,RS,Instagram
CLI04565,53,9644.09,MG,Google
CLI04566,54,5955.05,RS,Orgânico
CLI04567,45,10112.33,PR,Google
CLI04568,45,9962.42,RJ,Google
CLI04569,59,10169.95,SP,Google
CLI04570,60,6776.62,RJ,Google
CLI04571,38,7275.86,RJ,Instagram
CLI04572,41,2886.93,PE,Google
CLI04573,59,9920.55,RJ,Google
CLI04574,57,13033.37,PE,Orgânico
CLI04575,19,3625.09,PR,TikTok
CLI04576,25,6858.01,PR,Instagram
CLI04577,65,4668.64,SC,Orgânico
CLI04578,44,8690.37,RS,Orgânico
CLI04579,39,5321.59,SP,Google
CLI04580,54,13010.07,PR,TikTok
CLI04581,44,6891.29,RS,Orgânico
CLI04582,46,10732.0,PR,Google
CLI04583,20,3429.45,RJ,Instagram
CLI04584,61,6939.44,RJ,Google
CLI04585,30,7853.04,RS,TikTok
CLI04586,62,10698.71,MG,Orgânico
CLI04587,27,8406.92,MG,Orgânico
CLI04588,53,4572.85,MG,Google
CLI04589,26,3945.37,RS,Instagram
CLI04590,44,5722.05,PR,Orgânico
CLI04591,51,8534.03,PE,Google
CLI04592,68,11323.52,MG,Google
CLI04593,18,1298.53,SP,Instagram
CLI04594,49,1236.93,RS,Google
CLI04595,42,8408.0,PE,Orgânico
CLI04596,46,8541.88,PE,Google
CLI04597,24,3096.51,MG,Instagram
CLI04598,66,11320.94,SC,Google
CLI04599,20,3467.07,SC,TikTok
CLI04600,37,5467.87,RJ,Orgânico
CLI04601,37,1028.41,PR,Orgânico
CLI04602,47,4375.91,RS,Instagram
CLI04603,52,7783.1,SC,Orgânico
CLI04604,52,10105.47,SP,Instagram
CLI04605,66,8902.84,RJ,Google
CLI04606,56,5937.43,SC,TikTok
CLI04607,44,3850.02,BA,Google
CLI04608,43,5995.31,MG,Orgânico
CLI04609,31,11860.64,SC,TikTok
CLI04610,34,9691.6,PE,TikTok
CLI04611,35,6105.24,SC,Orgânico
CLI04612,62,2850.55,RJ,Google
CLI04613,69,6711.77,PR,Instagram
CLI04614,46,2792.63,MG,Orgânico
CLI04615,37,6724.37,MG,Orgânico
CLI04616,44,4950.21,BA,Orgânico
CLI04617,35,7808.3,MG,Instagram
CLI04618,21,4332.11,MG,Google
CLI04619,18,2785.79,PR,Google
CLI04620,67,7699.96,MG,TikTok
CLI04621,18,3140.46,PR,TikTok
CLI04622,43,7495.22,RJ,Google
CLI04623,62,12811.9,SP,Google
CLI04624,37,5163.98,PR,Orgânico
CLI04625,69,8085.04,MG,Orgânico
CLI04626,40,8059.52,RJ,Google
CLI04627,27,5066.98,RJ,Google
CLI04628,28,5182.17,SC,Instagram
CLI04629,58,8648.77,SC,Google
CLI04630,58,5695.8,PE,Google
CLI04631,22,3783.41,PE,TikTok
CLI04632,18,2800.28,SP,Google
CLI04633,34,7366.13,SP,TikTok
CLI04634,39,6789.05,SC,Orgânico
CLI04635,51,8228.72,RS,Orgânico
CLI04636,62,6830.41,SC,Google
CLI04637,58,5297.21,RJ,Orgânico
CLI04638,46,6846.53,BA,Orgânico
CLI04639,21,3823.68,BA,Instagram
CLI04640,22,4585.98,PR,Instagram
CLI04641,28,5421.03,PE,Instagram
CLI04642,68,7160.25,SC,Orgânico
CLI04643,38,6852.05,PE,Orgânico
CLI04644,52,8572.68,MG,Google
CLI04645,29,8537.93,PR,Orgânico
CLI04646,43,9406.54,RS,Google
CLI04647,68,9496.38,PR,Google
CLI04648,36,7186.34,MG,Orgânico
CLI04649,62,3336.14,BA,Google
CLI04650,24,3985.86,MG,TikTok
CLI04651,64,10041.14,MG,Instagram
CLI04652,24,2522.42,RJ,Instagram
CLI04653,43,3889.8,PE,Orgânico
CLI04654,57,7258.65,BA,Instagram
CLI04655,22,2361.44,PE,TikTok
CLI04656,38,4612.6,SC,Orgânico
CLI04657,31,5556.79,RS,TikTok
CLI04658,21,2758.74,SC,TikTok
CLI04659,40,4667.37,RJ,Orgânico
CLI04660,59,15455.1,BA,Google
CLI04661,37,7697.67,PR,Google
CLI04662,32,6792.54,RJ,Google
CLI04663,67,9292.32,SC,Instagram
CLI04664,69,5605.11,SP,Google
CLI04665,62,367.54,PE,Google
CLI04666,46,11111.79,RJ,Google
CLI04667,25,2670.67,SP,Instagram
CLI04668,58,11150.35,SP,Google
CLI04669,65,5717.04,RS,Google
CLI04670,36,5422.0,MG,Google
CLI04671,65,10564.5,MG,Orgânico
CLI04672,56,11211.05,PE,Orgânico
CLI04673,63,8698.97,MG,Google
CLI04674,45,8549.72,PE,Google
CLI04675,63,9859.12,SP,Orgânico
CLI04676,44,7338.09,SC,Google
CLI04677,21,2540.32,MG,Google
CLI04678,32,4667.04,RS,TikTok
CLI04679,52,1672.82,MG,Google
CLI04680,54,10299.52,PE,TikTok
CLI04681,18,3456.98,PR,Google
CLI04682,20,4112.51,RS,TikTok
CLI04683,64,9211.13,SP,Orgânico
CLI04684,41,8264.81,SP,Google
CLI04685,44,4756.47,MG,Instagram
CLI04686,57,6635.53,PR,Google
CLI04687,53,6172.33,PR,TikTok
CLI04688,51,10745.86,RJ,Google
CLI04689,46,15532.23,RJ,Google
CLI04690,41,5145.78,MG,Google
CLI04691,41,6686.1,RS,TikTok
CLI04692,59,11778.52,SP,Orgânico
CLI04693,21,3324.03,RS,TikTok
CLI04694,20,2323.56,PR,Instagram
CLI04695,51,11674.56,PE,Google
CLI04696,66,10309.05,PR,Google
CLI04697,40,7864.75,PR,Google
CLI04698,69,10439.86,SP,Google
CLI04699,40,4127.7,BA,Google
CLI04700,62,14098.61,RJ,Orgânico
CLI04701,22,1773.92,BA,Google
CLI04702,48,6697.02,MG,Google
CLI04703,58,9517.93,RJ,Orgânico
CLI04704,23,1740.53,PE,TikTok
CLI04705,54,8284.28,PE,Instagram
CLI04706,27,4465.45,PR,Google
CLI04707,57,8265.1,RS,Google
CLI04708,24,3638.8,RS,TikTok
CLI04709,56,5534.53,PR,Google
CLI04710,55,3791.55,SP,Orgânico
CLI04711,38,9130.21,BA,Google
CLI04712,37,7000.67,SP,Orgânico
CLI04713,20,3082.49,BA,Instagram
CLI04714,68,9189.6,BA,Instagram
CLI04715,39,6614.41,SP,Orgânico
CLI04716,64,2400.3,MG,Orgânico
CLI04717,21,3455.81,SC,Google
CLI04718,45,5371.13,PE,Google
CLI04719,29,5471.04,RS,TikTok
CLI04720,55,11638.33,BA,Google
CLI04721,68,7553.37,SC,Google
CLI04722,53,6718.3,RS,Orgânico
CLI04723,64,11367.17,BA,Orgânico
CLI04724,58,9486.04,BA,Orgânico
CLI04725,22,758.47,BA,TikTok
CLI04726,30,7261.36,MG,TikTok
CLI04727,40,5259.14,RS,Orgânico
CLI04728,67,5198.33,MG,Orgânico
CLI04729,47,14088.66,MG,Orgânico
CLI04730,54,8338.64,RJ,Orgânico
CLI04731,42,6166.08,RS,Orgânico
CLI04732,65,4631.17,MG,Instagram
CLI04733,44,7796.69,RJ,Orgânico
CLI04734,68,6056.41,RS,Instagram
CLI04735,31,6570.97,SP,TikTok
CLI04736,65,4545.44,RS,Orgânico
CLI04737,64,8210.59,PR,Instagram
CLI04738,53,6092.34,SC,Google
CLI04739,56,7053.82,PR,TikTok
CLI04740,33,9974.8,SC,Instagram
CLI04741,39,7300.62,SP,Google
CLI04742,38,7716.92,SC,Google
CLI04743,38,6501.89,SP,TikTok
CLI04744,25,6732.11,RS,Instagram
CLI04745,66,12836.81,PR,Google
CLI04746,33,5852.14,RJ,Instagram
CLI04747,48,10372.04,RS,Google
CLI04748,59,3266.34,BA,Orgânico
CLI04749,27,5880.78,RS,TikTok
CLI04750,49,11565.86,SC,Orgânico
CLI04751,51,4487.21,BA,TikTok
CLI04752,26,6569.02,BA,Google
CLI04753,34,5466.12,RS,Instagram
CLI04754,28,9352.04,PE,Instagram
CLI04755,49,13042.36,MG,Google
CLI04756,27,6663.35,RJ,Instagram
CLI04757,39,6084.5,RJ,Google
CLI04758,34,5191.69,SP,TikTok
CLI04759,21,1639.09,PR,Google
CLI04760,65,5925.21,MG,Orgânico
CLI04761,69,6793.73,PE,Orgânico
CLI04762,64,7424.52,PR,Orgânico
CLI04763,42,9136.4,PE,Google
CLI04764,38,6696.44,BA,Orgânico
CLI04765,54,6339.02,BA,Orgânico
CLI04766,55,5261.11,PR,Google
CLI04767,66,11169.87,RJ,Orgânico
CLI04768,18,3171.99,MG,TikTok
CLI04769,42,7286.47,SC,Google
CLI04770,68,9173.05,PE,Orgânico
CLI04771,53,8273.96,BA,Orgânico
CLI04772,34,6067.2,MG,Orgânico
CLI04773,58,10319.47,PE,Orgânico
CLI04774,41,5761.09,SP,TikTok
CLI04775,19,3485.55,RS,Instagram
CLI04776,57,10326.24,RJ,Google
CLI04777,32,1229.98,MG,Google
CLI04778,49,8006.03,SP,Google
CLI04779,56,8915.63,SC,Orgânico
CLI04780,23,3225.08,PR,TikTok
CLI04781,18,2724.01,PR,TikTok
CLI04782,64,8482.25,SP,Google
CLI04783,40,7994.68,RJ,Google
CLI04784,56,2675.47,PR,Google
CLI04785,34,9149.87,PE,TikTok
CLI04786,51,4596.89,RJ,Google
CLI04787,58,7518.64,RJ,Orgânico
CLI04788,46,5752.61,PR,Google
CLI04789,26,3035.76,SC,TikTok
CLI04790,30,4125.91,PE,Orgânico
CLI04791,23,2178.2,RS,TikTok
CLI04792,23,1719.06,PE,Instagram
CLI04793,37,1712.75,MG,Orgânico
CLI04794,69,9217.07,RS,Instagram
CLI04795,20,2178.92,PR,Instagram
CLI04796,34,7178.46,MG,Instagram
CLI04797,66,3281.96,RJ,Google
CLI04798,29,10234.75,BA,TikTok
CLI04799,65,13981.87,SC,Google
CLI04800,64,8473.24,RJ,Google
CLI04801,62,8323.33,BA,Google
CLI04802,18,2379.51,SC,TikTok
CLI04803,34,3048.26,BA,Instagram
CLI04804,20,3793.54,RS,Instagram
CLI04805,43,5737.76,RS,Google
CLI04806,32,5313.55,RS,TikTok
CLI04807,53,527.74,SP,Orgânico
CLI04808,49,9396.85,PE,Google
CLI04809,49,14399.38,RS,Orgânico
CLI04810,21,2758.56,SC,Instagram
CLI04811,35,6835.36,SC,TikTok
CLI04812,66,10032.24,RS,Instagram
CLI04813,36,4681.15,RJ,Orgânico
CLI04814,60,9588.12,RS,Google
CLI04815,69,13174.1,RS,Google
CLI04816,52,10381.01,PE,Google
CLI04817,57,10120.55,PR,Google
CLI04818,31,5761.15,BA,TikTok
CLI04819,50,8856.22,PR,Orgânico
CLI04820,31,7832.76,BA,Instagram
CLI04821,51,7808.79,MG,Google
CLI04822,21,3005.24,SP,Instagram
CLI04823,41,6236.06,PE,Instagram
CLI04824,46,4110.97,PE,TikTok
CLI04825,36,6147.48,PE,Google
CLI04826,23,3794.1,SC,TikTok
CLI04827,50,7249.19,MG,Google
CLI04828,66,8991.68,PE,Orgânico
CLI04829,57,5218.18,RS,Orgânico
CLI04830,36,9937.72,SC,Google
CLI04831,18,1972.22,SC,TikTok
CLI04832,22,2735.18,SP,Orgânico
CLI04833,44,7720.37,SP,Google
CLI04834,33,5770.37,BA,TikTok
CLI04835,23,3207.11,MG,Google
CLI04836,57,7982.62,PE,Instagram
CLI04837,30,9743.43,PR,TikTok
CLI04838,65,2058.11,SC,TikTok
CLI04839,52,8434.59,RJ,Orgânico
CLI04840,36,6325.23,MG,Orgânico
CLI04841,29,6540.1,SC,TikTok
CLI04842,33,8797.25,BA,TikTok
CLI04843,60,6806.23,SP,Orgânico
CLI04844,27,3086.12,RS,TikTok
CLI04845,42,7736.11,SP,Orgânico
CLI04846,37,6993.4,SP,Google
CLI04847,48,8739.37,SP,Orgânico
CLI04848,21,3310.14,RS,TikTok
CLI04849,61,9418.31,PE,Google
CLI04850,40,6041.39,PR,Instagram
CLI04851,19,4015.69,PR,Instagram
CLI04852,39,4817.02,SC,Orgânico
CLI04853,68,12327.97,PE,Google
CLI04854,54,10867.9,SC,Google
CLI04855,25,10721.76,MG,TikTok
CLI04856,24,2602.68,SP,Instagram
CLI04857,31,2444.05,BA,TikTok
CLI04858,20,3324.88,SP,Instagram
CLI04859,67,8227.52,RS,Orgânico
CLI04860,33,6783.77,RJ,TikTok
CLI04861,36,4021.24,PE,Orgânico
CLI04862,68,8278.92,RJ,Orgânico
CLI04863,35,5757.76,SP,Instagram
CLI04864,69,9596.79,RJ,Orgânico
CLI04865,33,4246.5,RJ,Instagram
CLI04866,25,7837.61,SP,TikTok
CLI04867,50,8371.97,PR,Google
CLI04868,66,8677.69,PR,Google
CLI04869,29,7595.02,PE,Instagram
CLI04870,28,5562.88,BA,TikTok
CLI04871,22,2139.48,PE,Orgânico
CLI04872,44,8326.99,SC,Orgânico
CLI04873,29,4590.3,PR,Instagram
CLI04874,34,4796.7,SP,TikTok
CLI04875,23,3618.85,BA,Google
CLI04876,50,8641.98,RJ,Google
CLI04877,22,2898.67,SP,Instagram
CLI04878,45,9886.43,MG,TikTok
CLI04879,31,8012.48,BA,TikTok
CLI04880,22,2314.05,RJ,TikTok
CLI04881,50,10071.08,SP,Orgânico
CLI04882,67,9953.1,PE,Google
CLI04883,65,8644.3,BA,Orgânico
CLI04884,58,13151.36,PE,Orgânico
CLI04885,36,7397.81,SC,Orgânico
CLI04886,39,10489.8,SC,Google
CLI04887,22,3562.6,RJ,Instagram
CLI04888,19,1580.98,PR,Instagram
CLI04889,47,6605.6,SC,Orgânico
CLI04890,64,10581.09,RS,Orgânico
CLI04891,56,7242.1,MG,Google
CLI04892,21,2830.04,PE,Instagram
CLI04893,50,5042.24,RS,Orgânico
CLI04894,30,5992.66,RS,TikTok
CLI04895,37,8043.45,BA,Google
CLI04896,24,3132.69,RS,Instagram
CLI04897,32,5193.82,RJ,Instagram
CLI04898,40,6175.25,MG,Google
CLI04899,31,6944.19,RJ,Instagram
CLI04900,40,6278.45,PR,Orgânico
CLI04901,36,6301.37,SP,Orgânico
CLI04902,46,9617.15,RS,Google
CLI04903,37,5134.05,RJ,Google
CLI04904,46,7950.69,SP,Google
CLI04905,41,8456.93,RJ,Google
CLI04906,35,3052.32,BA,TikTok
CLI04907,27,1266.06,PR,Instagram
CLI04908,58,810.35,MG,TikTok
CLI04909,25,7786.95,SP,TikTok
CLI04910,43,4960.12,MG,Orgânico
CLI04911,46,11039.51,PE,Google
CLI04912,27,6119.31,RJ,Instagram
CLI04913,34,5673.88,BA,TikTok
CLI04914,19,3996.03,RS,Instagram
CLI04915,23,2958.79,RJ,Instagram
CLI04916,22,3300.29,PE,TikTok
CLI04917,45,12145.16,PR,Google
CLI04918,58,7387.85,RJ,Orgânico
CLI04919,22,3747.05,PR,TikTok
CLI04920,35,7387.65,RJ,Instagram
CLI04921,43,7257.63,RS,Google
CLI04922,37,5900.99,MG,Orgânico
CLI04923,58,11790.25,RJ,Google
CLI04924,66,1408.44,SP,TikTok
CLI04925,44,6564.76,PE,Google
CLI04926,66,6900.56,SC,Orgânico
CLI04927,29,8078.88,SP,TikTok
CLI04928,24,2836.05,BA,Instagram
CLI04929,20,2549.43,SP,Orgânico
CLI04930,27,10784.6,PR,TikTok
CLI04931,51,7213.06,RJ,Orgânico
CLI04932,42,6136.85,PE,Orgânico
CLI04933,52,7265.14,MG,Google
CLI04934,33,7809.5,BA,Orgânico
CLI04935,19,3091.45,RJ,Instagram
CLI04936,41,7076.07,SC,Orgânico
CLI04937,27,9459.57,RJ,TikTok
CLI04938,55,11859.29,SC,Orgânico
CLI04939,39,4151.39,SC,Orgânico
CLI04940,43,5527.15,SP,Google
CLI04941,60,10058.94,SC,Orgânico
CLI04942,56,7320.31,SC,Orgânico
CLI04943,44,4208.62,RS,Instagram
CLI04944,46,2484.11,BA,Google
CLI04945,64,10199.61,BA,Orgânico
CLI04946,55,9954.81,MG,Orgânico
CLI04947,37,5769.09,RS,Google
CLI04948,44,4893.14,PR,Instagram
CLI04949,58,4660.73,RJ,Orgânico
CLI04950,37,6572.76,MG,Google
CLI04951,61,4054.04,PR,Google
CLI04952,36,5505.63,SP,Google
CLI04953,37,5755.6,MG,Google
CLI04954,52,2447.49,MG,Orgânico
CLI04955,64,10032.58,SP,Google
CLI04956,19,3934.86,PE,Instagram
CLI04957,47,10448.78,SC,Google
CLI04958,51,9194.64,SP,Google
CLI04959,39,8355.14,RJ,Orgânico
CLI04960,20,4067.6,SP,TikTok
CLI04961,23,2562.25,BA,TikTok
CLI04962,32,2178.04,MG,Orgânico
CLI04963,44,4674.02,BA,Google
CLI04964,27,4822.59,PE,Orgânico
CLI04965,26,4317.76,BA,Instagram
CLI04966,50,8187.11,SP,Orgânico
CLI04967,49,6093.33,RJ,Instagram
CLI04968,65,12839.24,BA,Google
CLI04969,23,2488.65,PE,TikTok
CLI04970,58,10688.84,SC,Instagram
CLI04971,53,7690.09,SC,TikTok
CLI04972,19,2486.54,PR,Instagram
CLI04973,46,5312.89,RS,Google
CLI04974,21,3473.33,PR,Instagram
CLI04975,18,2313.81,RJ,TikTok
CLI04976,36,6030.78,PR,Orgânico
CLI04977,43,1842.96,SC,Google
CLI04978,42,5380.3,BA,Instagram
CLI04979,27,8230.26,BA,TikTok
CLI04980,32,8818.9,RS,TikTok
CLI04981,39,7437.73,SC,Google
CLI04982,68,11393.86,BA,Orgânico
CLI04983,65,8113.34,PR,Google
CLI04984,38,7448.0,SP,Orgânico
CLI04985,39,5765.62,SC,Google
CLI04986,53,5387.17,BA,Google
CLI04987,51,9988.26,PR,Instagram
CLI04988,47,7093.61,PR,Orgânico
CLI04989,42,6692.33,BA,Google
CLI04990,62,1909.17,PE,Orgânico
CLI04991,45,9360.54,BA,Orgânico
CLI04992,18,4112.67,RJ,Orgânico
CLI04993,66,2672.73,RJ,TikTok
CLI04994,62,9114.69,SC,Orgânico
CLI04995,21,4516.9,MG,TikTok
CLI04996,24,1911.33,PE,TikTok
CLI04997,66,6489.5,PR,Google
CLI04998,26,3994.92,BA,Instagram
CLI04999,53,12289.37,SP,Orgânico
CLI05000,36,7383.41,MG,Orgânico
CLI05001,18,2040.64,PR,TikTok
CLI05002,27,8949.39,MG,Instagram
CLI05003,53,9182.94,PR,Orgânico
CLI05004,26,4025.5,PR,Instagram
CLI05005,62,7506.2,MG,Orgânico
CLI05006,63,9301.15,RJ,Orgânico
CLI05007,59,5910.14,PE,Google
CLI05008,49,7329.24,PR,Orgânico
CLI05009,49,10282.62,SC,Orgânico
CLI05010,23,3732.66,PE,TikTok
CLI05011,65,1851.68,MG,Google
CLI05012,55,13929.73,RS,Orgânico
CLI05013,34,8374.25,PE,Instagram
CLI05014,27,3772.31,RJ,TikTok
CLI05015,67,11483.28,SP,Google
CLI05016,44,5743.74,BA,Google
CLI05017,67,5816.11,PR,Orgânico
CLI05018,52,7324.19,RS,Google
CLI05019,69,7839.21,PR,Google
CLI05020,38,4890.67,RS,Instagram
CLI05021,42,2295.31,SC,Google
CLI05022,45,7769.52,RJ,Google
CLI05023,64,3144.36,PR,Google
CLI05024,32,2850.26,BA,Instagram
CLI05025,21,3509.24,RS,Instagram
CLI05026,46,7314.98,RJ,Google
CLI05027,26,6678.28,BA,TikTok
CLI05028,44,4018.71,PR,Google
CLI05029,43,4851.87,RS,Google
CLI05030,36,2327.02,SP,Orgânico
CLI05031,45,8422.23,PE,Instagram
CLI05032,34,3400.25,RS,TikTok
CLI05033,60,10421.77,SC,Orgânico
CLI05034,58,14766.55,SP,Instagram
CLI05035,59,8370.49,BA,Google
CLI05036,67,10207.38,PE,Google
CLI05037,37,6122.51,SP,Google
CLI05038,62,6862.45,RS,Google
CLI05039,57,7188.75,PE,Orgânico
CLI05040,56,4948.06,MG,Google
CLI05041,66,6392.02,SP,Google
CLI05042,40,5543.56,SC,Orgânico
CLI05043,64,6486.01,SC,Orgânico
CLI05044,49,15805.5,RS,Google
CLI05045,69,9536.83,PR,Google
CLI05046,64,14003.07,RS,Orgânico
CLI05047,50,12477.95,SP,Google
CLI05048,63,6082.26,BA,Orgânico
CLI05049,22,2435.57,RJ,Instagram
CLI05050,60,6695.53,MG,Google
CLI05051,65,7514.53,RS,Google
CLI05052,51,5070.7,MG,Orgânico
CLI05053,57,6675.39,MG,Orgânico
CLI05054,28,3520.79,SC,TikTok
CLI05055,67,8999.37,SC,Google
CLI05056,20,3686.62,PR,Instagram
CLI05057,50,7820.98,SP,Orgânico
CLI05058,28,6505.79,PE,Instagram
CLI05059,33,4616.14,SC,TikTok
CLI05060,35,6979.92,MG,Google
CLI05061,47,2457.21,PE,Instagram
CLI05062,65,9970.43,SC,Orgânico
CLI05063,27,9481.72,RS,TikTok
CLI05064,35,5346.51,SP,Instagram
CLI05065,55,6934.31,SC,Orgânico
CLI05066,36,6462.81,RS,Google
CLI05067,53,10747.81,SP,Orgânico
CLI05068,30,6455.89,PR,Instagram
CLI05069,63,9884.74,SC,Google
CLI05070,20,3181.92,SP,Orgânico
CLI05071,27,5251.65,RS,TikTok
CLI05072,55,2482.17,RS,Orgânico
CLI05073,18,3203.3,SP,Instagram
CLI05074,44,4076.95,RS,Instagram
CLI05075,63,12289.88,BA,Orgânico
CLI05076,25,769.06,RJ,Instagram
CLI05077,68,5544.0,PR,Orgânico
CLI05078,63,8795.34,SC,TikTok
CLI05079,59,11087.38,RJ,Google
CLI05080,34,4665.55,SC,Instagram
CLI05081,26,247.94,PE,TikTok
CLI05082,23,2812.39,MG,TikTok
CLI05083,60,9731.13,MG,Orgânico
CLI05084,42,7884.35,SP,Google
CLI05085,56,6284.39,RJ,Instagram
CLI05086,66,4660.63,BA,Orgânico
CLI05087,45,10017.94,SP,Orgânico
CLI05088,50,10001.82,SP,Google
CLI05089,54,9986.82,BA,Google
CLI05090,26,5230.84,SP,Instagram
CLI05091,35,4237.72,MG,TikTok
CLI05092,38,3988.57,BA,Google
CLI05093,19,4212.25,RS,TikTok
CLI05094,60,974.61,SP,Google
CLI05095,55,13153.84,BA,Orgânico
CLI05096,57,3976.86,BA,Google
CLI05097,53,4741.27,RS,Google
CLI05098,67,7137.16,BA,Google
CLI05099,60,3038.09,RS,Orgânico
CLI05100,54,6855.24,BA,Google
CLI05101,32,4493.78,SP,Orgânico
CLI05102,45,7299.98,SP,Orgânico
CLI05103,35,6250.27,SP,Instagram
CLI05104,51,6969.39,RJ,Orgânico
CLI05105,39,3790.75,SC,Orgânico
CLI05106,28,4638.56,RJ,TikTok
CLI05107,30,10073.16,PR,Orgânico
CLI05108,21,2383.35,RS,TikTok
CLI05109,39,8465.73,PE,Google
CLI05110,24,3153.16,RJ,TikTok
CLI05111,60,10630.12,BA,Orgânico
CLI05112,41,7804.98,RS,Google
CLI05113,21,3955.37,BA,Instagram
CLI05114,45,6268.14,RS,Orgânico
CLI05115,32,8754.73,RS,TikTok
CLI05116,18,2435.75,PR,TikTok
CLI05117,20,3396.61,PE,TikTok
CLI05118,31,2760.16,MG,TikTok
CLI05119,55,2058.28,BA,Google
CLI05120,67,4835.04,SC,Orgânico
CLI05121,18,2522.1,SP,Instagram
CLI05122,55,8449.01,PR,Orgânico
CLI05123,55,11072.49,MG,Google
CLI05124,38,4691.63,SC,Orgânico
CLI05125,65,4462.03,BA,Google
CLI05126,46,6884.86,PR,TikTok
CLI05127,22,2321.9,MG,TikTok
CLI05128,66,7213.38,PE,Orgânico
CLI05129,27,7605.9,SP,TikTok
CLI05130,45,2831.77,MG,Google
CLI05131,38,4827.54,MG,Orgânico
CLI05132,67,6791.18,SP,Orgânico
CLI05133,24,3658.39,RS,Instagram
CLI05134,20,3033.23,RS,TikTok
CLI05135,62,3881.96,PR,Google
CLI05136,64,10060.51,MG,Instagram
CLI05137,37,4082.59,SP,Orgânico
CLI05138,36,9641.93,PR,Google
CLI05139,52,11001.64,SP,Google
CLI05140,21,3483.28,RJ,TikTok
CLI05141,22,4088.81,BA,Orgânico
CLI05142,18,3051.83,PR,Instagram
CLI05143,21,3612.35,RJ,Instagram
CLI05144,29,8750.36,RS,TikTok
CLI05145,44,9747.15,BA,Orgânico
CLI05146,59,833.08,MG,Orgânico
CLI05147,40,5834.32,BA,Instagram
CLI05148,42,5100.27,BA,Orgânico
CLI05149,38,5159.52,PE,Instagram
CLI05150,69,10141.46,MG,Orgânico
CLI05151,41,3376.08,PE,TikTok
CLI05152,42,6932.94,MG,Orgânico
CLI05153,62,6422.89,PE,Google
CLI05154,63,7713.4,PR,Orgânico
CLI05155,49,5076.41,BA,Google
CLI05156,49,10935.68,SC,Google
CLI05157,22,3494.85,PR,TikTok
CLI05158,53,8365.87,PR,Google
CLI05159,63,9860.52,SC,Google
CLI05160,59,7784.87,PR,TikTok
CLI05161,66,5547.38,RS,Instagram
CLI05162,59,7810.94,RJ,Google
CLI05163,56,5431.46,SC,Google
CLI05164,33,7896.41,SC,TikTok
CLI05165,50,10990.81,BA,Orgânico
CLI05166,66,4475.07,PE,Instagram
CLI05167,38,7634.97,RJ,Google
CLI05168,26,2764.18,SC,TikTok
CLI05169,23,1582.48,BA,TikTok
CLI05170,68,8095.24,SC,Google
CLI05171,62,8961.21,RJ,Google
CLI05172,52,1568.94,SP,Google
CLI05173,56,10069.55,SP,Instagram
CLI05174,39,7751.95,PE,Orgânico
CLI05175,58,7932.96,RS,Google
CLI05176,22,1654.42,PE,Orgânico
CLI05177,59,6344.13,SP,Orgânico
CLI05178,40,1742.82,RJ,Orgânico
CLI05179,34,6900.82,MG,Instagram
CLI05180,29,4940.78,PE,Instagram
CLI05181,40,4505.15,PR,Google
CLI05182,33,7120.83,BA,Instagram
CLI05183,20,1908.26,SC,Orgânico
CLI05184,47,8763.37,BA,TikTok
CLI05185,39,7267.15,RJ,Orgânico
CLI05186,26,6975.57,PR,TikTok
CLI05187,46,14855.45,RJ,Orgânico
CLI05188,64,10881.59,SC,Google
CLI05189,54,4581.38,MG,Orgânico
CLI05190,40,7360.61,RJ,Orgânico
CLI05191,30,6170.61,PR,Instagram
CLI05192,49,8133.49,RS,TikTok
CLI05193,63,10060.62,PR,Google
CLI05194,69,10391.05,SC,Google
CLI05195,64,3921.24,BA,Google
CLI05196,65,11843.23,RS,Instagram
CLI05197,40,5500.65,SP,Instagram
CLI05198,62,6212.29,SC,Orgânico
CLI05199,34,6549.79,RS,TikTok
CLI05200,57,10425.73,RS,Orgânico
CLI05201,38,211.63,PE,Google
CLI05202,19,4253.48,SC,TikTok
CLI05203,54,6728.12,BA,Google
CLI05204,23,3140.54,SP,TikTok
CLI05205,61,5473.51,MG,Google
CLI05206,35,5725.8,RJ,Instagram
CLI05207,47,7192.49,PR,Orgânico
CLI05208,39,7991.04,PE,Orgânico
CLI05209,50,9661.63,RJ,Google
CLI05210,47,11770.25,PE,Orgânico
CLI05211,34,3363.18,RJ,Instagram
CLI05212,60,6414.21,PR,Google
CLI05213,49,8057.21,SP,Orgânico
CLI05214,59,7902.33,PR,Google
CLI05215,68,1546.84,BA,Google
CLI05216,31,9676.87,SP,TikTok
CLI05217,27,2512.61,PE,TikTok
CLI05218,64,7481.31,SP,TikTok
CLI05219,68,9536.98,SC,Instagram
CLI05220,53,9390.92,BA,Orgânico
CLI05221,51,2687.92,MG,Google
CLI05222,26,7662.73,RS,Instagram
CLI05223,59,8535.76,SC,Orgânico
CLI05224,45,9870.12,PE,Google
CLI05225,28,6201.24,MG,Instagram
CLI05226,31,7028.28,SP,Orgânico
CLI05227,56,11736.76,RS,Orgânico
CLI05228,64,5331.8,RS,TikTok
CLI05229,36,2776.43,SC,Orgânico
CLI05230,32,6313.94,RJ,Google
CLI05231,45,6893.7,PR,Orgânico
CLI05232,41,3398.73,PR,Google
CLI05233,25,6595.34,PR,Instagram
CLI05234,60,9180.49,PE,TikTok
CLI05235,26,6613.02,MG,TikTok
CLI05236,64,5392.34,PR,Orgânico
CLI05237,50,2900.06,MG,Orgânico
CLI05238,50,7782.36,MG,Google
CLI05239,36,4344.54,BA,Google
CLI05240,20,2612.81,RS,TikTok
CLI05241,27,9483.64,MG,TikTok
CLI05242,57,12279.49,RJ,Instagram
CLI05243,64,12204.55,PE,Orgânico
CLI05244,59,9286.45,RS,Orgânico
CLI05245,18,3378.25,SP,Instagram
CLI05246,46,3444.1,RJ,Google
CLI05247,67,6109.42,SP,Google
CLI05248,51,7157.73,RJ,Orgânico
CLI05249,68,5443.01,MG,Google
CLI05250,30,9548.48,SP,TikTok
CLI05251,18,2315.61,RS,TikTok
CLI05252,51,12553.28,PR,Google
CLI05253,46,8731.64,RJ,TikTok
CLI05254,65,10338.3,SP,Orgânico
CLI05255,64,5814.19,PR,Orgânico
CLI05256,30,9125.5,SC,Instagram
CLI05257,65,3314.1,BA,Instagram
CLI05258,66,10738.48,MG,Orgânico
CLI05259,46,9486.77,RJ,Orgânico
CLI05260,56,5732.42,RJ,Instagram
CLI05261,41,2171.99,RS,Orgânico
CLI05262,43,4839.74,RS,Orgânico
CLI05263,34,7374.75,SC,Instagram
CLI05264,24,3894.35,SP,TikTok
CLI05265,30,3690.76,RJ,TikTok
CLI05266,22,2879.88,RJ,Instagram
CLI05267,43,6060.47,BA,Orgânico
CLI05268,66,13514.92,RJ,Orgânico
CLI05269,20,3027.36,BA,Google
CLI05270,24,2316.3,BA,Instagram
CLI05271,66,3582.76,RJ,Orgânico
CLI05272,56,11962.48,SC,Google
CLI05273,18,3061.66,BA,Instagram
CLI05274,66,11416.48,MG,Google
CLI05275,34,4707.37,RJ,Orgânico
CLI05276,60,12004.62,SC,Google
CLI05277,42,5612.91,PR,Orgânico
CLI05278,20,3969.67,BA,Instagram
CLI05279,32,6692.29,RJ,TikTok
CLI05280,46,10685.29,SP,TikTok
CLI05281,60,8998.67,SC,Instagram
CLI05282,49,11207.43,SP,Orgânico
CLI05283,43,5319.21,MG,Instagram
CLI05284,33,4575.92,PR,TikTok
CLI05285,42,5630.23,SP,Orgânico
CLI05286,45,10852.58,BA,Orgânico
CLI05287,26,6116.88,RJ,TikTok
CLI05288,18,2589.5,SC,TikTok
CLI05289,46,7628.99,BA,Orgânico
CLI05290,39,9532.48,PR,TikTok
CLI05291,33,5735.11,SC,Instagram
CLI05292,58,9436.78,PE,Google
CLI05293,68,8201.92,BA,Google
CLI05294,61,6703.42,RS,Google
CLI05295,68,8570.41,BA,Google
CLI05296,58,16119.41,PR,Google
CLI05297,24,4207.14,PE,Instagram
CLI05298,31,4081.36,RS,TikTok
CLI05299,46,5995.66,SP,Google
CLI05300,36,7308.59,MG,Orgânico
CLI05301,36,7796.25,RS,Orgânico
CLI05302,19,3495.09,SC,Instagram
CLI05303,58,7982.41,RJ,TikTok
CLI05304,62,11078.89,PE,Orgânico
CLI05305,32,7426.86,SC,Orgânico
CLI05306,20,2133.45,RS,Instagram
CLI05307,28,4280.92,MG,Instagram
CLI05308,63,10489.35,RS,Google
CLI05309,47,8508.99,SP,Orgânico
CLI05310,57,8066.67,RJ,Orgânico
CLI05311,35,5516.16,RJ,TikTok
CLI05312,68,10233.95,BA,Google
CLI05313,65,9045.49,SP,Orgânico
CLI05314,19,3452.51,SC,Instagram
CLI05315,49,4323.64,PE,Orgânico
CLI05316,25,8489.1,RJ,Instagram
CLI05317,39,1310.06,SC,Google
CLI05318,23,3245.6,SC,Instagram
CLI05319,29,5225.77,SP,TikTok
CLI05320,64,7886.32,MG,Orgânico
CLI05321,57,7276.39,BA,Google
CLI05322,53,6144.51,MG,Instagram
CLI05323,32,7346.92,SC,Instagram
CLI05324,45,10144.58,BA,Google
CLI05325,69,9310.47,SP,Google
CLI05326,66,11113.67,MG,Google
CLI05327,62,4933.1,RS,Instagram
CLI05328,35,2941.18,SC,TikTok
CLI05329,19,2751.22,PE,TikTok
CLI05330,30,6063.54,RJ,Instagram
CLI05331,62,10181.51,RJ,Google
CLI05332,32,5262.85,RS,Instagram
CLI05333,37,10023.44,PR,Google
CLI05334,46,5206.52,PR,Orgânico
CLI05335,59,14395.95,PR,Orgânico
CLI05336,46,14087.89,MG,TikTok
CLI05337,20,3949.94,BA,Google
CLI05338,36,8353.28,RS,Orgânico
CLI05339,20,4052.94,PE,TikTok
CLI05340,31,5520.9,RJ,TikTok
CLI05341,57,7472.07,RJ,Google
CLI05342,21,3344.29,PE,TikTok
CLI05343,69,2598.45,MG,Orgânico
CLI05344,28,6408.51,RJ,Orgânico
CLI05345,48,8837.19,RJ,Instagram
CLI05346,60,11990.95,SC,Google
CLI05347,49,8109.88,PE,Orgânico
CLI05348,44,7802.75,RJ,Google
CLI05349,47,6638.18,PE,Orgânico
CLI05350,60,6988.16,SC,Instagram
CLI05351,19,2284.95,PR,Instagram
CLI05352,66,605.98,SP,Google
CLI05353,26,5011.01,SC,TikTok
CLI05354,45,6800.12,BA,TikTok
CLI05355,48,12081.83,RS,Google
CLI05356,51,6415.26,RJ,TikTok
CLI05357,32,7149.81,PE,Instagram
CLI05358,65,10764.55,PR,Google
CLI05359,42,2713.46,SP,Google
CLI05360,53,7581.89,SP,Google
CLI05361,25,5026.67,PE,Instagram
CLI05362,26,4427.84,PR,TikTok
CLI05363,54,10025.25,PR,TikTok
CLI05364,65,7300.39,SP,Google
CLI05365,62,4857.78,PE,Google
CLI05366,56,11114.44,SP,Google
CLI05367,49,7797.04,RJ,Orgânico
CLI05368,69,3144.87,RS,Orgânico
CLI05369,34,5989.18,SC,Instagram
CLI05370,52,9312.9,SC,Orgânico
CLI05371,54,4172.58,SP,Orgânico
CLI05372,36,7080.75,SP,Orgânico
CLI05373,61,5188.79,BA,Orgânico
CLI05374,46,7998.92,RS,Google
CLI05375,24,3548.71,RS,Orgânico
CLI05376,45,5811.87,MG,Orgânico
CLI05377,26,8859.55,PE,TikTok
CLI05378,45,8572.69,SP,Google
CLI05379,23,3032.25,SC,TikTok
CLI05380,46,8349.62,PE,Google
CLI05381,34,7589.36,RJ,TikTok
CLI05382,33,1412.68,MG,TikTok
CLI05383,40,3892.14,SC,Instagram
CLI05384,48,6361.45,RJ,Orgânico
CLI05385,20,2658.72,RS,Orgânico
CLI05386,38,4204.82,RS,Instagram
CLI05387,43,4600.37,MG,Orgânico
CLI05388,53,9229.61,MG,Google
CLI05389,59,6549.52,MG,Google
CLI05390,54,9249.29,MG,Google
CLI05391,39,7650.62,MG,Google
CLI05392,59,4093.2,MG,Google
CLI05393,29,5230.74,PR,Google
CLI05394,59,7382.5,RS,Orgânico
CLI05395,30,8048.69,RJ,TikTok
CLI05396,28,4657.0,PE,TikTok
CLI05397,33,3825.94,SC,Orgânico
CLI05398,25,6426.18,PE,Instagram
CLI05399,57,7308.2,SP,Google
CLI05400,57,13172.83,SC,Orgânico
CLI05401,62,10396.19,PR,Orgânico
CLI05402,19,3186.63,PR,Orgânico
CLI05403,47,7467.56,BA,Instagram
CLI05404,47,1921.93,PE,Orgânico
CLI05405,29,7235.68,MG,TikTok
CLI05406,27,2116.61,PE,Google
CLI05407,61,7175.05,PR,Google
CLI05408,28,3826.17,SC,Instagram
CLI05409,32,4091.24,PR,TikTok
CLI05410,33,6831.08,SC,TikTok
CLI05411,34,8071.13,MG,TikTok
CLI05412,43,6689.26,PE,Orgânico
CLI05413,19,3082.49,MG,TikTok
CLI05414,67,9031.53,PE,Google
CLI05415,29,8227.2,PR,TikTok
CLI05416,68,11845.67,RS,Instagram
CLI05417,43,6270.11,PE,Instagram
CLI05418,40,7878.73,SP,Google
CLI05419,35,6686.74,MG,TikTok
CLI05420,49,7958.08,RJ,Orgânico
CLI05421,66,14454.62,RJ,Google
CLI05422,55,7010.63,BA,Orgânico
CLI05423,64,5052.55,MG,TikTok
CLI05424,20,1980.93,RS,Orgânico
CLI05425,55,9490.96,PE,Orgânico
CLI05426,20,3308.93,RS,TikTok
CLI05427,47,7339.22,PR,Instagram
CLI05428,18,3571.1,MG,TikTok
CLI05429,47,5439.21,PE,Google
CLI05430,62,6977.14,PR,Orgânico
CLI05431,49,6433.55,PE,Google
CLI05432,45,11281.68,SC,Google
CLI05433,38,7188.93,PE,Google
CLI05434,63,4805.02,SP,Google
CLI05435,30,5350.04,PE,Instagram
CLI05436,44,8390.37,PE,Instagram
CLI05437,53,11249.65,SP,Orgânico
CLI05438,24,4648.34,PE,Instagram
CLI05439,39,3865.17,PE,Orgânico
CLI05440,27,7698.76,SC,TikTok
CLI05441,56,4689.79,SC,Instagram
CLI05442,32,3710.18,SC,Instagram
CLI05443,32,5006.2,SP,TikTok
CLI05444,21,1948.64,PE,Orgânico
CLI05445,49,10177.37,PE,Google
CLI05446,40,8236.94,MG,Google
CLI05447,23,3412.93,PE,TikTok
CLI05448,41,3633.94,RJ,Orgânico
CLI05449,37,3487.46,RS,Orgânico
CLI05450,54,10289.61,RS,Google
CLI05451,37,4201.61,PR,Google
CLI05452,29,8208.43,RJ,TikTok
CLI05453,50,7137.16,PR,TikTok
CLI05454,45,11928.32,SP,Google
CLI05455,25,5977.79,PE,TikTok
CLI05456,18,4298.82,MG,TikTok
CLI05457,54,10965.67,PE,Orgânico
CLI05458,39,6518.77,RJ,Google
CLI05459,23,2639.41,SC,Orgânico
CLI05460,38,6594.57,SC,Google
CLI05461,49,9729.53,SC,Instagram
CLI05462,52,8445.33,BA,Orgânico
CLI05463,32,7453.03,BA,Orgânico
CLI05464,22,2461.27,BA,TikTok
CLI05465,63,12652.4,RS,Google
CLI05466,67,15825.4,RJ,Google
CLI05467,65,8311.94,BA,Instagram
CLI05468,23,2827.69,PE,TikTok
CLI05469,42,4468.23,BA,Google
CLI05470,63,11852.16,MG,Orgânico
CLI05471,57,10487.35,MG,Google
CLI05472,46,4800.86,SC,Google
CLI05473,24,3555.46,RJ,TikTok
CLI05474,57,4972.11,SC,Google
CLI05475,30,7293.74,PR,TikTok
CLI05476,55,9905.94,PR,Google
CLI05477,35,7424.77,RJ,Instagram
CLI05478,19,3097.99,PR,Google
CLI05479,25,3836.11,SP,TikTok
CLI05480,28,4094.06,SP,TikTok
CLI05481,50,10394.32,SP,Google
CLI05482,55,6723.33,PR,Google
CLI05483,65,8917.53,MG,Orgânico
CLI05484,44,5683.13,SP,Orgânico
CLI05485,37,5366.19,SC,Google
CLI05486,29,9135.3,BA,TikTok
CLI05487,60,9235.9,MG,Google
CLI05488,48,8589.35,RJ,Google
CLI05489,44,6244.18,PR,Google
CLI05490,49,10373.07,SC,Instagram
CLI05491,27,9165.24,RJ,TikTok
CLI05492,20,2547.72,PR,Instagram
CLI05493,62,9890.71,RS,Orgânico
CLI05494,44,6132.36,PR,Google
CLI05495,52,7063.61,SC,Orgânico
CLI05496,48,8365.59,RS,Google
CLI05497,32,9104.96,PR,Instagram
CLI05498,33,6491.57,PR,Instagram
CLI05499,30,3673.8,PE,Instagram
CLI05500,66,9354.52,BA,Instagram
CLI05501,52,7208.05,PR,Google
CLI05502,69,6561.1,MG,Google
CLI05503,28,4762.04,SP,Instagram
CLI05504,38,5090.2,RS,Google
CLI05505,68,10305.31,SC,Google
CLI05506,28,4967.9,MG,TikTok
CLI05507,47,5298.89,SC,Google
CLI05508,65,8539.73,MG,Orgânico
CLI05509,52,6506.91,BA,Google
CLI05510,39,2854.5,PR,Orgânico
CLI05511,55,4209.32,BA,Instagram
CLI05512,48,8651.21,PE,Google
CLI05513,31,4635.96,RS,Instagram
CLI05514,41,8410.74,PR,Orgânico
CLI05515,67,7547.78,PE,Orgânico
CLI05516,66,6999.31,PE,Orgânico
CLI05517,49,3329.72,PE,Orgânico
CLI05518,53,11302.88,RS,Orgânico
CLI05519,49,10678.47,RS,Instagram
CLI05520,32,6400.3,RS,TikTok
CLI05521,60,4012.31,BA,Google
CLI05522,52,4356.42,MG,Orgânico
CLI05523,20,2662.73,PE,Instagram
CLI05524,33,3731.61,PR,Instagram
CLI05525,22,3096.63,BA,TikTok
CLI05526,38,3993.06,PE,Google
CLI05527,27,9348.04,RS,TikTok
CLI05528,36,6432.71,SP,Google
CLI05529,42,7943.45,PE,Orgânico
CLI05530,21,3142.33,SC,Instagram
CLI05531,46,10296.51,RS,Orgânico
CLI05532,36,3381.21,PR,Orgânico
CLI05533,60,7930.6,RS,Google
CLI05534,19,2844.27,RS,TikTok
CLI05535,27,7039.77,RJ,Instagram
CLI05536,60,7227.3,MG,TikTok
CLI05537,42,3022.65,PE,Instagram
CLI05538,37,5999.18,RS,Orgânico
CLI05539,65,4140.53,MG,Google
CLI05540,36,6802.93,PE,Instagram
CLI05541,40,6958.15,RS,Google
CLI05542,41,3655.65,PR,Google
CLI05543,28,7936.06,BA,TikTok
CLI05544,63,4253.94,BA,TikTok
CLI05545,51,15985.58,PE,TikTok
CLI05546,45,9394.56,PE,Google
CLI05547,22,3885.17,MG,TikTok
CLI05548,22,1999.83,RJ,Google
CLI05549,68,8682.92,MG,Google
CLI05550,38,6504.8,RJ,Orgânico
CLI05551,29,3723.07,MG,Instagram
CLI05552,67,7526.95,MG,Google
CLI05553,21,3200.8,RJ,TikTok
CLI05554,66,6809.2,SC,Orgânico
CLI05555,59,9059.27,RS,Orgânico
CLI05556,37,3434.61,SP,Google
CLI05557,55,15829.85,RS,Google
CLI05558,42,4019.65,BA,Orgânico
CLI05559,31,5722.11,RJ,Instagram
CLI05560,28,9529.94,SP,Instagram
CLI05561,49,5937.49,BA,Google
CLI05562,28,3261.73,RS,Instagram
CLI05563,35,3450.3,RS,Instagram
CLI05564,44,6303.64,MG,Orgânico
CLI05565,35,3249.36,SC,Instagram
CLI05566,40,1996.55,RJ,Orgânico
CLI05567,28,7064.74,SC,Instagram
CLI05568,38,6641.87,RJ,Google
CLI05569,61,6803.37,RS,Google
CLI05570,22,2365.42,PE,TikTok
CLI05571,40,5869.38,PR,Google
CLI05572,58,9832.64,RJ,Orgânico
CLI05573,42,7032.27,PE,Orgânico
CLI05574,58,4761.2,SP,Google
CLI05575,27,4997.54,PR,Instagram
CLI05576,39,3958.52,MG,Instagram
CLI05577,36,3729.76,PE,Google
CLI05578,18,4342.1,RS,Google
CLI05579,24,1986.69,BA,TikTok
CLI05580,21,2208.28,RJ,TikTok
CLI05581,18,2450.72,PE,Google
CLI05582,32,7287.83,RS,Instagram
CLI05583,57,7832.23,PE,Google
CLI05584,29,4041.64,SP,TikTok
CLI05585,39,6159.36,BA,Google
CLI05586,39,5713.06,MG,Orgânico
CLI05587,67,1740.98,SP,Google
CLI05588,64,8484.07,MG,Instagram
CLI05589,34,8529.54,RS,Instagram
CLI05590,46,12082.19,RJ,Google
CLI05591,63,10135.48,PE,Google
CLI05592,31,3873.12,BA,Orgânico
CLI05593,67,6781.35,BA,Google
CLI05594,37,6059.24,BA,Orgânico
CLI05595,67,6282.32,SC,Google
CLI05596,65,7902.88,PE,TikTok
CLI05597,50,11950.09,MG,Orgânico
CLI05598,60,5512.61,BA,Orgânico
CLI05599,32,3958.75,RS,TikTok
CLI05600,29,4367.87,SC,TikTok
CLI05601,57,17474.22,BA,Google
CLI05602,37,7998.3,MG,Google
CLI05603,47,11396.21,SC,TikTok
CLI05604,55,10304.38,RJ,Orgânico
CLI05605,20,2806.1,SP,TikTok
CLI05606,45,9420.72,PE,Google
CLI05607,43,6178.38,RJ,Google
CLI05608,47,3647.77,MG,Google
CLI05609,30,7612.95,BA,TikTok
CLI05610,30,7596.88,PR,TikTok
CLI05611,19,2129.69,SP,Instagram
CLI05612,54,7787.42,BA,Orgânico
CLI05613,66,10289.49,SC,Google
CLI05614,55,10819.8,SP,Orgânico
CLI05615,19,1810.1,SP,Google
CLI05616,53,6698.32,BA,Google
CLI05617,43,6349.85,RJ,Google
CLI05618,28,3726.22,MG,TikTok
CLI05619,25,3801.5,RS,TikTok
CLI05620,61,12067.49,RS,Google
CLI05621,57,8621.73,RJ,TikTok
CLI05622,60,6543.41,MG,Orgânico
CLI05623,39,3544.95,PR,Google
CLI05624,37,6087.61,PE,Google
CLI05625,25,8514.47,RJ,Orgânico
CLI05626,46,9180.88,BA,Google
CLI05627,57,12838.91,PE,Orgânico
CLI05628,43,2680.26,PR,Orgânico
CLI05629,47,9700.79,MG,TikTok
CLI05630,34,5448.07,SP,TikTok
CLI05631,37,7886.08,PR,Google
CLI05632,69,5735.85,PR,Orgânico
CLI05633,33,4233.11,BA,TikTok
CLI05634,63,12545.08,MG,Google
CLI05635,60,5174.94,MG,Google
CLI05636,24,4017.99,PE,TikTok
CLI05637,33,3930.39,BA,TikTok
CLI05638,62,7636.35,RJ,Orgânico
CLI05639,64,8520.4,RJ,Google
CLI05640,65,5352.1,MG,Orgânico
CLI05641,44,7640.0,PE,Google
CLI05642,40,3758.3,PR,Orgânico
CLI05643,41,9107.5,PE,TikTok
CLI05644,26,3325.7,BA,Instagram
CLI05645,52,8540.71,SC,Orgânico
CLI05646,68,7660.07,RJ,Google
CLI05647,37,6282.33,MG,Orgânico
CLI05648,54,7049.7,SC,Orgânico
CLI05649,59,4128.54,SC,Orgânico
CLI05650,34,5226.32,BA,Instagram
CLI05651,64,11477.99,SC,Instagram
CLI05652,48,7688.03,SC,Google
CLI05653,25,4352.71,SP,Instagram
CLI05654,32,4570.19,RJ,TikTok
CLI05655,48,243.04,SC,Orgânico
CLI05656,47,9061.46,SC,Orgânico
CLI05657,63,10340.97,BA,Instagram
CLI05658,37,4928.57,MG,Orgânico
CLI05659,56,7740.99,RS,Google
CLI05660,29,6291.04,MG,TikTok
CLI05661,66,5440.32,RS,Google
CLI05662,34,6858.18,SP,TikTok
CLI05663,59,7501.0,SC,Orgânico
CLI05664,47,10090.03,SP,Orgânico
CLI05665,46,12136.58,BA,Google
CLI05666,36,6116.95,RS,Orgânico
CLI05667,63,4865.64,BA,Google
CLI05668,28,4176.4,MG,Google
CLI05669,51,14034.47,RS,Orgânico
CLI05670,67,5126.58,RJ,Orgânico
CLI05671,24,1961.82,PE,TikTok
CLI05672,61,12007.88,PR,Google
CLI05673,51,6919.96,PR,Google
CLI05674,37,5885.84,RS,Google
CLI05675,67,9724.87,SP,Google
CLI05676,55,9059.65,MG,Google
CLI05677,41,5557.74,BA,Orgânico
CLI05678,27,6361.12,PR,Instagram
CLI05679,49,8501.14,SC,Orgânico
CLI05680,69,4423.33,RJ,Google
CLI05681,32,7193.39,MG,Orgânico
CLI05682,54,8724.67,SP,Orgânico
CLI05683,37,10042.39,BA,Google
CLI05684,20,1846.93,MG,Orgânico
CLI05685,54,6772.8,BA,Orgânico
CLI05686,57,3886.42,RJ,Instagram
CLI05687,25,3223.39,RS,Orgânico
CLI05688,57,18044.62,MG,Instagram
CLI05689,61,7332.23,RS,Google
CLI05690,40,5134.61,SP,Google
CLI05691,57,6356.5,SC,Instagram
CLI05692,28,5937.19,MG,Instagram
CLI05693,63,9302.71,PE,Orgânico
CLI05694,25,6263.64,SP,Orgânico
CLI05695,46,843.34,RS,Orgânico
CLI05696,47,12830.09,RS,Google
CLI05697,27,9073.31,SC,Orgânico
CLI05698,56,8221.69,PR,TikTok
CLI05699,45,6734.07,MG,Orgânico
CLI05700,66,9215.88,SC,Google
CLI05701,53,9354.19,RS,Orgânico
CLI05702,30,4146.23,PR,TikTok
CLI05703,49,11203.98,BA,Orgânico
CLI05704,53,11885.81,RS,Orgânico
CLI05705,54,14016.78,BA,Orgânico
CLI05706,43,8740.28,MG,Orgânico
CLI05707,39,8492.12,PE,Orgânico
CLI05708,21,2703.98,MG,TikTok
CLI05709,48,5662.73,RJ,Google
CLI05710,35,2835.65,MG,TikTok
CLI05711,55,9425.69,MG,TikTok
CLI05712,41,7250.24,SC,Orgânico
CLI05713,40,6006.13,SP,Instagram
CLI05714,39,3913.0,RJ,Orgânico
CLI05715,19,3399.65,MG,TikTok
CLI05716,48,8728.27,SC,Google
CLI05717,28,5546.8,RS,Orgânico
CLI05718,45,5551.97,BA,Instagram
CLI05719,63,5170.37,RS,Google
CLI05720,49,10000.02,BA,Orgânico
CLI05721,22,2315.41,PE,Instagram
CLI05722,55,2669.24,SC,Google
CLI05723,27,4984.66,PE,TikTok
CLI05724,57,12365.72,BA,Orgânico
CLI05725,63,384.55,PE,TikTok
CLI05726,41,5443.07,PE,Google
CLI05727,52,10025.64,SP,Google
CLI05728,61,2529.51,PR,Google
CLI05729,65,7360.0,MG,Google
CLI05730,40,6699.95,BA,Google
CLI05731,34,4859.03,PR,TikTok
CLI05732,18,2455.88,SP,Google
CLI05733,48,4630.56,SC,Google
CLI05734,48,4381.1,PR,Google
CLI05735,59,7822.3,SP,Orgânico
CLI05736,59,14681.42,PR,Instagram
CLI05737,51,10273.23,PE,Orgânico
CLI05738,26,7305.76,RS,Instagram
CLI05739,39,5420.0,PE,Google
CLI05740,30,9865.93,SC,TikTok
CLI05741,42,3616.7,MG,Google
CLI05742,65,11293.08,PE,Orgânico
CLI05743,35,5594.18,RS,Orgânico
CLI05744,68,8583.65,RS,Google
CLI05745,29,2098.47,RJ,TikTok
CLI05746,57,15388.62,RS,Instagram
CLI05747,34,7182.64,SC,TikTok
CLI05748,32,4103.75,BA,TikTok
CLI05749,59,7777.89,PE,Instagram
CLI05750,32,5092.23,PR,Instagram
CLI05751,32,4201.25,MG,Instagram
CLI05752,56,12811.61,PE,Google
CLI05753,30,9215.23,PE,TikTok
CLI05754,34,6832.79,RJ,Orgânico
CLI05755,49,9897.2,RS,Orgânico
CLI05756,26,9353.27,SP,TikTok
CLI05757,57,10719.36,MG,Google
CLI05758,37,7876.78,SC,Google
CLI05759,43,2953.06,PR,Orgânico
CLI05760,44,6849.81,RS,Google
CLI05761,38,5857.36,RJ,Google
CLI05762,35,8485.9,RS,TikTok
CLI05763,30,8344.5,MG,Instagram
CLI05764,33,7139.57,PE,Instagram
CLI05765,26,6596.86,BA,Instagram
CLI05766,29,7016.74,RJ,Instagram
CLI05767,61,9521.25,BA,Google
CLI05768,55,5260.38,RJ,Google
CLI05769,36,8885.16,MG,Instagram
CLI05770,24,3187.94,BA,Instagram
CLI05771,52,7035.54,RS,Instagram
CLI05772,65,1824.42,PR,Orgânico
CLI05773,35,6163.31,PE,Instagram
CLI05774,33,2776.6,BA,Instagram
CLI05775,56,1921.49,RS,Orgânico
CLI05776,21,2290.69,SP,Instagram
CLI05777,42,4500.45,MG,Google
CLI05778,49,7623.0,SP,Google
CLI05779,57,5004.89,RJ,Orgânico
CLI05780,30,6803.0,PE,Orgânico
CLI05781,62,2733.06,PE,Orgânico
CLI05782,34,4165.59,RJ,TikTok
CLI05783,66,6698.38,BA,Google
CLI05784,54,6947.02,PR,Orgânico
CLI05785,23,3681.54,BA,TikTok
CLI05786,36,8122.26,PE,Google
CLI05787,30,3245.92,PE,Instagram
CLI05788,43,3603.68,MG,Google
CLI05789,31,9802.77,RS,TikTok
CLI05790,48,5732.47,MG,Google
CLI05791,21,2301.77,SC,TikTok
CLI05792,56,9128.61,PE,Google
CLI05793,25,8491.64,PR,Google
CLI05794,42,7841.51,MG,Google
CLI05795,30,4860.2,RJ,TikTok
CLI05796,49,8064.38,PR,Google
CLI05797,55,7207.04,SC,Orgânico
CLI05798,55,6669.76,SC,Instagram
CLI05799,45,4968.23,BA,Instagram
CLI05800,47,8252.19,PE,Orgânico
CLI05801,20,2856.3,RS,TikTok
CLI05802,45,9232.31,RJ,Google
CLI05803,20,1738.22,BA,Instagram
CLI05804,62,10778.51,PE,Google
CLI05805,51,8088.31,RS,Google
CLI05806,33,4142.43,MG,Orgânico
CLI05807,39,7136.17,PE,Google
CLI05808,49,3353.07,RJ,Orgânico
CLI05809,55,12381.25,SC,Orgânico
CLI05810,25,5463.75,PR,Instagram
CLI05811,25,6138.34,MG,Instagram
CLI05812,23,2929.14,RJ,Instagram
CLI05813,31,4719.8,RS,TikTok
CLI05814,49,12915.54,MG,Google
CLI05815,52,7015.56,PE,Instagram
CLI05816,27,8534.36,PR,Instagram
CLI05817,20,3416.97,SC,Instagram
CLI05818,29,6725.02,RJ,Instagram
CLI05819,66,10681.79,BA,Google
CLI05820,48,9083.11,SC,TikTok
CLI05821,46,12733.54,RS,Orgânico
CLI05822,22,4017.76,RS,Instagram
CLI05823,69,9904.04,RJ,Orgânico
CLI05824,42,2537.39,MG,Google
CLI05825,58,6504.82,BA,Orgânico
CLI05826,48,5015.26,BA,Instagram
CLI05827,38,4385.82,SP,Google
CLI05828,37,5333.15,RJ,Orgânico
CLI05829,56,12352.28,RJ,Orgânico
CLI05830,39,4817.25,SC,Google
CLI05831,21,1855.05,SP,Instagram
CLI05832,30,7114.2,BA,Google
CLI05833,62,4960.21,RS,Google
CLI05834,59,6518.19,PE,Orgânico
CLI05835,67,4836.77,PE,Orgânico
CLI05836,66,3171.39,SP,Google
CLI05837,37,7111.99,SP,Orgânico
CLI05838,69,5949.0,SP,Google
CLI05839,30,7690.92,PE,TikTok
CLI05840,34,2390.79,PR,TikTok
CLI05841,53,4607.59,BA,Instagram
CLI05842,50,9527.21,MG,Orgânico
CLI05843,18,3511.17,RJ,Instagram
CLI05844,32,7982.09,MG,Orgânico
CLI05845,30,8323.8,RS,TikTok
CLI05846,34,8069.4,MG,Instagram
CLI05847,41,10077.28,MG,Google
CLI05848,25,8533.61,MG,Google
CLI05849,67,10891.75,PE,Google
CLI05850,44,6283.28,PR,Orgânico
CLI05851,62,8461.89,SC,Google
CLI05852,40,10058.18,BA,Google
CLI05853,63,7730.71,PR,Orgânico
CLI05854,25,5622.24,RJ,Instagram
CLI05855,25,7755.82,BA,Instagram
CLI05856,43,3535.6,PE,Orgânico
CLI05857,64,5019.94,SP,Google
CLI05858,30,4124.16,SC,TikTok
CLI05859,56,9104.55,RJ,Orgânico
CLI05860,54,10273.62,RS,Google
CLI05861,66,10415.25,PE,Orgânico
CLI05862,45,6864.37,SP,Orgânico
CLI05863,42,5634.07,PR,Orgânico
CLI05864,33,3467.28,MG,Instagram
CLI05865,19,2854.61,RJ,Orgânico
CLI05866,35,4061.44,RS,TikTok
CLI05867,34,5532.65,MG,Instagram
CLI05868,47,3436.71,MG,Google
CLI05869,56,9881.22,MG,Google
CLI05870,30,2702.86,SC,TikTok
CLI05871,49,4784.04,SP,Orgânico
CLI05872,67,8913.09,MG,Instagram
CLI05873,46,3729.52,RS,Orgânico
CLI05874,63,4868.71,RJ,Instagram
CLI05875,47,5869.34,SC,Google
CLI05876,35,5773.71,SP,TikTok
CLI05877,30,8691.74,RJ,Instagram
CLI05878,60,6241.97,PE,Google
CLI05879,38,5138.54,SC,Orgânico
CLI05880,47,8142.21,SC,Google
CLI05881,38,8117.74,RS,Instagram
CLI05882,65,7808.59,BA,Orgânico
CLI05883,34,7378.38,RS,TikTok
CLI05884,57,9317.9,SP,Orgânico
CLI05885,36,5836.28,BA,Google
CLI05886,69,5346.17,PE,Orgânico
CLI05887,32,4493.76,BA,TikTok
CLI05888,26,4863.88,PE,Instagram
CLI05889,69,8531.57,RS,Orgânico
CLI05890,27,10015.91,BA,Instagram
CLI05891,61,11501.81,MG,Orgânico
CLI05892,48,6496.27,RJ,Orgânico
CLI05893,40,3160.28,PR,Google
CLI05894,69,10450.53,PE,Orgânico
CLI05895,47,11716.71,PE,Google
CLI05896,50,904.57,MG,Google
CLI05897,69,5789.99,BA,Orgânico
CLI05898,26,8814.2,PR,Orgânico
CLI05899,64,7628.52,PE,Google
CLI05900,18,1695.15,RJ,Orgânico
CLI05901,61,9992.32,PE,Google
CLI05902,52,8517.23,RS,Google
CLI05903,28,7870.54,PE,TikTok
CLI05904,51,10859.02,PR,Google
CLI05905,33,5531.27,PR,Orgânico
CLI05906,26,4867.98,SP,Google
CLI05907,49,8312.83,SP,Orgânico
CLI05908,32,5560.51,RS,TikTok
CLI05909,29,5408.14,PE,Google
CLI05910,50,10861.36,SP,Orgânico
CLI05911,62,7747.81,PR,Google
CLI05912,31,6966.64,RS,Orgânico
CLI05913,25,7391.44,PR,TikTok
CLI05914,25,4463.86,PE,TikTok
CLI05915,44,2032.85,SC,Google
CLI05916,29,6934.66,PE,Orgânico
CLI05917,18,3034.97,SC,Instagram
CLI05918,60,8631.54,BA,Google
CLI05919,57,10364.06,SP,TikTok
CLI05920,59,10261.31,BA,Google
CLI05921,68,9808.59,SC,Google
CLI05922,28,4989.1,MG,TikTok
CLI05923,56,13166.7,SC,Google
CLI05924,60,10099.61,PE,Orgânico
CLI05925,48,8666.32,SC,Google
CLI05926,34,1761.4,MG,Instagram
CLI05927,50,6802.89,MG,Orgânico
CLI05928,49,7828.27,RJ,Google
CLI05929,46,1754.14,PR,TikTok
CLI05930,38,3528.59,PR,Orgânico
CLI05931,38,302.95,RS,Google
CLI05932,57,8445.13,BA,Google
CLI05933,40,7980.77,SP,Google
CLI05934,23,2728.73,RS,Instagram
CLI05935,39,8783.99,RJ,Google
CLI05936,67,5640.55,RS,Orgânico
CLI05937,55,8070.97,RJ,Google
CLI05938,54,4594.34,RJ,TikTok
CLI05939,62,8550.84,BA,Orgânico
CLI05940,68,5486.75,RJ,Google
CLI05941,25,4262.65,BA,Instagram
CLI05942,58,6469.28,BA,Google
CLI05943,66,5525.89,SC,Instagram
CLI05944,52,7661.5,RJ,Google
CLI05945,68,9096.18,RS,Google
CLI05946,28,5339.66,SP,Orgânico
CLI05947,41,4135.83,PE,Google
CLI05948,66,8315.49,PR,Orgânico
CLI05949,38,7310.2,RJ,TikTok
CLI05950,68,413.85,PE,Google
CLI05951,19,2551.16,RS,Instagram
CLI05952,57,6849.3,PR,Google
CLI05953,36,6585.2,BA,Google
CLI05954,56,5956.62,PE,Orgânico
CLI05955,45,6908.31,PE,Orgânico
CLI05956,34,3940.87,MG,TikTok
CLI05957,23,2560.7,SP,Instagram
CLI05958,36,5609.64,MG,Google
CLI05959,55,9871.6,PE,Orgânico
CLI05960,45,8593.92,RS,Instagram
CLI05961,19,2336.54,RJ,TikTok
CLI05962,55,11569.56,PE,Instagram
CLI05963,54,12008.06,SC,Google
CLI05964,68,4515.85,RS,Instagram
CLI05965,69,5894.31,SC,Orgânico
CLI05966,21,4036.01,RS,Instagram
CLI05967,39,3701.6,SP,Google
CLI05968,43,7035.95,RJ,Orgânico
CLI05969,66,5772.67,RJ,Google
CLI05970,60,8235.84,RJ,Orgânico
CLI05971,53,12430.08,RJ,Google
CLI05972,30,8826.75,PE,TikTok
CLI05973,69,4208.18,RS,Instagram
CLI05974,49,8328.75,SP,Google
CLI05975,34,6640.92,SP,TikTok
CLI05976,58,7695.87,BA,Google
CLI05977,53,11774.5,SP,Google
CLI05978,63,10597.55,RS,Orgânico
CLI05979,36,5944.03,SC,Google
CLI05980,52,8129.43,RJ,Orgânico
CLI05981,63,2474.72,RS,Google
CLI05982,57,11630.68,MG,Orgânico
CLI05983,45,7011.45,PR,Google
CLI05984,18,4177.37,SP,TikTok
CLI05985,59,6350.44,SP,Google
CLI05986,35,7789.31,RS,Google
CLI05987,65,4613.92,SC,Orgânico
CLI05988,57,5047.48,SC,Google
CLI05989,50,7842.42,PR,Orgânico
CLI05990,29,7488.63,SC,Instagram
CLI05991,25,7277.85,RS,Instagram
CLI05992,41,6434.84,PE,Orgânico
CLI05993,33,9488.62,SP,Instagram
CLI05994,67,10080.37,RJ,Google
CLI05995,21,3533.78,RJ,TikTok
CLI05996,55,6185.11,SC,Orgânico
CLI05997,61,15217.04,PR,Google
CLI05998,44,7322.68,BA,TikTok
CLI05999,26,5789.03,RJ,Instagram
CLI06000,64,10120.23,SP,Instagram
CLI06001,33,9683.76,BA,Instagram
CLI06002,29,5218.5,RJ,Orgânico
CLI06003,48,14587.54,PR,Instagram
CLI06004,41,6962.14,BA,Google
CLI06005,31,6333.72,SC,Orgânico
CLI06006,62,15203.33,MG,Orgânico
CLI06007,42,6794.53,BA,Instagram
CLI06008,51,7964.3,RS,Google
CLI06009,20,3066.29,RJ,Orgânico
CLI06010,41,5397.34,SP,Google
CLI06011,59,9845.74,PR,Google
CLI06012,26,4556.76,RJ,Instagram
CLI06013,43,6133.34,BA,Google
CLI06014,37,751.18,MG,Google
CLI06015,57,12319.21,SC,Orgânico
CLI06016,27,6315.03,RJ,TikTok
CLI06017,36,8455.98,PR,Google
CLI06018,20,2700.49,RJ,TikTok
CLI06019,41,6149.13,SC,Instagram
CLI06020,22,2573.17,PR,TikTok
CLI06021,20,1788.47,RS,TikTok
CLI06022,44,3564.39,MG,Orgânico
CLI06023,33,6860.16,SP,Instagram
CLI06024,66,5996.9,PE,Orgânico
CLI06025,32,6446.08,PE,TikTok
CLI06026,52,5911.74,RS,Google
CLI06027,29,5496.44,PE,Instagram
CLI06028,58,3508.21,BA,Instagram
CLI06029,61,6649.07,PE,Google
CLI06030,43,5734.39,SC,Google
CLI06031,64,8111.37,BA,Google
CLI06032,51,13445.19,BA,Orgânico
CLI06033,40,6444.09,RJ,Google
CLI06034,48,6607.34,MG,Google
CLI06035,67,5500.05,PR,Google
CLI06036,37,3889.63,PE,Google
CLI06037,29,5920.31,RS,TikTok
CLI06038,40,4815.34,PR,Orgânico
CLI06039,21,4300.26,PR,TikTok
CLI06040,40,7345.45,BA,Instagram
CLI06041,65,7433.94,RJ,Google
CLI06042,65,9298.33,RS,Google
CLI06043,18,3028.3,PE,Instagram
CLI06044,42,5649.38,PE,Orgânico
CLI06045,19,2382.98,SC,TikTok
CLI06046,47,11642.43,RS,Orgânico
CLI06047,20,2163.44,MG,Orgânico
CLI06048,38,7805.43,PR,Google
CLI06049,42,5584.1,SP,Instagram
CLI06050,37,7532.28,SC,Google
CLI06051,66,1819.94,MG,Instagram
CLI06052,69,4707.46,PE,TikTok
CLI06053,39,5686.11,MG,Orgânico
CLI06054,38,6283.55,PR,Orgânico
CLI06055,50,4877.15,SP,Orgânico
CLI06056,69,12056.84,PR,Orgânico
CLI06057,55,4303.45,SC,TikTok
CLI06058,32,8948.92,RJ,TikTok
CLI06059,63,5333.01,SC,Google
CLI06060,69,4631.58,BA,Google
CLI06061,32,5341.59,SP,Instagram
CLI06062,63,9859.75,PE,Orgânico
CLI06063,42,7861.02,BA,Instagram
CLI06064,38,6622.82,BA,TikTok
CLI06065,41,8723.25,RJ,Orgânico
CLI06066,22,3634.61,RS,TikTok
CLI06067,23,2395.63,RS,Instagram
CLI06068,66,14520.45,BA,TikTok
CLI06069,60,5266.95,MG,Orgânico
CLI06070,65,10159.64,PR,Instagram
CLI06071,61,7061.86,BA,Orgânico
CLI06072,64,6575.77,RS,TikTok
CLI06073,40,5491.96,SC,Orgânico
CLI06074,21,2878.88,PE,TikTok
CLI06075,44,5481.45,PR,Orgânico
CLI06076,35,9128.03,SC,Instagram
CLI06077,38,4601.02,PR,Instagram
CLI06078,45,10249.98,RS,Orgânico
CLI06079,52,3778.95,RJ,Google
CLI06080,39,5436.99,PR,Orgânico
CLI06081,57,10938.79,PE,Orgânico
CLI06082,40,7477.22,PE,Google
CLI06083,20,3231.47,BA,Orgânico
CLI06084,57,6262.48,BA,Google
CLI06085,67,12938.06,BA,Orgânico
CLI06086,27,6280.36,SP,TikTok
CLI06087,42,7795.44,SP,Google
CLI06088,69,5675.2,RS,Google
CLI06089,66,4414.94,PE,Orgânico
CLI06090,25,5455.56,PR,TikTok
CLI06091,28,5551.48,PE,TikTok
CLI06092,22,3394.56,RS,TikTok
CLI06093,62,13195.48,MG,Instagram
CLI06094,54,9599.91,SP,TikTok
CLI06095,62,9422.32,SC,TikTok
CLI06096,55,5846.25,RS,Google
CLI06097,46,6457.62,PR,Orgânico
CLI06098,22,3305.63,PR,TikTok
CLI06099,26,11027.29,SP,Orgânico
CLI06100,65,6539.54,MG,Instagram
CLI06101,19,2675.18,SC,TikTok
CLI06102,18,3429.74,BA,Instagram
CLI06103,57,6150.36,BA,Instagram
CLI06104,68,10436.41,BA,Orgânico
CLI06105,47,1818.52,BA,Google
CLI06106,28,9001.32,PE,Instagram
CLI06107,45,5298.96,SP,Google
CLI06108,61,8390.82,SP,Orgânico
CLI06109,29,3415.14,BA,TikTok
CLI06110,56,8630.54,RS,Google
CLI06111,43,6753.43,PE,Google
CLI06112,30,7382.52,RJ,Instagram
CLI06113,25,4493.54,BA,Instagram
CLI06114,45,10989.3,BA,Orgânico
CLI06115,47,6207.87,RS,Orgânico
CLI06116,26,8323.82,SP,Orgânico
CLI06117,56,3523.74,SC,Orgânico
CLI06118,48,10575.72,RJ,Orgânico
CLI06119,38,11022.27,MG,Orgânico
CLI06120,64,10747.89,PE,Orgânico
CLI06121,51,4811.86,MG,Orgânico
CLI06122,48,11043.52,SP,Google
CLI06123,69,8030.58,SC,Google
CLI06124,42,6773.17,MG,Google
CLI06125,29,7901.26,SC,TikTok
CLI06126,18,2410.48,RS,TikTok
CLI06127,39,5375.01,RS,Orgânico
CLI06128,57,10727.35,SC,Orgânico
CLI06129,54,3558.63,BA,Instagram
CLI06130,64,418.5,RJ,Google
CLI06131,18,2893.1,SP,Google
CLI06132,18,2378.64,SC,TikTok
CLI06133,59,10593.87,PE,Google
CLI06134,59,8138.49,BA,Orgânico
CLI06135,38,5482.4,SC,Google
CLI06136,32,6722.5,RS,TikTok
CLI06137,34,9343.32,SC,Instagram
CLI06138,39,8141.76,BA,Orgânico
CLI06139,55,4846.11,SP,Orgânico
CLI06140,52,2801.48,RJ,Google
CLI06141,62,9209.07,RS,Orgânico
CLI06142,33,7597.14,SC,Orgânico
CLI06143,25,3821.55,PR,TikTok
CLI06144,64,7454.83,BA,Orgânico
CLI06145,34,5472.6,RS,TikTok
CLI06146,34,6208.57,BA,TikTok
CLI06147,43,4910.61,BA,Google
CLI06148,30,8581.02,RJ,Instagram
CLI06149,34,6295.94,SP,Instagram
CLI06150,55,11494.81,MG,Orgânico
CLI06151,34,7834.92,SC,Instagram
CLI06152,65,8542.89,PR,Google
CLI06153,31,8568.99,PE,Instagram
CLI06154,62,13532.6,MG,Google
CLI06155,23,2908.94,RS,Instagram
CLI06156,52,5578.18,MG,Orgânico
CLI06157,63,9054.86,SC,Orgânico
CLI06158,31,6168.04,SC,Orgânico
CLI06159,64,4474.04,MG,Orgânico
CLI06160,25,4694.53,BA,Orgânico
CLI06161,32,4892.75,BA,TikTok
CLI06162,44,5267.25,PR,Google
CLI06163,30,3659.99,RJ,Instagram
CLI06164,66,11481.42,SC,Orgânico
CLI06165,48,6937.29,PE,Google
CLI06166,52,5053.97,PE,Orgânico
CLI06167,23,2850.74,BA,TikTok
CLI06168,22,4736.95,SC,TikTok
CLI06169,39,9871.83,SP,Instagram
CLI06170,66,11373.75,SC,Orgânico
CLI06171,40,7221.06,SP,Orgânico
CLI06172,42,6325.27,MG,Google
CLI06173,51,13922.98,PR,Orgânico
CLI06174,43,9584.9,PE,Orgânico
CLI06175,64,2047.1,PE,Orgânico
CLI06176,22,2459.14,PE,TikTok
CLI06177,43,5943.27,SP,Instagram
CLI06178,37,3701.63,SP,Google
CLI06179,23,2055.04,RJ,TikTok
CLI06180,23,2501.91,MG,Google
CLI06181,67,11271.7,SP,Orgânico
CLI06182,35,4540.88,SP,Orgânico
CLI06183,21,4016.82,BA,TikTok
CLI06184,34,8740.63,MG,TikTok
CLI06185,31,9578.75,SC,Instagram
CLI06186,31,5202.01,PR,Instagram
CLI06187,30,6756.52,RS,Orgânico
CLI06188,24,3326.89,RS,TikTok
CLI06189,61,12629.0,BA,Google
CLI06190,32,10845.11,PE,Instagram
CLI06191,36,8725.52,MG,Google
CLI06192,60,3779.53,RS,Google
CLI06193,64,3418.88,RJ,Orgânico
CLI06194,61,5144.66,PE,Instagram
CLI06195,52,11387.25,RS,Google
CLI06196,34,6651.93,RJ,TikTok
CLI06197,52,9036.22,PR,Google
CLI06198,36,4107.69,RJ,Google
CLI06199,37,9347.38,BA,Google
CLI06200,53,11822.35,MG,Google
CLI06201,52,10314.55,BA,Google
CLI06202,49,4571.29,BA,Orgânico
CLI06203,65,7173.29,SC,Google
CLI06204,61,13230.32,RS,Orgânico
CLI06205,57,8958.69,RJ,Google
CLI06206,41,5459.89,MG,Orgânico
CLI06207,34,8758.22,RJ,TikTok
CLI06208,24,4283.79,SP,Instagram
CLI06209,60,10107.31,SP,Orgânico
CLI06210,67,5235.9,SC,Google
CLI06211,18,2950.58,PE,TikTok
CLI06212,52,12798.18,BA,Orgânico
CLI06213,49,12373.58,RS,Orgânico
CLI06214,53,12812.83,SP,Orgânico
CLI06215,30,4724.39,SP,Orgânico
CLI06216,23,3148.85,RJ,Google
CLI06217,31,2823.74,RJ,Google
CLI06218,54,7947.84,PR,Instagram
CLI06219,65,5371.93,SC,Google
CLI06220,32,5475.93,SP,Instagram
CLI06221,64,11825.36,PR,Google
CLI06222,21,3189.37,PE,Instagram
CLI06223,57,3377.99,RJ,Orgânico
CLI06224,33,7577.79,BA,TikTok
CLI06225,45,6949.48,RS,Orgânico
CLI06226,33,3552.66,PR,Instagram
CLI06227,21,2845.76,BA,TikTok
CLI06228,62,7387.64,PE,Orgânico
CLI06229,43,6541.51,SP,Google
CLI06230,45,10057.12,PR,Orgânico
CLI06231,49,4000.41,BA,Google
CLI06232,62,8038.96,MG,Orgânico
CLI06233,19,2906.81,SC,Instagram
CLI06234,48,8113.48,SP,Google
CLI06235,20,3352.4,MG,Orgânico
CLI06236,25,10900.91,RS,TikTok
CLI06237,41,3969.49,PR,Google
CLI06238,32,6340.89,RS,TikTok
CLI06239,60,13539.19,SP,Google
CLI06240,48,10417.85,PR,Instagram
CLI06241,26,5040.09,PE,Instagram
CLI06242,56,11814.42,SC,Google
CLI06243,62,7088.53,RS,Orgânico
CLI06244,19,3719.65,RS,Google
CLI06245,25,6318.07,SC,Instagram
CLI06246,24,2131.23,RJ,Google
CLI06247,61,13771.87,MG,Google
CLI06248,68,9340.81,SC,Google
CLI06249,56,14578.91,MG,Orgânico
CLI06250,59,8909.55,BA,Google
CLI06251,33,7149.65,BA,Instagram
CLI06252,52,5697.39,PR,Orgânico
CLI06253,47,6932.77,MG,Orgânico
CLI06254,27,6114.11,RS,TikTok
CLI06255,55,11814.17,SP,Google
CLI06256,35,3405.58,RJ,Instagram
CLI06257,67,3157.93,BA,Orgânico
CLI06258,22,2853.68,MG,TikTok
CLI06259,46,8376.54,BA,Orgânico
CLI06260,56,6594.18,MG,Orgânico
CLI06261,51,8802.78,SC,Orgânico
CLI06262,60,7867.67,SP,Orgânico
CLI06263,62,9901.3,PE,Google
CLI06264,40,4099.52,SC,Orgânico
CLI06265,22,2444.99,MG,TikTok
CLI06266,47,4103.43,PE,Google
CLI06267,23,1978.1,BA,TikTok
CLI06268,63,3332.04,PR,Google
CLI06269,61,7613.87,SC,Orgânico
CLI06270,21,2672.54,SC,Instagram
CLI06271,46,9189.01,SP,Orgânico
CLI06272,40,3605.2,PE,Google
CLI06273,23,2169.17,RS,TikTok
CLI06274,49,12553.32,BA,Google
CLI06275,59,11325.49,SC,Orgânico
CLI06276,35,4950.15,SC,Instagram
CLI06277,32,5129.18,BA,TikTok
CLI06278,57,12694.04,RJ,TikTok
CLI06279,49,11304.04,MG,Google
CLI06280,26,5637.15,SP,Google
CLI06281,54,3229.1,SC,Orgânico
CLI06282,27,4208.06,RS,Instagram
CLI06283,37,4833.01,PE,Google
CLI06284,23,3150.76,RS,Google
CLI06285,65,8067.64,MG,Orgânico
CLI06286,20,3770.58,SP,Instagram
CLI06287,59,12163.13,RS,Google
CLI06288,28,3503.98,SC,TikTok
CLI06289,60,11525.64,PR,Google
CLI06290,34,8867.5,RS,TikTok
CLI06291,49,11443.15,RJ,Orgânico
CLI06292,21,2740.21,SP,Instagram
CLI06293,21,3528.92,PR,TikTok
CLI06294,34,6440.22,SP,Google
CLI06295,58,5785.94,BA,Google
CLI06296,36,6656.42,BA,Google
CLI06297,22,2710.63,PE,TikTok
CLI06298,49,7137.5,BA,Instagram
CLI06299,39,8418.56,SP,Orgânico
CLI06300,23,2640.28,RJ,Orgânico
CLI06301,52,8733.9,BA,Orgânico
CLI06302,39,4891.97,PR,Google
CLI06303,18,2627.02,PE,TikTok
CLI06304,37,9324.83,SC,Orgânico
CLI06305,39,8526.38,BA,Google
CLI06306,65,7064.61,BA,Instagram
CLI06307,28,5282.59,MG,Instagram
CLI06308,30,4999.66,PE,Google
CLI06309,59,2757.91,PR,Google
CLI06310,20,2775.91,PE,TikTok
CLI06311,26,8862.04,RS,TikTok
CLI06312,29,8331.77,SP,TikTok
CLI06313,40,7076.94,RS,Instagram
CLI06314,31,3137.63,PR,TikTok
CLI06315,50,5644.92,MG,Orgânico
CLI06316,35,6480.93,BA,TikTok
CLI06317,66,9064.4,RS,Orgânico
CLI06318,58,5807.65,PR,Google
CLI06319,26,9829.81,PE,Orgânico
CLI06320,40,3835.12,PE,Google
CLI06321,27,3583.3,MG,TikTok
CLI06322,36,4671.44,BA,Orgânico
CLI06323,64,8078.84,PE,Orgânico
CLI06324,22,2962.8,RJ,TikTok
CLI06325,64,3799.82,SP,TikTok
CLI06326,69,3442.48,BA,Google
CLI06327,40,7783.16,BA,Instagram
CLI06328,47,10240.29,SC,Google
CLI06329,42,3857.56,PR,Google
CLI06330,45,10489.32,RJ,Orgânico
CLI06331,51,9176.17,RS,Google
CLI06332,62,7227.49,PE,Instagram
CLI06333,65,3558.11,BA,Google
CLI06334,64,5610.6,PR,Google
CLI06335,42,8883.29,BA,Orgânico
CLI06336,27,6577.22,RJ,Google
CLI06337,31,4046.14,MG,Orgânico
CLI06338,59,11425.59,RJ,Orgânico
CLI06339,63,10057.63,RS,Google
CLI06340,47,7979.49,RS,Orgânico
CLI06341,58,5786.43,MG,Google
CLI06342,42,6977.57,PE,Instagram
CLI06343,31,4133.94,RJ,Instagram
CLI06344,52,8535.33,PR,Google
CLI06345,69,11989.61,SC,Instagram
CLI06346,65,8724.67,SP,Orgânico
CLI06347,51,6641.91,RS,Google
CLI06348,27,5150.51,SC,Google
CLI06349,52,14473.51,RJ,Orgânico
CLI06350,28,3941.74,BA,Orgânico
CLI06351,28,4991.38,BA,Orgânico
CLI06352,38,6143.26,MG,Orgânico
CLI06353,38,6493.77,PE,Google
CLI06354,39,5001.42,RS,Google
CLI06355,62,6644.05,RS,Orgânico
CLI06356,24,3031.66,PR,Google
CLI06357,34,8279.71,PE,Orgânico
CLI06358,19,3103.08,SP,TikTok
CLI06359,29,4974.36,SP,TikTok
CLI06360,59,7644.86,BA,Orgânico
CLI06361,35,6614.06,PR,Orgânico
CLI06362,28,5245.69,PE,TikTok
CLI06363,33,4861.66,PE,TikTok
CLI06364,66,8910.93,RJ,Orgânico
CLI06365,68,3929.79,SP,Google
CLI06366,35,6398.04,PR,Google
CLI06367,52,10556.4,BA,TikTok
CLI06368,43,6606.03,RJ,Google
CLI06369,33,7353.1,PR,TikTok
CLI06370,23,2917.13,SP,TikTok
CLI06371,61,3896.52,PE,TikTok
CLI06372,60,9768.52,SC,TikTok
CLI06373,64,4357.29,SP,Orgânico
CLI06374,64,10079.03,SP,Google
CLI06375,65,10079.87,BA,Google
CLI06376,59,6596.92,BA,Orgânico
CLI06377,29,5485.14,SC,TikTok
CLI06378,30,3976.86,RJ,Google
CLI06379,21,2557.41,PE,TikTok
CLI06380,56,3854.96,RS,Orgânico
CLI06381,19,2961.61,RS,TikTok
CLI06382,43,3730.05,PR,Orgânico
CLI06383,44,4534.37,BA,Google
CLI06384,44,7318.92,RJ,Google
CLI06385,32,9296.83,RJ,Orgânico
CLI06386,25,7510.92,PR,TikTok
CLI06387,24,3875.65,RJ,TikTok
CLI06388,64,7097.41,RS,Google
CLI06389,63,5177.27,MG,Google
CLI06390,57,3924.15,RS,Google
CLI06391,29,6281.82,SP,Instagram
CLI06392,30,5158.76,MG,TikTok
CLI06393,60,14933.91,PR,Orgânico
CLI06394,34,6136.33,PE,Instagram
CLI06395,34,7427.13,PE,Instagram
CLI06396,53,11873.87,RS,Google
CLI06397,38,5676.34,PE,Orgânico
CLI06398,25,6111.08,SC,TikTok
CLI06399,22,4708.26,BA,Instagram
CLI06400,43,7334.79,SC,Orgânico
CLI06401,33,2962.01,PR,Instagram
CLI06402,53,7778.28,RS,Google
CLI06403,45,6578.2,RS,Instagram
CLI06404,46,8690.8,PE,TikTok
CLI06405,64,9877.07,PE,TikTok
CLI06406,29,5473.0,PR,Instagram
CLI06407,54,9353.14,RJ,Google
CLI06408,47,7672.9,SP,Instagram
CLI06409,40,3783.97,MG,Google
CLI06410,33,6049.56,PR,Instagram
CLI06411,31,6492.24,SC,Instagram
CLI06412,27,6792.54,SP,Instagram
CLI06413,24,1582.86,SP,Instagram
CLI06414,62,4900.35,PE,Orgânico
CLI06415,69,12288.83,RJ,Google
CLI06416,54,7251.93,SC,Orgânico
CLI06417,46,8372.54,SP,Orgânico
CLI06418,20,2642.42,SC,TikTok
CLI06419,32,5631.09,MG,TikTok
CLI06420,53,9017.55,SC,Orgânico
CLI06421,64,7850.23,SP,Orgânico
CLI06422,63,12346.26,RS,Orgânico
CLI06423,69,1610.04,SC,Google
CLI06424,36,3515.69,SC,Google
CLI06425,30,9186.21,PE,Instagram
CLI06426,59,2492.55,RS,Orgânico
CLI06427,38,5944.89,SC,Google
CLI06428,54,11175.4,SP,Orgânico
CLI06429,44,3103.29,BA,Google
CLI06430,69,3322.74,MG,Google
CLI06431,46,10047.96,SC,Google
CLI06432,37,4616.74,MG,Orgânico
CLI06433,42,10012.21,SP,Orgânico
CLI06434,23,2306.84,PR,Instagram
CLI06435,53,6940.38,BA,Orgânico
CLI06436,19,3324.68,PE,Instagram
CLI06437,39,5798.28,SC,Google
CLI06438,49,6259.65,MG,Google
CLI06439,33,6497.87,SC,Google
CLI06440,35,6336.9,RJ,Google
CLI06441,22,3114.15,PE,TikTok
CLI06442,53,9086.28,RJ,Instagram
CLI06443,47,10609.88,PE,Orgânico
CLI06444,62,8746.87,SP,Instagram
CLI06445,36,5329.43,BA,Google
CLI06446,40,3462.25,RS,Instagram
CLI06447,51,12308.48,MG,Google
CLI06448,30,4121.87,MG,TikTok
CLI06449,60,5744.18,RS,Google
CLI06450,46,6405.15,RS,Orgânico
CLI06451,53,7389.43,BA,Orgânico
CLI06452,39,1751.11,SC,Orgânico
CLI06453,69,7086.54,RJ,Google
CLI06454,69,5424.84,SC,Instagram
CLI06455,64,11069.03,SC,Orgânico
CLI06456,53,8771.86,RS,Orgânico
CLI06457,26,6920.48,SP,TikTok
CLI06458,56,8873.93,PR,Google
CLI06459,68,8485.61,SP,Google
CLI06460,36,8729.74,SP,Orgânico
CLI06461,55,11585.15,SP,Orgânico
CLI06462,23,3024.11,BA,TikTok
CLI06463,69,7350.14,SC,Orgânico
CLI06464,64,7749.55,SC,Orgânico
CLI06465,32,5381.88,SC,Instagram
CLI06466,37,6163.79,SC,Orgânico
CLI06467,26,10061.91,BA,TikTok
CLI06468,49,11197.9,BA,Instagram
CLI06469,21,1926.99,BA,TikTok
CLI06470,67,4245.34,RS,Orgânico
CLI06471,35,5146.47,RJ,TikTok
CLI06472,22,4095.82,MG,Google
CLI06473,37,7025.17,RJ,Orgânico
CLI06474,40,7178.05,MG,TikTok
CLI06475,28,6794.81,SC,TikTok
CLI06476,54,6088.76,BA,Google
CLI06477,39,6091.48,BA,Google
CLI06478,21,3233.81,RJ,Instagram
CLI06479,46,4065.35,MG,Google
CLI06480,61,7360.34,PR,Google
CLI06481,51,7918.95,SP,Orgânico
CLI06482,30,8507.86,BA,Instagram
CLI06483,59,6313.33,BA,Google
CLI06484,26,5606.86,BA,Instagram
CLI06485,59,9409.05,MG,Orgânico
CLI06486,48,10395.35,RS,Google
CLI06487,24,1968.26,RJ,Instagram
CLI06488,21,4002.99,PE,Instagram
CLI06489,36,10381.57,RJ,Google
CLI06490,59,5143.72,PR,Google
CLI06491,47,7064.74,PE,Orgânico
CLI06492,48,4891.25,MG,Instagram
CLI06493,52,6167.34,PE,Instagram
CLI06494,38,7358.38,SP,Google
CLI06495,48,6627.53,RJ,Orgânico
CLI06496,36,5378.32,PE,Google
CLI06497,48,11413.39,SC,Orgânico
CLI06498,49,7641.22,RS,Orgânico
CLI06499,19,3383.08,SC,TikTok
CLI06500,69,4752.8,MG,Orgânico
CLI06501,27,10011.54,BA,TikTok
CLI06502,19,1863.28,RS,TikTok
CLI06503,19,2837.47,PR,TikTok
CLI06504,41,7015.03,SP,Orgânico
CLI06505,34,6791.8,MG,Instagram
CLI06506,49,12675.08,PE,Orgânico
CLI06507,33,4962.4,MG,TikTok
CLI06508,33,7464.54,BA,Instagram
CLI06509,63,2359.98,PE,Orgânico
CLI06510,56,10419.63,RS,TikTok
CLI06511,48,4103.16,PE,Orgânico
CLI06512,60,6775.57,SP,Orgânico
CLI06513,41,3961.66,RJ,Orgânico
CLI06514,18,2447.16,SC,Google
CLI06515,28,1967.94,RJ,Google
CLI06516,38,1908.75,BA,Google
CLI06517,21,2969.49,PR,TikTok
CLI06518,24,2831.57,SP,Instagram
CLI06519,43,6242.02,RJ,Google
CLI06520,64,6869.95,MG,Orgânico
CLI06521,67,5232.85,MG,Google
CLI06522,29,7994.7,PR,Instagram
CLI06523,48,7603.3,PR,Google
CLI06524,34,6373.23,SP,Instagram
CLI06525,50,6038.3,RJ,Google
CLI06526,28,3906.28,MG,TikTok
CLI06527,45,8732.63,SP,Orgânico
CLI06528,49,10146.2,SP,Google
CLI06529,18,2486.3,MG,TikTok
CLI06530,64,2338.72,RJ,Orgânico
CLI06531,45,7614.09,SC,Orgânico
CLI06532,59,11125.09,PR,Orgânico
CLI06533,24,3027.52,BA,Instagram
CLI06534,19,2486.21,BA,Instagram
CLI06535,59,2894.5,BA,Orgânico
CLI06536,41,9082.94,RS,Google
CLI06537,21,2758.12,RJ,Orgânico
CLI06538,61,7063.66,SC,Google
CLI06539,36,6499.41,SC,Orgânico
CLI06540,43,425.91,MG,Instagram
CLI06541,28,7590.06,SC,TikTok
CLI06542,57,8613.48,BA,Orgânico
CLI06543,67,5735.08,PR,Orgânico
CLI06544,60,3675.99,SP,Orgânico
CLI06545,28,6147.28,RJ,Instagram
CLI06546,62,10273.96,RS,Orgânico
CLI06547,20,2934.5,BA,TikTok
CLI06548,29,5537.18,PR,Instagram
CLI06549,20,2785.06,SC,TikTok
CLI06550,59,10131.53,SP,Orgânico
CLI06551,44,4277.95,PE,Google
CLI06552,66,6631.55,PE,Orgânico
CLI06553,19,1656.4,SP,TikTok
CLI06554,66,2804.59,BA,Google
CLI06555,33,5084.42,SC,Instagram
CLI06556,19,4021.01,PR,TikTok
CLI06557,47,3230.21,RS,Google
CLI06558,37,4874.39,SC,Google
CLI06559,55,5999.25,PE,Google
CLI06560,45,9654.11,RJ,Instagram
CLI06561,42,6058.87,SP,Google
CLI06562,49,11968.94,MG,Google
CLI06563,27,9131.64,BA,Instagram
CLI06564,59,4290.85,SP,TikTok
CLI06565,57,6593.58,SC,Orgânico
CLI06566,50,6924.16,RS,Google
CLI06567,30,6598.33,BA,TikTok
CLI06568,58,6879.44,PE,Google
CLI06569,59,9320.29,SC,Google
CLI06570,64,5628.55,MG,Google
CLI06571,54,7115.97,MG,Google
CLI06572,33,6036.15,SP,Instagram
CLI06573,62,5460.08,SC,Orgânico
CLI06574,39,2987.57,PE,Orgânico
CLI06575,37,4045.05,SP,Orgânico
CLI06576,67,6957.19,PR,TikTok
CLI06577,60,11133.81,SC,Orgânico
CLI06578,44,5564.57,RS,Instagram
CLI06579,58,12923.62,SP,Orgânico
CLI06580,33,4635.06,RS,TikTok
CLI06581,51,6198.8,SC,Google
CLI06582,49,14171.43,BA,Google
CLI06583,43,5706.96,SC,Orgânico
CLI06584,42,7237.22,RJ,Orgânico
CLI06585,19,2739.41,SP,Instagram
CLI06586,29,5951.9,SC,TikTok
CLI06587,57,7289.56,MG,Orgânico
CLI06588,26,4020.84,MG,Instagram
CLI06589,29,8844.28,RJ,Instagram
CLI06590,43,5228.57,SC,Orgânico
CLI06591,26,5797.48,SP,TikTok
CLI06592,27,5677.46,BA,TikTok
CLI06593,49,5950.14,RS,Google
CLI06594,51,9966.46,SP,Orgânico
CLI06595,65,5623.1,RS,Orgânico
CLI06596,37,5526.96,RS,Google
CLI06597,56,8604.52,RS,Google
CLI06598,19,2019.29,MG,TikTok
CLI06599,18,3012.1,PR,Instagram
CLI06600,68,6261.44,BA,Google
CLI06601,53,12250.02,SC,Orgânico
CLI06602,41,6927.43,RJ,Orgânico
CLI06603,44,7342.34,RJ,Orgânico
CLI06604,19,2981.28,RS,Instagram
CLI06605,48,6516.95,SC,Orgânico
CLI06606,31,5664.33,SC,TikTok
CLI06607,19,2498.36,RS,Instagram
CLI06608,46,10332.61,RJ,Google
CLI06609,32,4979.0,RJ,Google
CLI06610,29,8708.58,SP,TikTok
CLI06611,54,7861.51,RJ,Orgânico
CLI06612,45,11899.39,RS,Orgânico
CLI06613,37,6358.04,MG,Google
CLI06614,56,9283.56,RJ,Google
CLI06615,41,8555.24,BA,Instagram
CLI06616,38,6424.65,RJ,Orgânico
CLI06617,27,7923.68,MG,TikTok
CLI06618,63,10490.63,MG,Google
CLI06619,31,8077.51,SC,TikTok
CLI06620,54,4957.93,RS,Orgânico
CLI06621,35,6579.53,RS,Instagram
CLI06622,41,4386.16,RJ,Google
CLI06623,31,5907.98,MG,TikTok
CLI06624,51,8951.82,SP,Google
CLI06625,29,6469.14,PR,Orgânico
CLI06626,39,7202.17,MG,Orgânico
CLI06627,23,3948.01,PR,Instagram
CLI06628,53,4564.93,BA,Orgânico
CLI06629,62,13122.14,BA,Orgânico
CLI06630,53,3252.02,RJ,Orgânico
CLI06631,39,5340.51,BA,Google
CLI06632,31,7571.69,BA,Orgânico
CLI06633,33,3851.0,SP,Instagram
CLI06634,53,7431.02,RS,Google
CLI06635,42,8707.22,SP,Google
CLI06636,49,5374.92,PE,Google
CLI06637,50,8379.85,RS,Orgânico
CLI06638,62,4549.54,SC,Orgânico
CLI06639,53,5749.15,RS,Orgânico
CLI06640,37,5183.33,RS,Google
CLI06641,35,8885.88,PE,Orgânico
CLI06642,55,10751.75,BA,Google
CLI06643,20,2344.23,PE,Instagram
CLI06644,40,6510.71,SC,Orgânico
CLI06645,49,11505.1,RJ,Google
CLI06646,62,4054.02,MG,Google
CLI06647,33,8938.43,SP,Orgânico
CLI06648,22,2239.92,PE,TikTok
CLI06649,21,2025.46,RJ,Orgânico
CLI06650,38,4897.13,PE,Google
CLI06651,57,5219.85,RJ,Instagram
CLI06652,68,8488.02,RS,Instagram
CLI06653,31,6672.71,MG,Orgânico
CLI06654,56,6597.83,PE,Instagram
CLI06655,48,8649.46,SP,Orgânico
CLI06656,31,7814.55,RS,Instagram
CLI06657,23,3500.75,RS,TikTok
CLI06658,29,4648.24,SP,Instagram
CLI06659,33,6340.41,SP,Instagram
CLI06660,34,4973.25,SC,TikTok
CLI06661,62,5654.03,SP,Google
CLI06662,40,5322.51,PR,Google
CLI06663,31,7396.53,RS,TikTok
CLI06664,24,4037.01,MG,TikTok
CLI06665,63,6298.9,SP,Google
CLI06666,49,7155.76,BA,Orgânico
CLI06667,32,7317.38,MG,Orgânico
CLI06668,61,7402.97,MG,Orgânico
CLI06669,34,5429.68,PR,TikTok
CLI06670,58,5775.44,SP,Orgânico
CLI06671,64,7106.06,MG,Orgânico
CLI06672,61,3063.57,BA,Google
CLI06673,51,2127.21,RS,Orgânico
CLI06674,22,3406.83,SP,Instagram
CLI06675,62,8344.2,PR,Orgânico
CLI06676,44,8014.23,SC,Google
CLI06677,69,7233.3,SC,Google
CLI06678,40,6115.95,SC,Orgânico
CLI06679,57,2181.06,SC,Google
CLI06680,31,9012.59,RJ,Instagram
CLI06681,32,2903.82,MG,TikTok
CLI06682,60,12324.35,RJ,Orgânico
CLI06683,50,8162.26,PE,Instagram
CLI06684,48,4359.23,BA,Google
CLI06685,52,5360.24,SP,Google
CLI06686,34,2900.0,RS,Instagram
CLI06687,45,6782.03,SC,Google
CLI06688,36,2622.2,SP,Google
CLI06689,63,11596.73,PR,Google
CLI06690,40,7792.62,MG,Orgânico
CLI06691,49,8549.21,PR,Orgânico
CLI06692,57,5607.33,PE,Google
CLI06693,30,7690.54,MG,Instagram
CLI06694,37,5994.58,PR,Orgânico
CLI06695,52,1032.54,BA,Orgânico
CLI06696,22,3374.82,PR,TikTok
CLI06697,26,5890.71,RS,TikTok
CLI06698,46,8049.85,MG,Orgânico
CLI06699,23,2895.54,SP,TikTok
CLI06700,42,6173.57,PE,Orgânico
CLI06701,48,10319.16,PE,Orgânico
CLI06702,39,10781.3,BA,Google
CLI06703,19,3444.32,PE,Instagram
CLI06704,62,10628.74,PR,Orgânico
CLI06705,22,2515.21,BA,TikTok
CLI06706,44,5800.94,MG,Google
CLI06707,42,6297.1,PE,Instagram
CLI06708,25,3556.53,MG,Google
CLI06709,18,3451.6,PR,Google
CLI06710,37,2015.87,PE,Google
CLI06711,61,2623.85,PE,Orgânico
CLI06712,40,6219.69,SP,Google
CLI06713,49,11133.5,BA,Google
CLI06714,28,8861.25,SC,TikTok
CLI06715,56,3547.02,RS,Orgânico
CLI06716,64,11392.5,RJ,Google
CLI06717,41,7968.72,PE,Google
CLI06718,28,3341.01,SC,Instagram
CLI06719,46,7704.82,PR,Instagram
CLI06720,43,4344.21,PR,Orgânico
CLI06721,33,5656.35,PE,Instagram
CLI06722,52,9936.84,PE,Google
CLI06723,37,6870.72,PE,Google
CLI06724,63,2247.93,RS,Google
CLI06725,20,2356.51,BA,TikTok
CLI06726,18,3180.63,MG,TikTok
CLI06727,64,7326.31,BA,Google
CLI06728,18,2400.95,RS,Instagram
CLI06729,34,2951.28,SP,Instagram
CLI06730,19,5081.98,RS,TikTok
CLI06731,46,13257.29,RS,Orgânico
CLI06732,37,7141.78,SP,TikTok
CLI06733,23,2706.31,PE,TikTok
CLI06734,25,4594.92,PE,TikTok
CLI06735,46,10070.22,PR,Google
CLI06736,65,5870.48,SP,Orgânico
CLI06737,68,8441.68,RJ,Orgânico
CLI06738,50,7054.88,RS,Orgânico
CLI06739,20,2748.44,SP,Google
CLI06740,52,7646.81,PE,Google
CLI06741,22,2866.81,SP,Instagram
CLI06742,44,5294.07,RS,Google
CLI06743,61,12560.64,BA,Instagram
CLI06744,29,5440.32,BA,Instagram
CLI06745,37,8162.81,MG,Orgânico
CLI06746,62,10562.44,PR,Google
CLI06747,37,3863.59,PE,Google
CLI06748,26,7079.1,PE,Instagram
CLI06749,56,4074.58,PE,Google
CLI06750,21,2735.47,SP,Instagram
CLI06751,68,5537.3,BA,Orgânico
CLI06752,36,8875.79,BA,Orgânico
CLI06753,55,10057.7,PE,Google
CLI06754,44,3272.93,PR,Instagram
CLI06755,62,9508.4,SP,Orgânico
CLI06756,60,6238.82,SP,Orgânico
CLI06757,30,7465.68,SP,Orgânico
CLI06758,30,7190.02,BA,TikTok
CLI06759,39,8263.36,BA,Google
CLI06760,45,5862.96,BA,Orgânico
CLI06761,69,7759.72,MG,Instagram
CLI06762,64,4765.32,SP,Orgânico
CLI06763,62,5834.16,PE,Orgânico
CLI06764,39,6717.82,BA,Orgânico
CLI06765,60,8734.36,SC,Google
CLI06766,36,7218.57,PE,Orgânico
CLI06767,25,8085.49,RJ,TikTok
CLI06768,69,5739.05,PE,TikTok
CLI06769,25,4438.05,RS,Google
CLI06770,59,8339.3,RS,Orgânico
CLI06771,43,6363.23,BA,Orgânico
CLI06772,65,4275.73,SP,Google
CLI06773,68,8459.76,PE,Orgânico
CLI06774,43,3948.41,RS,Google
CLI06775,40,5363.19,SC,Orgânico
CLI06776,60,9200.15,PR,Orgânico
CLI06777,30,5967.85,MG,Orgânico
CLI06778,45,4705.93,PR,Orgânico
CLI06779,26,4026.17,MG,Instagram
CLI06780,37,6046.33,PR,Orgânico
CLI06781,36,8638.2,PR,Orgânico
CLI06782,65,10878.27,RJ,TikTok
CLI06783,56,8270.54,RJ,Google
CLI06784,68,2135.23,RJ,Google
CLI06785,29,7177.58,BA,Instagram
CLI06786,32,5551.37,PE,Instagram
CLI06787,48,2690.87,PR,Google
CLI06788,31,4774.53,BA,Orgânico
CLI06789,28,7006.82,PE,Instagram
CLI06790,43,5398.16,RS,Orgânico
CLI06791,59,7892.48,BA,Orgânico
CLI06792,44,4297.55,MG,Orgânico
CLI06793,28,7843.38,PE,Instagram
CLI06794,55,9375.58,RJ,Google
CLI06795,51,7292.71,PE,Google
CLI06796,60,4263.21,PE,Orgânico
CLI06797,36,9467.77,MG,Google
CLI06798,23,2233.66,MG,Instagram
CLI06799,63,10239.49,SP,Google
CLI06800,69,2957.31,PE,Google
CLI06801,55,7858.3,SC,Orgânico
CLI06802,66,7249.15,PR,Google
CLI06803,59,11106.62,SC,Orgânico
CLI06804,45,8698.21,PR,Instagram
CLI06805,18,3891.09,MG,Google
CLI06806,52,6423.92,BA,Google
CLI06807,57,4307.01,SC,Orgânico
CLI06808,25,1511.64,SP,TikTok
CLI06809,69,10331.49,SC,Orgânico
CLI06810,64,10324.67,RS,Google
CLI06811,24,4187.11,SC,Instagram
CLI06812,28,1585.63,SP,Instagram
CLI06813,56,4829.96,SP,Instagram
CLI06814,21,2189.12,RJ,TikTok
CLI06815,42,9512.99,RS,Orgânico
CLI06816,29,6975.73,PR,Instagram
CLI06817,43,4096.14,MG,Google
CLI06818,55,9841.3,SC,Google
CLI06819,63,5658.6,SC,Google
CLI06820,29,6600.83,MG,Instagram
CLI06821,60,8420.24,PE,Google
CLI06822,68,7578.41,PE,Google
CLI06823,54,7934.54,SP,Google
CLI06824,63,8378.66,BA,Google
CLI06825,41,8116.21,SP,TikTok
CLI06826,33,6709.68,SC,Orgânico
CLI06827,30,3174.64,SC,Orgânico
CLI06828,42,4607.54,BA,Orgânico
CLI06829,69,2867.58,MG,Google
CLI06830,21,3035.25,PE,TikTok
CLI06831,28,7999.56,MG,TikTok
CLI06832,49,7872.38,BA,Google
CLI06833,66,8540.06,BA,Google
CLI06834,24,1662.93,RS,Instagram
CLI06835,63,10001.79,PR,Google
CLI06836,28,3013.49,BA,TikTok
CLI06837,45,5971.86,SP,Orgânico
CLI06838,58,7656.94,RJ,Google
CLI06839,40,5238.62,RS,TikTok
CLI06840,62,7643.18,PE,Instagram
CLI06841,40,6469.85,RJ,Google
CLI06842,67,8409.62,RS,Google
CLI06843,45,5870.26,PE,Google
CLI06844,60,7356.7,MG,Google
CLI06845,64,8026.32,PR,Orgânico
CLI06846,43,7510.06,SC,Orgânico
CLI06847,42,7971.7,MG,Orgânico
CLI06848,46,7477.5,MG,Orgânico
CLI06849,36,6509.64,RS,Google
CLI06850,50,8246.22,MG,Orgânico
CLI06851,53,7463.43,RJ,Google
CLI06852,31,6966.99,MG,TikTok
CLI06853,31,7560.79,PR,Instagram
CLI06854,52,3883.76,RJ,Instagram
CLI06855,47,9851.46,PR,Google
CLI06856,45,10453.23,RS,TikTok
CLI06857,34,7039.01,RJ,Instagram
CLI06858,20,3107.84,RS,Instagram
CLI06859,33,7589.09,BA,TikTok
CLI06860,63,5151.06,BA,Google
CLI06861,47,7290.98,PR,Google
CLI06862,69,8558.96,SP,Orgânico
CLI06863,46,9711.37,PE,Google
CLI06864,62,5034.68,SP,Orgânico
CLI06865,32,4990.04,RJ,Google
CLI06866,63,1911.96,SP,Orgânico
CLI06867,42,8580.32,SC,Google
CLI06868,68,9650.8,RS,Google
CLI06869,55,6134.69,PR,Orgânico
CLI06870,59,10593.22,RJ,Instagram
CLI06871,64,4856.6,RS,Instagram
CLI06872,69,8344.81,SP,Google
CLI06873,55,8715.51,RJ,Orgânico
CLI06874,40,4725.61,PE,TikTok
CLI06875,42,5766.43,SC,Orgânico
CLI06876,59,6511.77,PE,Google
CLI06877,24,3331.0,RJ,TikTok
CLI06878,39,6399.55,PE,Google
CLI06879,34,6390.86,PE,Instagram
CLI06880,35,6358.64,RJ,Instagram
CLI06881,66,11000.0,BA,Google
CLI06882,58,12688.05,PE,Google
CLI06883,27,4384.01,BA,TikTok
CLI06884,27,8025.78,RS,Orgânico
CLI06885,24,2849.84,MG,TikTok
CLI06886,65,5190.71,MG,Orgânico
CLI06887,67,6722.85,MG,Orgânico
CLI06888,55,8256.71,MG,Google
CLI06889,44,9404.22,PE,Google
CLI06890,69,9876.97,PR,Orgânico
CLI06891,50,8258.06,SC,Orgânico
CLI06892,18,3373.67,BA,Orgânico
CLI06893,61,9824.41,RJ,Orgânico
CLI06894,51,8359.84,PE,Orgânico
CLI06895,21,1855.11,BA,Google
CLI06896,34,4998.02,RS,TikTok
CLI06897,21,2722.0,SC,TikTok
CLI06898,60,6982.55,RJ,Google
CLI06899,43,8013.77,RS,Orgânico
CLI06900,21,2510.72,MG,TikTok
CLI06901,18,1531.2,PR,Instagram
CLI06902,24,2647.06,RJ,TikTok
CLI06903,47,10054.05,RJ,Orgânico
CLI06904,67,4775.26,SP,Instagram
CLI06905,26,4785.35,PR,Instagram
CLI06906,52,10813.62,PR,Google
CLI06907,25,7883.5,PE,Google
CLI06908,41,7056.52,PR,Google
CLI06909,36,7807.44,PE,Google
CLI06910,53,752.09,SC,Orgânico
CLI06911,67,9322.7,PE,Google
CLI06912,69,8480.37,PE,TikTok
CLI06913,60,2341.35,MG,Orgânico
CLI06914,44,2323.78,SP,Orgânico
CLI06915,49,9772.68,SC,Google
CLI06916,31,5231.55,PE,Google
CLI06917,35,7575.11,RS,TikTok
CLI06918,45,14193.17,MG,Orgânico
CLI06919,46,7440.94,BA,Google
CLI06920,33,5768.0,RJ,TikTok
CLI06921,52,11380.41,PE,Orgânico
CLI06922,64,9181.81,PE,Google
CLI06923,48,11051.72,SP,Instagram
CLI06924,21,2550.27,PE,Instagram
CLI06925,54,7308.41,SC,Google
CLI06926,34,7148.33,SP,Instagram
CLI06927,56,2761.72,MG,Instagram
CLI06928,65,6361.96,RS,Orgânico
CLI06929,63,6003.85,RS,Google
CLI06930,43,5251.79,SC,Google
CLI06931,65,7938.05,BA,Orgânico
CLI06932,56,8401.23,RS,Google
CLI06933,58,8524.13,SC,Orgânico
CLI06934,21,3563.17,SP,Instagram
CLI06935,47,5122.87,RJ,Instagram
CLI06936,47,5825.62,RJ,Google
CLI06937,39,5763.22,RJ,Orgânico
CLI06938,28,9610.71,MG,Instagram
CLI06939,19,2563.07,SP,TikTok
CLI06940,61,11244.68,PE,Google
CLI06941,29,5044.8,RS,Instagram
CLI06942,47,5420.85,MG,Instagram
CLI06943,53,7374.9,MG,Orgânico
CLI06944,35,8822.21,RS,Instagram
CLI06945,43,5207.73,RJ,Google
CLI06946,24,2998.2,RJ,TikTok
CLI06947,18,2345.6,RJ,Instagram
CLI06948,43,6504.86,BA,Google
CLI06949,40,10607.57,RS,TikTok
CLI06950,43,7078.19,SP,Orgânico
CLI06951,62,7787.22,SP,Google
CLI06952,23,1717.02,RS,Orgânico
CLI06953,23,1844.86,RJ,Instagram
CLI06954,61,8119.42,MG,Instagram
CLI06955,25,5224.21,SP,Google
CLI06956,41,6738.79,SC,Google
CLI06957,39,7363.96,MG,Google
CLI06958,36,8183.53,RS,Google
CLI06959,54,9351.75,PE,Google
CLI06960,35,2091.7,MG,TikTok
CLI06961,48,2423.69,BA,Orgânico
CLI06962,54,5059.78,PR,Instagram
CLI06963,47,8082.6,SP,Orgânico
CLI06964,59,12185.5,BA,Google
CLI06965,50,10739.99,SC,Google
CLI06966,27,6101.41,SP,Instagram
CLI06967,54,10916.56,BA,Orgânico
CLI06968,29,5489.96,MG,Instagram
CLI06969,47,3600.47,RS,Google
CLI06970,44,8251.66,SP,Orgânico
CLI06971,56,3482.2,MG,Orgânico
CLI06972,26,5939.57,SC,TikTok
CLI06973,38,5932.83,MG,Google
CLI06974,29,8595.55,BA,TikTok
CLI06975,46,8436.79,RS,Google
CLI06976,50,8408.15,RJ,Orgânico
CLI06977,60,10615.89,RS,TikTok
CLI06978,32,4691.56,MG,Instagram
CLI06979,19,3337.09,RJ,Instagram
CLI06980,69,4049.69,SC,Google
CLI06981,56,10331.57,SC,TikTok
CLI06982,61,11188.09,MG,Orgânico
CLI06983,35,6555.69,RJ,Orgânico
CLI06984,20,2096.75,PE,TikTok
CLI06985,24,2946.72,MG,Instagram
CLI06986,60,11298.75,PE,Google
CLI06987,35,1161.74,BA,Orgânico
CLI06988,61,9037.45,PE,TikTok
CLI06989,55,7413.42,SC,Google
CLI06990,54,8937.26,PE,Google
CLI06991,50,6188.72,RJ,Orgânico
CLI06992,61,15873.88,PR,Google
CLI06993,48,6240.41,PR,Instagram
CLI06994,28,9744.9,SC,TikTok
CLI06995,21,2844.17,RS,Instagram
CLI06996,35,7315.83,RJ,TikTok
CLI06997,21,3239.36,PE,Instagram
CLI06998,66,9157.97,MG,Google
CLI06999,51,8859.97,RS,Google
CLI07000,46,5130.26,RS,Google
CLI07001,41,7737.31,BA,Orgânico
CLI07002,39,6407.38,SC,Orgânico
CLI07003,19,3032.42,SC,TikTok
CLI07004,61,6355.39,SP,Orgânico
CLI07005,23,2903.49,RS,TikTok
CLI07006,59,6169.56,RS,Instagram
CLI07007,42,7034.06,BA,Orgânico
CLI07008,38,7717.1,MG,TikTok
CLI07009,33,6322.77,MG,Instagram
CLI07010,48,1868.52,PR,Orgânico
CLI07011,31,4903.67,SP,TikTok
CLI07012,56,8598.92,RS,Google
CLI07013,45,7712.04,MG,Orgânico
CLI07014,49,9908.61,RS,Orgânico
CLI07015,45,10270.51,PE,Google
CLI07016,68,7279.76,MG,Orgânico
CLI07017,66,5112.71,BA,Google
CLI07018,26,5684.88,PR,Orgânico
CLI07019,62,3933.61,SP,Google
CLI07020,39,6546.64,SP,Orgânico
CLI07021,49,5450.12,RJ,Orgânico
CLI07022,22,2218.34,RS,TikTok
CLI07023,40,5554.96,BA,Orgânico
CLI07024,22,5064.23,SC,TikTok
CLI07025,59,8689.33,RJ,Orgânico
CLI07026,49,9286.32,SP,Orgânico
CLI07027,27,6949.17,RS,Instagram
CLI07028,56,2679.28,PR,Instagram
CLI07029,32,6355.32,PE,TikTok
CLI07030,24,1948.2,RJ,Google
CLI07031,46,6887.48,PR,Orgânico
CLI07032,64,8978.68,SP,Orgânico
CLI07033,20,2116.99,RS,Instagram
CLI07034,36,7994.84,PR,Google
CLI07035,27,5583.01,RJ,TikTok
CLI07036,45,8382.44,SP,Orgânico
CLI07037,46,8080.72,SP,Google
CLI07038,32,5822.34,RJ,TikTok
CLI07039,52,9658.94,RS,Google
CLI07040,23,3247.24,SC,TikTok
CLI07041,29,4434.11,RJ,TikTok
CLI07042,64,8053.49,RJ,Orgânico
CLI07043,55,7596.17,RS,Google
CLI07044,30,4087.07,MG,Google
CLI07045,46,9254.32,SP,Google
CLI07046,36,4341.06,MG,Orgânico
CLI07047,20,2511.05,MG,Instagram
CLI07048,25,8023.81,MG,TikTok
CLI07049,25,5291.36,PR,Google
CLI07050,37,10419.26,BA,Instagram
CLI07051,64,7693.06,RJ,Orgânico
CLI07052,21,3725.5,MG,Instagram
CLI07053,68,5900.05,PR,Instagram
CLI07054,38,7967.85,PR,Orgânico
CLI07055,20,3633.4,BA,TikTok
CLI07056,62,1587.65,SP,TikTok
CLI07057,25,6766.38,RJ,Orgânico
CLI07058,40,5199.73,RS,Orgânico
CLI07059,33,6929.59,SC,Instagram
CLI07060,30,8463.39,RJ,Google
CLI07061,20,3629.82,PR,TikTok
CLI07062,65,6573.94,PE,Google
CLI07063,26,4358.83,RJ,Google
CLI07064,31,2426.02,SP,TikTok
CLI07065,30,7557.86,RJ,TikTok
CLI07066,24,1839.27,BA,Google
CLI07067,32,6095.16,PR,Google
CLI07068,24,2039.34,PE,Instagram
CLI07069,55,3756.96,BA,Orgânico
CLI07070,51,11513.51,PR,Google
CLI07071,58,5654.78,MG,Google
CLI07072,39,6058.37,PR,Orgânico
CLI07073,41,6415.06,SP,Orgânico
CLI07074,66,6785.16,PR,Google
CLI07075,54,6952.05,RJ,Orgânico
CLI07076,61,5187.62,RS,Google
CLI07077,18,2333.49,RS,Instagram
CLI07078,27,3901.57,RS,Google
CLI07079,60,5576.99,SC,Orgânico
CLI07080,33,5295.09,PR,TikTok
CLI07081,63,1441.16,RS,Google
CLI07082,25,4189.49,PE,Instagram
CLI07083,66,10825.47,SP,Orgânico
CLI07084,42,7668.06,BA,Google
CLI07085,67,5302.76,SP,Instagram
CLI07086,29,5043.27,RS,Orgânico
CLI07087,42,4841.29,SP,Orgânico
CLI07088,34,5379.71,RS,TikTok
CLI07089,43,3199.51,SP,Instagram
CLI07090,63,6421.77,RJ,Google
CLI07091,65,3309.88,MG,Google
CLI07092,31,6603.62,BA,TikTok
CLI07093,58,8534.24,PE,Orgânico
CLI07094,53,5080.36,PE,Orgânico
CLI07095,40,5276.97,SC,Google
CLI07096,60,13289.13,BA,Orgânico
CLI07097,23,3285.33,RS,Google
CLI07098,64,6643.24,BA,Orgânico
CLI07099,22,1936.51,MG,Orgânico
CLI07100,60,4409.19,MG,Orgânico
CLI07101,42,4980.17,MG,Google
CLI07102,35,8502.3,RJ,Orgânico
CLI07103,30,9793.17,BA,Instagram
CLI07104,60,13370.93,BA,Orgânico
CLI07105,31,7116.25,SC,TikTok
CLI07106,45,5630.15,PR,Orgânico
CLI07107,35,9712.83,PE,Instagram
CLI07108,45,8438.17,PE,TikTok
CLI07109,68,7086.05,PR,TikTok
CLI07110,44,6784.55,RS,Orgânico
CLI07111,49,3691.36,SC,Google
CLI07112,64,14560.4,SC,Google
CLI07113,26,5430.14,SP,Orgânico
CLI07114,57,13093.9,BA,Google
CLI07115,49,5465.72,MG,Orgânico
CLI07116,37,3499.14,SP,Google
CLI07117,45,9396.3,RJ,Google
CLI07118,50,9996.26,PE,Orgânico
CLI07119,21,3939.85,RJ,TikTok
CLI07120,63,3165.3,SC,Instagram
CLI07121,51,5970.96,PE,Google
CLI07122,65,3895.86,PE,Orgânico
CLI07123,20,3012.73,PE,Instagram
CLI07124,43,4815.77,RJ,Google
CLI07125,25,4380.17,SC,Google
CLI07126,23,2971.67,BA,Google
CLI07127,33,6738.53,PE,TikTok
CLI07128,41,3628.81,PE,Google
CLI07129,65,4227.11,PR,Google
CLI07130,56,5478.26,PE,Orgânico
CLI07131,47,1158.75,PE,Google
CLI07132,62,12950.31,MG,Google
CLI07133,30,5043.63,PE,TikTok
CLI07134,22,2583.0,PE,Google
CLI07135,42,6589.19,BA,TikTok
CLI07136,37,1798.04,RJ,Google
CLI07137,35,3074.57,SP,TikTok
CLI07138,64,8892.43,RJ,Orgânico
CLI07139,35,4551.38,PE,TikTok
CLI07140,19,3422.91,RS,Instagram
CLI07141,27,2787.76,MG,Instagram
CLI07142,62,7722.74,PE,Orgânico
CLI07143,67,10231.61,RJ,Orgânico
CLI07144,64,7006.71,SC,Orgânico
CLI07145,29,3871.24,RJ,TikTok
CLI07146,64,8709.49,PR,Orgânico
CLI07147,30,3321.02,PE,TikTok
CLI07148,67,5792.22,PE,Google
CLI07149,64,6424.45,BA,Instagram
CLI07150,28,9199.14,PR,Orgânico
CLI07151,36,6802.56,RJ,Google
CLI07152,52,4586.62,SP,Google
CLI07153,56,7217.03,RJ,Instagram
CLI07154,43,6294.84,SC,Google
CLI07155,63,10399.86,PE,Instagram
CLI07156,31,6263.45,SC,Instagram
CLI07157,62,14602.77,BA,Orgânico
CLI07158,61,8653.69,BA,Google
CLI07159,41,5571.43,BA,Google
CLI07160,58,4956.17,BA,Google
CLI07161,18,2921.6,BA,TikTok
CLI07162,68,9848.52,SC,Google
CLI07163,60,4900.1,SP,Google
CLI07164,39,8996.1,PR,Orgânico
CLI07165,40,4677.09,SC,Orgânico
CLI07166,36,7974.47,SC,Orgânico
CLI07167,35,6351.51,RJ,Instagram
CLI07168,29,3413.1,PR,TikTok
CLI07169,45,4484.76,SC,Orgânico
CLI07170,45,8467.67,PE,Orgânico
CLI07171,50,5875.17,BA,Orgânico
CLI07172,36,5635.18,SC,Orgânico
CLI07173,45,10224.97,RJ,Orgânico
CLI07174,69,7383.39,RJ,Orgânico
CLI07175,66,9217.66,MG,Instagram
CLI07176,54,1234.56,RJ,Orgânico
CLI07177,43,5250.43,RJ,Orgânico
CLI07178,52,5838.21,MG,Instagram
CLI07179,51,2363.44,SC,Google
CLI07180,52,13654.22,RS,Google
CLI07181,57,9803.04,RJ,Orgânico
CLI07182,33,7770.47,SP,TikTok
CLI07183,55,11748.26,MG,Orgânico
CLI07184,30,8027.05,RS,Google
CLI07185,40,5311.62,RS,Google
CLI07186,39,1749.09,MG,Orgânico
CLI07187,33,7164.33,RS,Instagram
CLI07188,45,6498.94,SC,Orgânico
CLI07189,65,4226.89,RS,Google
CLI07190,52,5089.94,RS,Instagram
CLI07191,62,10683.76,RJ,Google
CLI07192,63,8996.23,SP,Google
CLI07193,25,6936.62,SC,Google
CLI07194,61,4915.9,PE,Google
CLI07195,39,5285.22,RJ,Google
CLI07196,38,7289.07,SC,Orgânico
CLI07197,43,9264.49,RS,Google
CLI07198,57,10836.41,MG,Orgânico
CLI07199,38,5513.64,MG,Orgânico
CLI07200,42,7244.13,RJ,Google
CLI07201,58,10711.41,BA,Instagram
CLI07202,18,2953.71,SC,TikTok
CLI07203,23,2356.2,RS,Google
CLI07204,40,1564.71,RJ,Google
CLI07205,68,8422.21,RS,Google
CLI07206,40,3721.38,PR,Orgânico
CLI07207,60,6179.46,PE,Google
CLI07208,60,6678.8,PE,Google
CLI07209,40,5433.96,RJ,Orgânico
CLI07210,49,5562.25,RS,Orgânico
CLI07211,47,712.52,PR,Google
CLI07212,30,9106.49,MG,Instagram
CLI07213,60,8203.01,SP,Orgânico
CLI07214,35,9236.21,MG,Instagram
CLI07215,40,7366.83,PE,Instagram
CLI07216,32,5941.04,SP,Google
CLI07217,50,8070.74,PE,Orgânico
CLI07218,38,4638.07,SC,Google
CLI07219,56,14714.4,SP,Orgânico
CLI07220,40,4796.98,SC,Instagram
CLI07221,44,7045.74,PE,Google
CLI07222,62,4450.81,PR,TikTok
CLI07223,61,6666.71,SC,Instagram
CLI07224,35,2796.29,RJ,TikTok
CLI07225,41,6962.2,RJ,Orgânico
CLI07226,68,9881.72,RS,Google
CLI07227,64,4390.14,RJ,Google
CLI07228,57,6165.03,MG,Google
CLI07229,68,7874.0,BA,Orgânico
CLI07230,59,3532.52,RS,Google
CLI07231,24,2635.07,PE,Instagram
CLI07232,67,4434.69,RJ,Google
CLI07233,65,3047.84,SC,TikTok
CLI07234,37,5275.52,SC,Google
CLI07235,44,2972.69,PE,Instagram
CLI07236,23,3385.57,SC,Google
CLI07237,44,6097.66,RJ,Orgânico
CLI07238,26,4133.16,RS,Instagram
CLI07239,62,10656.75,PR,Google
CLI07240,48,8613.14,PE,Google
CLI07241,38,7383.68,PR,Orgânico
CLI07242,43,5025.32,MG,Instagram
CLI07243,57,7557.06,SC,Orgânico
CLI07244,65,1476.97,SC,Google
CLI07245,62,11406.45,MG,Google
CLI07246,30,9203.8,SC,Instagram
CLI07247,66,4351.02,PE,Google
CLI07248,40,4990.88,SP,Google
CLI07249,37,7268.51,RS,Instagram
CLI07250,54,7676.69,MG,Google
CLI07251,45,11070.73,BA,Orgânico
CLI07252,34,3398.58,SC,TikTok
CLI07253,45,12006.13,MG,Google
CLI07254,58,6943.7,SP,Instagram
CLI07255,19,2965.72,SP,Instagram
CLI07256,42,7814.69,RS,Orgânico
CLI07257,67,11952.87,RJ,Google
CLI07258,58,1204.67,SC,Orgânico
CLI07259,23,2075.1,BA,Google
CLI07260,28,4542.68,BA,Instagram
CLI07261,55,6798.66,RS,Orgânico
CLI07262,23,4282.28,SP,TikTok
CLI07263,62,8124.95,SP,Orgânico
CLI07264,28,3728.96,RS,Google
CLI07265,31,8911.35,SP,TikTok
CLI07266,19,3651.75,RJ,TikTok
CLI07267,57,6001.0,SC,Orgânico
CLI07268,20,2127.16,MG,TikTok
CLI07269,52,7424.16,RJ,Orgânico
CLI07270,50,10156.25,SC,Instagram
CLI07271,41,5103.02,SP,Google
CLI07272,36,7796.59,RJ,Orgânico
CLI07273,35,6693.07,PR,Instagram
CLI07274,66,11554.82,PR,Google
CLI07275,69,5063.27,SP,Google
CLI07276,41,8540.17,SC,Instagram
CLI07277,62,7547.47,SC,Google
CLI07278,52,7846.97,PE,Google
CLI07279,18,2667.93,RJ,TikTok
CLI07280,53,8017.47,PR,Orgânico
CLI07281,42,8309.18,BA,Google
CLI07282,62,11055.37,PE,Orgânico
CLI07283,66,9801.96,PE,Google
CLI07284,60,5793.29,SC,Orgânico
CLI07285,51,4558.53,RJ,Orgânico
CLI07286,42,9894.51,RJ,Instagram
CLI07287,33,6056.0,PR,TikTok
CLI07288,51,4261.84,SP,Orgânico
CLI07289,46,8272.26,RJ,Orgânico
CLI07290,36,3444.79,SP,Orgânico
CLI07291,40,6280.73,PR,Google
CLI07292,36,5987.22,RJ,Orgânico
CLI07293,42,3528.16,MG,Google
CLI07294,33,5287.09,PR,Instagram
CLI07295,68,11222.04,PR,Google
CLI07296,26,7178.6,MG,Instagram
CLI07297,18,1783.42,PR,TikTok
CLI07298,59,7508.79,MG,Orgânico
CLI07299,36,3423.78,MG,Orgânico
CLI07300,50,4793.98,PR,Orgânico
CLI07301,51,9624.78,MG,Google
CLI07302,33,6635.45,MG,Orgânico
CLI07303,61,3539.83,PE,Google
CLI07304,57,1736.85,PR,Orgânico
CLI07305,35,5030.85,MG,Orgânico
CLI07306,51,11384.93,SP,Google
CLI07307,42,7982.19,PR,Instagram
CLI07308,62,8263.57,PR,Google
CLI07309,23,3362.43,SP,Google
CLI07310,38,5913.77,PE,Orgânico
CLI07311,23,3208.69,SC,TikTok
CLI07312,49,6370.48,RS,Google
CLI07313,58,9366.2,PE,TikTok
CLI07314,65,12361.58,PE,Orgânico
CLI07315,60,10224.25,RJ,Google
CLI07316,56,11701.74,PE,Orgânico
CLI07317,48,7062.75,MG,Orgânico
CLI07318,59,6130.97,BA,Orgânico
CLI07319,27,5498.23,RS,TikTok
CLI07320,47,8216.6,MG,Google
CLI07321,69,9137.14,RS,Orgânico
CLI07322,35,6248.32,BA,Instagram
CLI07323,41,4316.25,PE,Orgânico
CLI07324,69,11730.21,BA,Instagram
CLI07325,26,7467.82,PE,Google
CLI07326,48,11938.48,BA,Orgânico
CLI07327,32,5068.49,RJ,Orgânico
CLI07328,21,2130.02,MG,Instagram
CLI07329,57,11609.53,PE,Google
CLI07330,26,5614.17,RS,Instagram
CLI07331,62,6292.69,MG,Google
CLI07332,26,3355.76,SP,TikTok
CLI07333,43,7051.28,SP,Orgânico
CLI07334,21,2653.32,RS,Instagram
CLI07335,34,11130.31,SP,Instagram
CLI07336,33,6772.89,SP,TikTok
CLI07337,32,5898.24,BA,Instagram
CLI07338,52,5364.98,BA,Instagram
CLI07339,69,5362.61,PR,Google
CLI07340,22,2861.9,MG,TikTok
CLI07341,22,3754.55,RJ,TikTok
CLI07342,37,8541.62,PE,Google
CLI07343,32,8233.13,PE,Instagram
CLI07344,35,6491.21,MG,Instagram
CLI07345,64,5700.64,PR,Instagram
CLI07346,19,2926.27,PR,Instagram
CLI07347,46,5208.15,MG,Orgânico
CLI07348,30,4841.32,RS,Instagram
CLI07349,21,3247.64,MG,Instagram
CLI07350,59,9983.95,SP,TikTok
CLI07351,62,7609.82,PR,Google
CLI07352,27,4564.73,MG,Instagram
CLI07353,48,8901.8,RJ,Google
CLI07354,58,4441.42,RJ,TikTok
CLI07355,25,6200.65,PE,Orgânico
CLI07356,20,2389.51,SP,Orgânico
CLI07357,65,11254.77,BA,Orgânico
CLI07358,63,6714.59,SP,Google
CLI07359,26,4717.1,MG,Instagram
CLI07360,47,8553.46,RJ,Orgânico
CLI07361,28,2792.0,RS,Instagram
CLI07362,52,6780.81,PR,Google
CLI07363,54,9076.64,SC,Orgânico
CLI07364,59,5638.56,RJ,Google
CLI07365,30,9555.73,PR,TikTok
CLI07366,53,9175.24,RJ,Google
CLI07367,30,5010.95,MG,TikTok
CLI07368,29,4425.58,SC,TikTok
CLI07369,54,9151.01,SC,Orgânico
CLI07370,27,3105.08,MG,Instagram
CLI07371,26,1995.71,MG,TikTok
CLI07372,69,8060.89,SP,Orgânico
CLI07373,24,1652.8,PE,TikTok
CLI07374,19,2432.78,PR,TikTok
CLI07375,40,4770.52,RS,Orgânico
CLI07376,56,9321.7,PR,Orgânico
CLI07377,57,5733.21,SP,Orgânico
CLI07378,56,4144.1,PR,Orgânico
CLI07379,38,6973.27,BA,Orgânico
CLI07380,40,3676.71,SC,Orgânico
CLI07381,46,6278.36,RJ,Instagram
CLI07382,31,6246.71,SC,TikTok
CLI07383,43,3892.95,SP,Instagram
CLI07384,68,10375.39,PR,Google
CLI07385,22,2516.22,PE,TikTok
CLI07386,48,4636.75,PR,Google
CLI07387,42,1795.39,RJ,Instagram
CLI07388,48,10372.92,RS,Google
CLI07389,67,10002.18,RJ,Instagram
CLI07390,37,5663.52,RJ,Orgânico
CLI07391,61,14397.93,BA,Orgânico
CLI07392,34,5586.98,SC,Google
CLI07393,62,10998.39,PE,Instagram
CLI07394,19,3821.66,SP,Instagram
CLI07395,42,4544.48,SP,Orgânico
CLI07396,30,8485.39,SP,Instagram
CLI07397,56,5756.37,PE,Orgânico
CLI07398,45,7213.73,SC,Orgânico
CLI07399,59,11242.61,MG,Google
CLI07400,23,2623.32,PR,TikTok
CLI07401,20,3524.89,BA,Instagram
CLI07402,52,9086.16,PE,Orgânico
CLI07403,35,3986.41,SC,Instagram
CLI07404,28,7198.46,SP,Instagram
CLI07405,37,4520.15,SC,Google
CLI07406,22,1865.89,BA,Instagram
CLI07407,36,6528.6,SC,Orgânico
CLI07408,39,10736.79,RS,Google
CLI07409,36,6626.5,MG,TikTok
CLI07410,64,10369.72,RS,Instagram
CLI07411,33,3079.7,PE,Instagram
CLI07412,41,5448.29,RJ,TikTok
CLI07413,58,4239.31,RS,Google
CLI07414,21,4016.42,BA,Google
CLI07415,32,4572.29,PE,Instagram
CLI07416,42,6594.71,RS,TikTok
CLI07417,61,8254.1,SP,Google
CLI07418,52,2802.32,SC,Google
CLI07419,31,2883.29,PE,TikTok
CLI07420,66,8556.38,RJ,Orgânico
CLI07421,36,7827.78,BA,Google
CLI07422,55,9309.23,PR,TikTok
CLI07423,53,8612.59,PR,Google
CLI07424,24,2455.27,PR,Instagram
CLI07425,47,13493.02,PE,Orgânico
CLI07426,36,3187.72,SC,Orgânico
CLI07427,66,10315.72,BA,Google
CLI07428,42,4190.04,SC,Orgânico
CLI07429,33,7841.5,PE,Google
CLI07430,64,14188.5,MG,Orgânico
CLI07431,57,8498.02,SP,Google
CLI07432,68,7979.12,RJ,TikTok
CLI07433,25,5238.61,RS,Instagram
CLI07434,35,5855.19,PR,TikTok
CLI07435,45,5806.33,RJ,Google
CLI07436,33,7381.56,MG,Google
CLI07437,69,5263.05,PR,Google
CLI07438,36,5478.7,RJ,Orgânico
CLI07439,59,9678.64,BA,Orgânico
CLI07440,34,8584.0,SP,Instagram
CLI07441,62,5312.26,SP,Google
CLI07442,30,9109.68,MG,TikTok
CLI07443,24,3759.76,RJ,TikTok
CLI07444,44,10050.57,MG,Orgânico
CLI07445,27,7212.64,MG,Google
CLI07446,51,12203.4,MG,Orgânico
CLI07447,53,12452.97,SC,Orgânico
CLI07448,42,5661.73,SP,TikTok
CLI07449,23,2292.86,SC,Google
CLI07450,41,5245.88,RS,Orgânico
CLI07451,35,3266.12,PE,Instagram
CLI07452,40,6011.44,SC,Google
CLI07453,23,1115.26,SP,TikTok
CLI07454,46,8194.85,MG,Orgânico
CLI07455,42,9880.51,RJ,Instagram
CLI07456,34,6127.03,MG,TikTok
CLI07457,63,11366.1,BA,Orgânico
CLI07458,41,2740.92,MG,Orgânico
CLI07459,28,6119.89,BA,TikTok
CLI07460,43,5479.02,SC,Orgânico
CLI07461,68,10079.04,RJ,TikTok
CLI07462,51,4694.27,SP,Google
CLI07463,45,5316.29,PR,Google
CLI07464,20,3680.03,BA,Instagram
CLI07465,28,6871.25,SP,Instagram
CLI07466,55,5838.0,RJ,Google
CLI07467,31,6329.28,PE,TikTok
CLI07468,68,7623.33,SP,Google
CLI07469,43,3142.29,SC,Orgânico
CLI07470,65,9325.72,PE,Google
CLI07471,38,5099.75,RJ,TikTok
CLI07472,56,11526.31,PE,TikTok
CLI07473,47,6838.55,PR,Google
CLI07474,25,4790.6,BA,Instagram
CLI07475,68,5982.46,BA,Google
CLI07476,37,8461.82,PR,Google
CLI07477,65,8547.54,BA,Google
CLI07478,49,6063.57,RJ,Google
CLI07479,39,5852.7,SP,Instagram
CLI07480,24,3774.8,PR,Google
CLI07481,26,3985.65,BA,Instagram
CLI07482,62,3675.51,RS,Google
CLI07483,18,3599.95,RJ,Instagram
CLI07484,46,8983.46,RJ,Orgânico
CLI07485,25,3290.8,PE,TikTok
CLI07486,21,3466.97,BA,Instagram
CLI07487,52,7831.05,RJ,Orgânico
CLI07488,20,3535.91,MG,TikTok
CLI07489,62,15917.62,SP,Instagram
CLI07490,57,13676.17,RJ,Google
CLI07491,24,3430.38,RJ,Orgânico
CLI07492,44,6988.88,BA,Google
CLI07493,18,2324.26,MG,TikTok
CLI07494,44,7293.23,BA,TikTok
CLI07495,33,3668.16,SC,Google
CLI07496,55,6898.59,PE,TikTok
CLI07497,24,3364.12,MG,Instagram
CLI07498,61,4053.93,RJ,Google
CLI07499,40,6351.99,SP,Google
CLI07500,58,1809.62,MG,Orgânico
CLI07501,28,9771.34,BA,Instagram
CLI07502,59,3974.88,RJ,Google
CLI07503,50,11307.88,RS,Google
CLI07504,67,7126.92,BA,Orgânico
CLI07505,53,3794.05,SP,Google
CLI07506,54,1691.89,MG,Orgânico
CLI07507,58,5064.09,PR,Google
CLI07508,34,4816.71,SP,TikTok
CLI07509,52,9264.54,RS,Google
CLI07510,65,6504.69,RJ,Google
CLI07511,22,4068.38,SP,TikTok
CLI07512,65,4592.77,SP,Google
CLI07513,49,781.18,RJ,Orgânico
CLI07514,20,2872.54,PR,TikTok
CLI07515,69,11870.29,SP,Orgânico
CLI07516,64,11898.0,RJ,Google
CLI07517,52,4100.57,BA,TikTok
CLI07518,69,6365.92,SP,Google
CLI07519,31,8558.35,PE,Instagram
CLI07520,65,6118.68,SC,Google
CLI07521,48,8316.15,PR,Google
CLI07522,48,5850.68,RS,Orgânico
CLI07523,34,9024.91,SC,TikTok
CLI07524,41,4453.45,SP,Google
CLI07525,69,10867.18,PR,Orgânico
CLI07526,40,4594.45,PE,TikTok
CLI07527,35,7893.87,BA,Google
CLI07528,67,9561.26,PE,Google
CLI07529,31,6963.48,RJ,Instagram
CLI07530,67,10454.2,SC,Orgânico
CLI07531,32,5809.92,PR,TikTok
CLI07532,32,4106.43,BA,TikTok
CLI07533,23,4209.65,BA,Google
CLI07534,44,3073.21,PR,Orgânico
CLI07535,32,6824.51,BA,Google
CLI07536,67,8804.1,SP,Google
CLI07537,53,5053.12,RS,Orgânico
CLI07538,25,8776.18,BA,Instagram
CLI07539,32,5725.22,PE,Google
CLI07540,20,1767.39,PE,Instagram
CLI07541,64,5336.32,SC,Google
CLI07542,30,5869.65,RS,Google
CLI07543,58,6076.3,PE,Orgânico
CLI07544,51,10363.41,RJ,Orgânico
CLI07545,41,3390.71,MG,Google
CLI07546,57,16807.9,SP,Google
CLI07547,49,6664.66,BA,Orgânico
CLI07548,49,7089.72,RS,Google
CLI07549,47,7535.67,PR,Orgânico
CLI07550,69,7667.04,PE,Orgânico
CLI07551,66,11081.24,SC,Orgânico
CLI07552,30,2908.09,MG,TikTok
CLI07553,18,2378.51,RS,Google
CLI07554,51,9746.83,PE,TikTok
CLI07555,32,6844.49,PR,Orgânico
CLI07556,61,5776.26,SC,Google
CLI07557,31,9520.09,SC,Instagram
CLI07558,46,8085.56,MG,Google
CLI07559,51,8027.18,PR,Orgânico
CLI07560,35,7573.91,MG,TikTok
CLI07561,24,2496.64,RJ,Instagram
CLI07562,46,6083.14,BA,Orgânico
CLI07563,48,12085.13,SP,Orgânico
CLI07564,42,4991.3,BA,Orgânico
CLI07565,55,7475.69,SP,Google
CLI07566,31,6341.15,PE,TikTok
CLI07567,25,5062.96,RJ,Google
CLI07568,44,4412.59,PR,Orgânico
CLI07569,19,2843.53,MG,Instagram
CLI07570,34,8864.02,PE,Instagram
CLI07571,54,5606.9,SP,Instagram
CLI07572,31,3343.85,PE,TikTok
CLI07573,42,2976.51,RJ,Google
CLI07574,47,10458.01,SC,Google
CLI07575,46,7312.54,RS,Orgânico
CLI07576,37,6869.16,BA,Google
CLI07577,38,4457.25,RS,Google
CLI07578,39,6641.97,SP,Google
CLI07579,52,7133.41,SP,Instagram
CLI07580,54,9319.33,RJ,Orgânico
CLI07581,33,6917.17,PE,Instagram
CLI07582,67,9824.84,MG,Orgânico
CLI07583,66,1907.61,SP,Google
CLI07584,60,9499.58,MG,Orgânico
CLI07585,34,5174.41,PE,TikTok
CLI07586,33,5404.25,RS,Instagram
CLI07587,19,4220.97,RJ,TikTok
CLI07588,21,3614.01,SC,Instagram
CLI07589,38,1105.01,SP,Google
CLI07590,56,6939.84,BA,Orgânico
CLI07591,51,14512.81,PE,Google
CLI07592,47,8206.03,RS,Orgânico
CLI07593,23,3280.87,MG,Instagram
CLI07594,34,4457.93,MG,Instagram
CLI07595,56,6166.68,BA,Instagram
CLI07596,42,2775.26,PE,Google
CLI07597,22,3427.18,RS,TikTok
CLI07598,22,1577.44,RS,TikTok
CLI07599,37,8241.64,PR,Orgânico
CLI07600,33,7368.54,PE,Google
CLI07601,68,7098.79,BA,Orgânico
CLI07602,58,3812.3,MG,Google
CLI07603,54,9257.65,BA,Google
CLI07604,57,4477.33,PE,Google
CLI07605,26,1954.25,RS,Instagram
CLI07606,22,4082.76,RS,TikTok
CLI07607,59,5750.97,RS,Orgânico
CLI07608,19,3748.92,MG,TikTok
CLI07609,26,6028.07,RJ,Instagram
CLI07610,60,3586.27,MG,Orgânico
CLI07611,53,12635.86,PR,Google
CLI07612,39,7152.89,SC,Orgânico
CLI07613,39,1310.17,PR,Orgânico
CLI07614,39,5027.22,BA,Google
CLI07615,51,9167.55,RS,Instagram
CLI07616,46,9115.59,SC,Orgânico
CLI07617,55,5089.44,SP,Orgânico
CLI07618,63,13074.05,SC,Google
CLI07619,50,10868.75,PE,Google
CLI07620,35,8155.75,SC,TikTok
CLI07621,24,2393.23,BA,Instagram
CLI07622,18,2216.47,BA,Instagram
CLI07623,50,9972.37,PE,Google
CLI07624,18,3936.15,RS,Instagram
CLI07625,41,5367.45,RS,Instagram
CLI07626,21,2645.43,PR,Instagram
CLI07627,21,1779.51,RJ,Instagram
CLI07628,35,8112.33,RJ,Instagram
CLI07629,44,5846.15,SC,Orgânico
CLI07630,60,11349.08,PR,Google
CLI07631,49,9044.05,PE,Google
CLI07632,50,9373.5,RJ,Google
CLI07633,45,8503.88,RJ,Instagram
CLI07634,59,10048.08,PE,Orgânico
CLI07635,58,9401.26,BA,Google
CLI07636,53,145.29,PR,Google
CLI07637,23,3710.76,SC,Orgânico
CLI07638,33,8345.21,RS,TikTok
CLI07639,51,6913.06,SP,Google
CLI07640,40,6549.8,PR,Orgânico
CLI07641,67,8727.42,RS,Orgânico
CLI07642,59,8979.98,PR,Orgânico
CLI07643,41,5406.23,PR,Instagram
CLI07644,66,8560.1,SC,Orgânico
CLI07645,30,6948.78,SC,TikTok
CLI07646,35,4987.61,BA,TikTok
CLI07647,30,7605.25,RS,Instagram
CLI07648,66,9001.74,PR,TikTok
CLI07649,54,5528.63,RJ,Instagram
CLI07650,60,6495.82,SP,Google
CLI07651,56,7591.87,RS,Google
CLI07652,59,11533.15,MG,Instagram
CLI07653,34,5021.34,PR,Orgânico
CLI07654,32,10266.53,PR,TikTok
CLI07655,35,3262.66,PE,TikTok
CLI07656,40,8050.99,SC,Orgânico
CLI07657,68,11306.25,PE,Orgânico
CLI07658,47,12346.58,SC,Google
CLI07659,51,8099.38,MG,Orgânico
CLI07660,21,2420.37,PE,TikTok
CLI07661,20,2741.05,RS,Instagram
CLI07662,24,2786.76,SC,Instagram
CLI07663,35,6446.06,SC,Instagram
CLI07664,59,8555.38,RS,Orgânico
CLI07665,24,2816.97,RJ,Instagram
CLI07666,57,12278.4,BA,Orgânico
CLI07667,23,2746.96,SP,Instagram
CLI07668,39,6789.94,BA,Orgânico
CLI07669,18,3406.47,RJ,Orgânico
CLI07670,21,1727.32,PR,Google
CLI07671,63,8076.18,RJ,Orgânico
CLI07672,66,8179.11,RS,Google
CLI07673,69,3346.35,MG,Orgânico
CLI07674,67,5856.41,BA,Orgânico
CLI07675,60,10255.58,RJ,Orgânico
CLI07676,46,4696.8,BA,Orgânico
CLI07677,38,7056.58,SC,Google
CLI07678,43,5404.71,MG,Orgânico
CLI07679,31,5843.02,MG,Instagram
CLI07680,26,5902.25,PE,Instagram
CLI07681,64,9883.18,PR,Google
CLI07682,29,5408.06,PR,TikTok
CLI07683,59,3597.04,SC,Orgânico
CLI07684,68,5379.39,BA,Orgânico
CLI07685,68,10189.76,BA,Orgânico
CLI07686,23,2720.02,PE,Orgânico
CLI07687,37,5345.26,SP,Orgânico
CLI07688,41,8626.34,BA,Orgânico
CLI07689,44,8809.58,MG,Orgânico
CLI07690,55,4558.99,BA,Google
CLI07691,25,5603.95,BA,TikTok
CLI07692,18,1672.98,SC,TikTok
CLI07693,66,2753.19,PR,Orgânico
CLI07694,66,6465.07,PR,Orgânico
CLI07695,41,4296.39,SP,Orgânico
CLI07696,64,2507.68,MG,Orgânico
CLI07697,24,2002.89,MG,Instagram
CLI07698,36,5785.12,SC,Google
CLI07699,39,4686.25,SP,Orgânico
CLI07700,52,6775.2,RJ,Google
CLI07701,47,6315.68,SC,Orgânico
CLI07702,46,7805.59,MG,Orgânico
CLI07703,39,5200.89,SC,Google
CLI07704,28,8128.55,PE,Instagram
CLI07705,37,5071.06,BA,Orgânico
CLI07706,46,9372.05,SC,Instagram
CLI07707,68,8621.79,SC,Google
CLI07708,58,5991.49,SC,Google
CLI07709,59,8126.9,MG,Orgânico
CLI07710,51,5742.97,SP,Orgânico
CLI07711,18,2341.71,SP,Instagram
CLI07712,48,10417.4,PR,Orgânico
CLI07713,47,9340.88,RS,Orgânico
CLI07714,65,10311.14,PR,Google
CLI07715,35,7178.57,RJ,Instagram
CLI07716,34,4986.1,PE,TikTok
CLI07717,55,11003.85,SP,Google
CLI07718,31,4173.9,SC,TikTok
CLI07719,40,6751.56,BA,Instagram
CLI07720,42,6880.1,BA,Google
CLI07721,32,2078.31,PE,Instagram
CLI07722,63,9029.68,PE,Orgânico
CLI07723,39,6829.75,RS,Instagram
CLI07724,20,3292.14,BA,TikTok
CLI07725,36,6716.1,PR,Orgânico
CLI07726,61,10015.13,SC,Instagram
CLI07727,51,9069.09,PE,Orgânico
CLI07728,52,5673.07,RJ,TikTok
CLI07729,67,9092.93,BA,Orgânico
CLI07730,18,4335.05,BA,TikTok
CLI07731,69,17792.87,SP,Google
CLI07732,38,6038.99,MG,Google
CLI07733,46,9866.91,BA,Google
CLI07734,23,3391.19,RJ,Instagram
CLI07735,54,6143.82,MG,Orgânico
CLI07736,18,3448.61,PE,TikTok
CLI07737,68,7658.53,SP,Orgânico
CLI07738,18,3193.83,MG,Google
CLI07739,44,8947.76,PE,Orgânico
CLI07740,38,5995.81,SP,Google
CLI07741,33,3541.36,SC,Instagram
CLI07742,61,6869.02,RJ,Orgânico
CLI07743,57,9605.21,BA,TikTok
CLI07744,43,4662.31,SC,Google
CLI07745,33,5391.92,SP,Google
CLI07746,45,15978.32,SP,Google
CLI07747,18,3175.81,SC,Instagram
CLI07748,53,4218.3,RS,Google
CLI07749,27,6430.07,SC,Orgânico
CLI07750,60,7837.94,SC,Orgânico
CLI07751,34,6792.76,RJ,TikTok
CLI07752,40,5236.13,RJ,Orgânico
CLI07753,24,3019.16,RS,Instagram
CLI07754,61,10092.64,SP,Google
CLI07755,24,3828.73,PR,Instagram
CLI07756,61,10910.5,PE,Instagram
CLI07757,32,4326.09,SC,Instagram
CLI07758,51,11587.58,MG,Instagram
CLI07759,63,11268.86,MG,Google
CLI07760,62,7524.69,BA,Instagram
CLI07761,21,2811.3,RS,Instagram
CLI07762,31,3966.21,BA,Google
CLI07763,31,7801.83,MG,Instagram
CLI07764,33,4771.74,RS,Instagram
CLI07765,24,3957.99,PE,Instagram
CLI07766,49,6298.44,SC,Orgânico
CLI07767,36,4249.91,PR,Google
CLI07768,19,4108.46,RS,TikTok
CLI07769,27,8515.48,BA,Instagram
CLI07770,67,10553.33,BA,Google
CLI07771,34,5251.09,PR,Instagram
CLI07772,54,10809.65,RS,Google
CLI07773,29,3333.14,RS,TikTok
CLI07774,23,4291.83,PE,Google
CLI07775,39,7962.3,BA,Google
CLI07776,49,5834.57,RJ,Orgânico
CLI07777,58,16273.18,PR,Instagram
CLI07778,37,3329.71,MG,Google
CLI07779,18,2679.95,BA,Instagram
CLI07780,64,5908.3,MG,Orgânico
CLI07781,23,2278.15,SC,Instagram
CLI07782,36,6517.15,RJ,Google
CLI07783,35,3309.54,RS,Instagram
CLI07784,23,2491.76,BA,TikTok
CLI07785,62,7736.04,SP,Google
CLI07786,50,11137.93,RS,Instagram
CLI07787,40,7110.34,RJ,Orgânico
CLI07788,40,3520.66,SP,Orgânico
CLI07789,43,5924.3,RS,Google
CLI07790,30,2726.34,RJ,TikTok
CLI07791,24,2751.5,PR,Instagram
CLI07792,32,3864.25,RJ,TikTok
CLI07793,61,6631.05,SC,Orgânico
CLI07794,44,7288.51,SP,Instagram
CLI07795,43,6134.82,BA,Orgânico
CLI07796,50,10145.78,PE,Google
CLI07797,32,3971.16,BA,Instagram
CLI07798,53,4573.99,PR,Orgânico
CLI07799,62,7026.19,PR,Google
CLI07800,44,3550.05,BA,TikTok
CLI07801,22,3550.04,RJ,Instagram
CLI07802,19,1738.22,PR,Google
CLI07803,50,8459.25,BA,Google
CLI07804,33,5352.99,MG,Instagram
CLI07805,40,7389.83,BA,Google
CLI07806,55,8324.21,MG,Google
CLI07807,33,3332.07,MG,TikTok
CLI07808,31,7126.91,RJ,TikTok
CLI07809,46,8524.57,SP,Orgânico
CLI07810,43,6657.32,RJ,Orgânico
CLI07811,52,5934.45,SC,Google
CLI07812,32,6913.28,PE,TikTok
CLI07813,20,2453.3,PR,TikTok
CLI07814,40,10782.91,MG,Google
CLI07815,46,11032.25,RJ,Orgânico
CLI07816,51,10886.25,BA,Orgânico
CLI07817,50,9561.7,RJ,Orgânico
CLI07818,58,5002.56,PR,Orgânico
CLI07819,58,5115.75,RJ,Google
CLI07820,40,6339.51,MG,Instagram
CLI07821,24,2193.59,BA,TikTok
CLI07822,20,2384.67,PR,Instagram
CLI07823,49,7981.17,SP,Google
CLI07824,48,12225.93,PE,Google
CLI07825,35,3579.42,MG,Instagram
CLI07826,60,6947.82,PE,Google
CLI07827,24,5627.29,SC,TikTok
CLI07828,58,10417.15,BA,Google
CLI07829,18,2786.4,SC,Instagram
CLI07830,31,3978.37,RS,TikTok
CLI07831,69,6232.91,RS,Google
CLI07832,49,8229.15,PR,Orgânico
CLI07833,23,3127.51,MG,Google
CLI07834,56,10353.14,RS,Orgânico
CLI07835,27,7890.52,MG,Instagram
CLI07836,24,1842.09,MG,TikTok
CLI07837,43,4555.33,BA,Google
CLI07838,51,12044.17,SC,Orgânico
CLI07839,47,8497.46,PR,Google
CLI07840,53,4605.05,SC,Orgânico
CLI07841,38,7730.81,BA,Orgânico
CLI07842,34,3275.67,RS,TikTok
CLI07843,50,14609.74,RJ,Orgânico
CLI07844,27,2202.76,RS,Instagram
CLI07845,68,11326.11,PE,Google
CLI07846,64,3653.5,SP,Google
CLI07847,59,12188.08,SC,Google
CLI07848,68,10832.48,PR,Google
CLI07849,29,8801.96,SC,Instagram
CLI07850,33,3611.32,PE,Instagram
CLI07851,58,7702.86,PE,Orgânico
CLI07852,49,4486.62,RJ,Google
CLI07853,32,5621.11,PE,Instagram
CLI07854,44,5459.68,RJ,Instagram
CLI07855,45,5237.3,RJ,Google
CLI07856,34,8590.39,RJ,Google
CLI07857,63,7856.74,SP,Instagram
CLI07858,67,7329.23,PE,Google
CLI07859,19,1760.64,MG,Google
CLI07860,53,2682.8,RS,Instagram
CLI07861,67,8546.25,RJ,Google
CLI07862,24,2775.03,SP,Orgânico
CLI07863,30,4924.45,SC,Instagram
CLI07864,32,6046.86,RJ,TikTok
CLI07865,42,7746.85,BA,Google
CLI07866,40,3262.49,SC,Google
CLI07867,39,7010.71,SC,Instagram
CLI07868,43,5071.87,PR,Google
CLI07869,50,12364.87,SP,Orgânico
CLI07870,28,10003.15,SP,Instagram
CLI07871,27,5607.06,PE,TikTok
CLI07872,42,7509.39,RJ,Google
CLI07873,54,10961.21,PE,Google
CLI07874,65,10805.91,PE,Orgânico
CLI07875,60,7214.05,RJ,Google
CLI07876,55,9988.66,RJ,Google
CLI07877,58,12484.24,PE,Google
CLI07878,62,7850.38,BA,Google
CLI07879,41,8052.32,SP,Google
CLI07880,57,11690.22,SC,Orgânico
CLI07881,63,14136.32,SC,Orgânico
CLI07882,50,14345.01,RJ,Orgânico
CLI07883,34,2680.53,SC,Google
CLI07884,41,3487.43,RJ,Orgânico
CLI07885,54,4912.51,RS,Google
CLI07886,19,3152.17,MG,Instagram
CLI07887,49,4777.64,SC,Orgânico
CLI07888,41,3682.69,RS,TikTok
CLI07889,26,9019.99,SP,TikTok
CLI07890,21,3516.87,RS,TikTok
CLI07891,34,7170.34,PR,Orgânico
CLI07892,34,5725.55,RS,Orgânico
CLI07893,67,4739.01,RS,Orgânico
CLI07894,65,5117.2,RS,Google
CLI07895,47,4283.23,PE,Google
CLI07896,57,6016.15,BA,Google
CLI07897,28,7392.08,SP,Google
CLI07898,38,9089.59,PE,Orgânico
CLI07899,38,9895.78,SP,Orgânico
CLI07900,35,6139.72,PR,Instagram
CLI07901,46,8696.2,RJ,Google
CLI07902,41,659.66,PE,Google
CLI07903,27,9104.57,SC,Instagram
CLI07904,62,6510.23,SP,Google
CLI07905,34,5517.81,SC,Instagram
CLI07906,35,6882.21,BA,Orgânico
CLI07907,59,9346.17,PR,Orgânico
CLI07908,65,6489.95,RS,Orgânico
CLI07909,37,9175.39,PR,Google
CLI07910,54,13692.06,BA,Google
CLI07911,62,6847.67,SC,TikTok
CLI07912,35,9626.93,SC,TikTok
CLI07913,34,7053.53,BA,Google
CLI07914,26,9844.48,PR,Instagram
CLI07915,31,7727.26,RJ,Instagram
CLI07916,66,9282.93,SC,Google
CLI07917,46,5006.41,BA,Orgânico
CLI07918,48,9323.97,MG,Orgânico
CLI07919,21,4275.81,RS,TikTok
CLI07920,35,5848.57,BA,TikTok
CLI07921,37,2764.67,BA,TikTok
CLI07922,64,4314.54,MG,Orgânico
CLI07923,60,3441.74,SC,TikTok
CLI07924,61,14052.11,SP,Google
CLI07925,26,5648.81,PR,Instagram
CLI07926,30,9625.78,RJ,Instagram
CLI07927,32,5207.53,MG,Instagram
CLI07928,44,5817.16,MG,Orgânico
CLI07929,32,7981.61,SP,Instagram
CLI07930,45,10020.63,SC,Orgânico
CLI07931,54,4115.59,SP,Orgânico
CLI07932,36,1492.49,RJ,Google
CLI07933,43,4127.0,SC,TikTok
CLI07934,69,4148.85,MG,Google
CLI07935,43,6317.13,MG,Orgânico
CLI07936,42,4779.08,BA,Google
CLI07937,43,10316.04,PR,Orgânico
CLI07938,43,3884.74,RJ,Orgânico
CLI07939,63,18807.25,BA,Orgânico
CLI07940,45,7476.55,BA,Orgânico
CLI07941,66,10215.34,MG,Google
CLI07942,35,7492.04,SP,TikTok
CLI07943,49,7412.0,MG,TikTok
CLI07944,20,3385.29,SP,Instagram
CLI07945,19,3130.6,SP,TikTok
CLI07946,50,5343.6,RS,Orgânico
CLI07947,59,8815.58,RS,Orgânico
CLI07948,36,9433.08,BA,Google
CLI07949,34,653.99,RS,Instagram
CLI07950,61,6647.11,SC,Google
CLI07951,50,9728.7,SC,Google
CLI07952,29,6143.56,BA,Instagram
CLI07953,66,7259.11,MG,Orgânico
CLI07954,20,2136.42,MG,Google
CLI07955,60,8741.68,SP,Orgânico
CLI07956,66,4851.32,SC,Google
CLI07957,43,11322.64,BA,Google
CLI07958,52,9311.06,MG,Orgânico
CLI07959,25,2358.25,SC,Instagram
CLI07960,69,5733.86,RJ,Orgânico
CLI07961,53,6324.41,SP,Instagram
CLI07962,24,2854.51,RS,TikTok
CLI07963,63,6063.44,BA,Orgânico
CLI07964,63,9215.01,SC,Google
CLI07965,53,9783.47,MG,Orgânico
CLI07966,33,6230.87,BA,Instagram
CLI07967,41,5338.89,BA,Google
CLI07968,18,2103.93,PE,TikTok
CLI07969,66,10008.41,PE,Orgânico
CLI07970,42,8096.17,SP,Orgânico
CLI07971,27,7021.19,PR,Instagram
CLI07972,33,6491.64,SP,TikTok
CLI07973,33,7588.85,RJ,Google
CLI07974,25,2074.02,SP,TikTok
CLI07975,46,9445.89,PE,Orgânico
CLI07976,56,6710.32,PE,Google
CLI07977,45,6441.4,RS,Orgânico
CLI07978,23,1879.95,RS,Google
CLI07979,33,6863.71,SC,Google
CLI07980,37,4850.79,SC,Orgânico
CLI07981,33,8259.05,MG,Instagram
CLI07982,24,1836.35,MG,TikTok
CLI07983,58,3048.27,SP,Google
CLI07984,31,4604.97,RS,Instagram
CLI07985,60,6885.38,SP,Google
CLI07986,43,6413.32,BA,Orgânico
CLI07987,43,4489.03,RS,Google
CLI07988,31,5886.68,BA,Google
CLI07989,24,3157.9,SP,Orgânico
CLI07990,50,8145.36,SC,Instagram
CLI07991,43,6974.02,PE,Google
CLI07992,62,11962.42,SC,Google
CLI07993,37,8051.64,PR,Orgânico
CLI07994,20,1945.76,PE,Instagram
CLI07995,69,7253.63,PR,Orgânico
CLI07996,21,3654.03,PR,Instagram
CLI07997,43,3883.88,MG,Google
CLI07998,28,4912.12,SC,Instagram
CLI07999,19,3245.43,SP,TikTok
CLI08000,31,6563.39,SP,Google
CLI08001,61,2162.56,PR,Orgânico
CLI08002,47,6502.69,MG,Orgânico
CLI08003,66,13526.37,MG,TikTok
CLI08004,29,5851.89,PR,TikTok
CLI08005,43,5815.65,PE,Google
CLI08006,61,6097.87,SP,TikTok
CLI08007,50,6626.28,MG,Google
CLI08008,30,7002.67,RS,Instagram
CLI08009,31,8109.8,RS,Instagram
CLI08010,41,10889.96,RJ,Instagram
CLI08011,51,4212.45,RS,Orgânico
CLI08012,61,11470.56,PR,Orgânico
CLI08013,43,4457.54,SP,Google
CLI08014,38,8251.45,RJ,Orgânico
CLI08015,45,12210.86,SC,Orgânico
CLI08016,65,6595.1,SP,Orgânico
CLI08017,53,6999.59,BA,Orgânico
CLI08018,57,8808.92,RJ,Google
CLI08019,19,2478.44,SC,TikTok
CLI08020,59,7888.58,MG,Google
CLI08021,26,4234.46,PE,Orgânico
CLI08022,40,2244.55,SP,Orgânico
CLI08023,32,4250.07,SP,Instagram
CLI08024,30,7375.53,MG,TikTok
CLI08025,40,10222.12,SP,Google
CLI08026,34,5141.07,PE,Google
CLI08027,65,10959.41,PR,Instagram
CLI08028,19,3033.81,BA,TikTok
CLI08029,37,3213.94,RJ,Google
CLI08030,37,6428.07,SC,TikTok
CLI08031,63,9300.71,SC,Orgânico
CLI08032,20,5274.07,RJ,Instagram
CLI08033,29,7288.9,PR,TikTok
CLI08034,57,4346.62,SP,Google
CLI08035,19,3077.93,MG,Orgânico
CLI08036,53,10235.75,MG,Orgânico
CLI08037,31,5654.15,BA,Instagram
CLI08038,33,5537.36,SP,TikTok
CLI08039,36,3648.04,RS,TikTok
CLI08040,51,12359.35,SC,Orgânico
CLI08041,61,5291.47,RJ,Instagram
CLI08042,63,2561.64,RJ,Google
CLI08043,23,3355.89,SC,Orgânico
CLI08044,30,4261.74,PE,Instagram
CLI08045,53,10012.81,RJ,Google
CLI08046,39,6741.23,SC,Instagram
CLI08047,35,4921.54,PE,TikTok
CLI08048,29,7012.56,PR,Instagram
CLI08049,69,9549.33,SP,Google
CLI08050,47,9397.36,SC,Google
CLI08051,68,12716.38,PR,Google
CLI08052,57,6879.63,SC,Orgânico
CLI08053,24,3906.95,PR,Orgânico
CLI08054,49,11590.0,PR,Orgânico
CLI08055,65,8585.59,PR,TikTok
CLI08056,36,5445.1,BA,Google
CLI08057,23,1385.41,SP,TikTok
CLI08058,37,1072.63,BA,Orgânico
CLI08059,44,7061.27,SC,Orgânico
CLI08060,60,11529.65,RS,Google
CLI08061,54,9656.41,BA,Orgânico
CLI08062,65,6033.25,SC,TikTok
CLI08063,24,2051.32,SC,Google
CLI08064,22,3665.67,PR,Orgânico
CLI08065,28,5736.57,RJ,Orgânico
CLI08066,32,5998.35,RJ,Instagram
CLI08067,20,4586.7,SC,TikTok
CLI08068,22,3185.22,RJ,TikTok
CLI08069,40,5708.61,RS,Google
CLI08070,54,9069.7,BA,Google
CLI08071,26,7479.44,RJ,TikTok
CLI08072,32,1640.44,RJ,Instagram
CLI08073,20,3819.91,PR,Instagram
CLI08074,46,8936.9,PE,Instagram
CLI08075,23,2504.81,BA,Orgânico
CLI08076,34,4564.16,SC,Google
CLI08077,43,5167.69,PE,Orgânico
CLI08078,38,1980.14,BA,Instagram
CLI08079,25,7430.96,RS,TikTok
CLI08080,38,5754.23,BA,Google
CLI08081,28,5455.35,PE,TikTok
CLI08082,55,2961.55,RS,Orgânico
CLI08083,25,6028.16,BA,Google
CLI08084,59,11345.5,PE,Google
CLI08085,41,5895.87,BA,Instagram
CLI08086,52,3555.02,SC,Orgânico
CLI08087,31,7151.03,RS,Orgânico
CLI08088,31,6997.14,MG,TikTok
CLI08089,27,6411.05,MG,Instagram
CLI08090,29,8150.48,RJ,TikTok
CLI08091,55,9553.05,PE,Google
CLI08092,61,11533.12,BA,Orgânico
CLI08093,63,13270.56,PE,Orgânico
CLI08094,51,9952.81,SC,Instagram
CLI08095,58,10800.7,RJ,Orgânico
CLI08096,27,5738.43,PE,Instagram
CLI08097,34,8477.71,PE,Instagram
CLI08098,34,3004.74,PR,Instagram
CLI08099,20,1974.87,SC,Instagram
CLI08100,48,10044.98,RS,Orgânico
CLI08101,68,9743.2,PR,Google
CLI08102,18,3632.49,PR,TikTok
CLI08103,29,6753.63,SC,TikTok
CLI08104,56,5761.3,RJ,Orgânico
CLI08105,21,2337.36,MG,Orgânico
CLI08106,59,10690.39,RJ,Orgânico
CLI08107,30,4219.61,MG,Instagram
CLI08108,51,991.22,SP,TikTok
CLI08109,59,10682.75,MG,Google
CLI08110,38,7878.02,SC,Google
CLI08111,39,5026.46,MG,Google
CLI08112,21,1156.11,SP,Instagram
CLI08113,35,9163.51,RS,TikTok
CLI08114,22,2564.57,RS,TikTok
CLI08115,36,6711.34,MG,Orgânico
CLI08116,19,2578.11,RJ,TikTok
CLI08117,29,5809.7,MG,TikTok
CLI08118,34,8476.57,SC,Instagram
CLI08119,27,10397.67,PE,TikTok
CLI08120,51,10109.6,SC,Orgânico
CLI08121,23,1711.2,PR,Instagram
CLI08122,25,7953.97,RJ,TikTok
CLI08123,68,6069.53,RJ,Google
CLI08124,28,962.34,MG,Instagram
CLI08125,29,5994.53,MG,TikTok
CLI08126,26,5210.8,PE,TikTok
CLI08127,19,3519.67,SC,TikTok
CLI08128,25,5612.68,PE,Instagram
CLI08129,28,5829.65,PR,TikTok
CLI08130,53,12787.8,SP,Google
CLI08131,27,7469.06,MG,Instagram
CLI08132,38,9310.08,RJ,Google
CLI08133,37,4304.66,RS,Orgânico
CLI08134,65,7459.62,MG,Instagram
CLI08135,25,6040.01,PE,Instagram
CLI08136,53,1798.2,BA,Google
CLI08137,46,12140.96,PR,Orgânico
CLI08138,59,13573.18,RJ,Orgânico
CLI08139,29,4924.09,PE,TikTok
CLI08140,31,1704.59,RS,TikTok
CLI08141,65,10292.5,RS,Google
CLI08142,67,12938.0,PR,Orgânico
CLI08143,38,5073.13,RJ,Google
CLI08144,39,3355.46,MG,Instagram
CLI08145,38,3539.05,PR,Orgânico
CLI08146,61,13386.71,SC,Orgânico
CLI08147,67,8088.4,RJ,TikTok
CLI08148,47,3641.9,PR,Orgânico
CLI08149,56,10485.96,PR,Google
CLI08150,37,5304.82,PE,Google
CLI08151,41,4077.11,SP,Google
CLI08152,40,6764.01,SP,Google
CLI08153,24,4655.96,RS,Orgânico
CLI08154,26,9439.97,MG,TikTok
CLI08155,18,4490.21,SC,TikTok
CLI08156,43,5671.66,SC,Orgânico
CLI08157,55,3023.61,PR,Orgânico
CLI08158,55,10723.29,PR,Orgânico
CLI08159,61,7380.25,BA,TikTok
CLI08160,39,6767.13,RS,Orgânico
CLI08161,61,9542.95,PR,Google
CLI08162,27,3926.97,RJ,Orgânico
CLI08163,23,1927.1,MG,TikTok
CLI08164,34,7235.37,MG,Instagram
CLI08165,68,11695.29,SP,TikTok
CLI08166,67,6884.98,RS,Google
CLI08167,55,9709.82,PR,Orgânico
CLI08168,41,3880.82,PR,Google
CLI08169,68,4514.72,RJ,Orgânico
CLI08170,27,3752.23,PR,Google
CLI08171,25,7095.41,PE,Instagram
CLI08172,38,5838.77,PR,Orgânico
CLI08173,23,2281.65,PE,Instagram
CLI08174,38,5794.34,MG,Instagram
CLI08175,56,11181.8,BA,Instagram
CLI08176,41,3615.49,PR,Orgânico
CLI08177,50,10277.91,RS,Orgânico
CLI08178,35,4496.51,PE,TikTok
CLI08179,45,8178.04,RJ,Google
CLI08180,69,12706.51,RJ,Instagram
CLI08181,49,11843.5,SC,Orgânico
CLI08182,29,3889.72,SC,Instagram
CLI08183,65,5658.44,SP,Orgânico
CLI08184,59,5389.36,RJ,Google
CLI08185,44,6424.72,RS,Google
CLI08186,27,5434.78,RJ,Instagram
CLI08187,63,7573.13,RS,Orgânico
CLI08188,69,6830.95,RS,Google
CLI08189,59,11802.19,MG,Google
CLI08190,49,7727.8,PE,Google
CLI08191,59,4354.37,SC,Google
CLI08192,43,6507.45,RS,Orgânico
CLI08193,42,1082.52,BA,Google
CLI08194,28,6827.72,SP,Instagram
CLI08195,40,3181.29,PE,Google
CLI08196,51,7055.38,MG,Google
CLI08197,69,15214.41,RS,Google
CLI08198,57,6547.16,BA,Google
CLI08199,40,7156.56,BA,Orgânico
CLI08200,46,13627.73,PE,Google
CLI08201,48,5145.56,MG,Orgânico
CLI08202,24,2401.77,SC,Orgânico
CLI08203,57,6546.9,MG,Orgânico
CLI08204,50,3446.31,SC,Google
CLI08205,38,7519.71,RJ,Orgânico
CLI08206,19,2619.74,RJ,TikTok
CLI08207,35,7435.06,SC,Instagram
CLI08208,64,6666.7,RS,Orgânico
CLI08209,50,10786.49,PE,Google
CLI08210,54,8338.68,PE,Google
CLI08211,51,5625.0,PR,Orgânico
CLI08212,37,5929.94,PR,Orgânico
CLI08213,52,10437.78,SP,Orgânico
CLI08214,68,7928.71,PR,Orgânico
CLI08215,67,7295.72,SP,Google
CLI08216,35,5534.45,BA,Instagram
CLI08217,63,7462.44,SC,Orgânico
CLI08218,41,5046.18,RS,Google
CLI08219,25,7677.74,PE,Instagram
CLI08220,47,5657.26,SC,Google
CLI08221,61,5288.61,SC,Google
CLI08222,27,9100.16,SP,TikTok
CLI08223,40,4173.88,MG,Instagram
CLI08224,69,4023.09,SP,Google
CLI08225,66,8290.27,PE,Google
CLI08226,28,3625.56,RS,Instagram
CLI08227,19,2562.53,BA,Instagram
CLI08228,43,8205.05,RS,Orgânico
CLI08229,53,9702.46,BA,Orgânico
CLI08230,50,4731.74,MG,Google
CLI08231,64,7052.06,PE,Orgânico
CLI08232,30,4778.32,RJ,Instagram
CLI08233,57,13385.55,RJ,Google
CLI08234,42,5698.82,MG,Google
CLI08235,21,4395.6,PE,TikTok
CLI08236,59,6495.81,PE,Google
CLI08237,36,4136.47,BA,Google
CLI08238,35,6564.44,RS,TikTok
CLI08239,54,4530.69,BA,Orgânico
CLI08240,47,10731.28,MG,Google
CLI08241,36,5762.24,BA,Orgânico
CLI08242,40,1480.89,PR,Google
CLI08243,33,7537.98,MG,TikTok
CLI08244,18,1023.47,MG,TikTok
CLI08245,29,7339.18,SC,Instagram
CLI08246,41,3414.38,PE,Orgânico
CLI08247,51,9057.32,PE,Orgânico
CLI08248,25,7038.26,SP,Orgânico
CLI08249,35,10396.28,MG,TikTok
CLI08250,65,9895.67,PE,Orgânico
CLI08251,22,3350.36,SC,Google
CLI08252,43,7907.39,MG,Instagram
CLI08253,47,10570.96,PE,Orgânico
CLI08254,30,6139.81,PR,Instagram
CLI08255,36,7115.73,MG,Instagram
CLI08256,46,9394.6,MG,Google
CLI08257,20,3487.93,SC,TikTok
CLI08258,43,5180.61,MG,Instagram
CLI08259,57,10561.24,SC,Instagram
CLI08260,29,7454.23,BA,TikTok
CLI08261,19,2908.9,PE,TikTok
CLI08262,28,8525.25,SP,Google
CLI08263,61,11858.96,SC,Google
CLI08264,45,5219.78,RS,Google
CLI08265,35,6111.51,PE,Instagram
CLI08266,30,8069.65,BA,TikTok
CLI08267,54,5603.15,SP,Google
CLI08268,39,8755.15,RS,Google
CLI08269,29,2974.74,MG,TikTok
CLI08270,19,3201.77,PE,Google
CLI08271,54,8853.45,SP,TikTok
CLI08272,24,4045.24,RJ,TikTok
CLI08273,43,5017.97,RS,Google
CLI08274,43,3674.37,RJ,Google
CLI08275,41,6890.42,SC,Google
CLI08276,29,7322.36,PR,TikTok
CLI08277,33,7335.07,MG,TikTok
CLI08278,40,5457.32,BA,Orgânico
CLI08279,57,4820.52,RS,Orgânico
CLI08280,26,4699.53,BA,TikTok
CLI08281,49,6060.52,PE,Google
CLI08282,32,8288.41,RJ,Google
CLI08283,54,7941.49,PE,Orgânico
CLI08284,30,7588.23,PR,TikTok
CLI08285,22,3519.68,SC,Instagram
CLI08286,28,3511.28,SP,TikTok
CLI08287,27,7266.6,MG,Google
CLI08288,69,2421.37,RS,Orgânico
CLI08289,30,8526.73,SP,TikTok
CLI08290,58,7529.0,MG,Orgânico
CLI08291,63,5868.58,RJ,Google
CLI08292,67,8187.66,PE,Orgânico
CLI08293,32,5822.0,PR,TikTok
CLI08294,59,11335.66,SC,Orgânico
CLI08295,24,2839.8,PE,Orgânico
CLI08296,57,6917.42,MG,Google
CLI08297,45,10883.08,RJ,Instagram
CLI08298,49,12788.12,RS,Instagram
CLI08299,52,5548.21,SC,Orgânico
CLI08300,32,6243.18,MG,Instagram
CLI08301,65,3949.71,BA,Google
CLI08302,53,11444.85,RJ,Google
CLI08303,38,7312.09,SC,Google
CLI08304,23,4952.74,SP,TikTok
CLI08305,18,2329.1,PE,TikTok
CLI08306,21,3943.54,BA,Instagram
CLI08307,28,5463.54,PR,TikTok
CLI08308,61,3388.85,PR,Orgânico
CLI08309,43,8486.21,RS,Google
CLI08310,54,9530.46,BA,Google
CLI08311,40,7492.35,BA,Orgânico
CLI08312,46,9822.73,RS,Google
CLI08313,38,4446.58,SP,Google
CLI08314,65,9440.57,PE,Orgânico
CLI08315,62,5029.39,PE,Orgânico
CLI08316,62,9222.96,PR,Google
CLI08317,66,11393.9,PR,Orgânico
CLI08318,44,4157.95,MG,Google
CLI08319,56,12405.6,RJ,Google
CLI08320,57,7550.04,SP,TikTok
CLI08321,30,6776.36,RS,Instagram
CLI08322,40,823.28,RJ,Instagram
CLI08323,33,6033.84,PE,TikTok
CLI08324,47,6791.15,PE,TikTok
CLI08325,21,5477.27,PR,Google
CLI08326,57,7148.0,RJ,Orgânico
CLI08327,33,5281.44,SC,TikTok
CLI08328,48,3559.01,SP,Google
CLI08329,59,4563.16,SP,Google
CLI08330,42,5589.14,BA,Orgânico
CLI08331,61,1978.26,BA,Orgânico
CLI08332,29,9333.18,PE,Instagram
CLI08333,43,7730.75,SP,Google
CLI08334,54,8480.37,MG,Orgânico
CLI08335,65,12674.3,RJ,Google
CLI08336,50,7606.45,RJ,Orgânico
CLI08337,45,9876.16,PE,Orgânico
CLI08338,26,2883.54,RS,TikTok
CLI08339,29,8123.59,MG,Instagram
CLI08340,22,4148.87,SP,TikTok
CLI08341,69,10103.18,MG,Google
CLI08342,45,5805.19,MG,Orgânico
CLI08343,52,4603.93,PR,Orgânico
CLI08344,22,5743.13,SP,Instagram
CLI08345,51,8578.35,RS,Google
CLI08346,63,2527.53,SC,Google
CLI08347,51,7968.54,RS,Instagram
CLI08348,30,1882.64,PR,TikTok
CLI08349,56,9880.53,SP,Orgânico
CLI08350,59,2588.95,BA,Google
CLI08351,62,13775.23,SP,Google
CLI08352,65,6985.4,PE,Google
CLI08353,31,9708.86,SP,Instagram
CLI08354,28,2934.0,RJ,TikTok
CLI08355,59,9668.81,SP,Google
CLI08356,55,10671.41,SP,Orgânico
CLI08357,21,3564.41,PE,TikTok
CLI08358,50,3683.93,SC,Orgânico
CLI08359,24,1615.82,SP,Instagram
CLI08360,58,8859.16,MG,Orgânico
CLI08361,25,4581.93,SP,TikTok
CLI08362,54,11352.43,SP,Orgânico
CLI08363,68,8504.28,PE,Google
CLI08364,27,5756.14,RS,Instagram
CLI08365,60,13737.05,SP,Orgânico
CLI08366,32,5369.68,BA,Instagram
CLI08367,55,10766.11,PE,Google
CLI08368,32,3985.94,RJ,TikTok
CLI08369,22,2575.93,PR,TikTok
CLI08370,46,9383.7,RJ,Instagram
CLI08371,36,8684.07,SC,Google
CLI08372,68,11783.32,RS,Instagram
CLI08373,27,7007.34,RS,TikTok
CLI08374,29,7516.16,SC,Orgânico
CLI08375,21,4484.09,MG,Instagram
CLI08376,48,7110.45,MG,Orgânico
CLI08377,35,4445.98,SC,Instagram
CLI08378,33,4619.85,PR,Google
CLI08379,57,8731.63,PE,Google
CLI08380,53,10878.53,RS,Google
CLI08381,42,6926.63,PE,Orgânico
CLI08382,40,6732.47,PR,Google
CLI08383,29,3358.41,SC,Instagram
CLI08384,51,9150.07,SP,Instagram
CLI08385,53,14739.01,RJ,Google
CLI08386,54,8963.73,PE,Orgânico
CLI08387,20,2844.33,RJ,Orgânico
CLI08388,26,7559.29,SP,Instagram
CLI08389,35,5287.58,PR,TikTok
CLI08390,60,9753.95,RJ,Instagram
CLI08391,52,12118.64,RJ,Google
CLI08392,51,9158.28,MG,Google
CLI08393,58,11976.24,BA,Orgânico
CLI08394,31,6121.1,PE,Instagram
CLI08395,21,2752.6,PR,TikTok
CLI08396,46,11620.21,SC,Google
CLI08397,58,10765.4,SC,Orgânico
CLI08398,62,10367.56,SP,Orgânico
CLI08399,67,14904.55,BA,Google
CLI08400,32,5516.08,RJ,TikTok
CLI08401,45,5452.05,SC,Google
CLI08402,59,8737.7,BA,Google
CLI08403,33,9058.66,SP,Instagram
CLI08404,29,6905.88,BA,Instagram
CLI08405,69,11754.31,MG,Instagram
CLI08406,22,3205.38,PR,TikTok
CLI08407,51,5720.02,RJ,Instagram
CLI08408,59,11305.02,BA,Google
CLI08409,18,4366.04,RJ,Orgânico
CLI08410,56,3223.6,SP,Orgânico
CLI08411,49,6809.13,PE,Google
CLI08412,43,7352.38,PE,Orgânico
CLI08413,34,5663.99,RJ,TikTok
CLI08414,65,7949.56,PR,Google
CLI08415,44,6082.99,PE,Google
CLI08416,41,6730.58,SC,Orgânico
CLI08417,52,14648.56,SP,Orgânico
CLI08418,63,8010.12,PR,Orgânico
CLI08419,59,6675.11,PE,Google
CLI08420,56,4716.56,RJ,Orgânico
CLI08421,43,8731.66,SC,Google
CLI08422,66,4689.2,PR,Orgânico
CLI08423,55,2610.66,PE,Orgânico
CLI08424,40,8158.56,SC,Instagram
CLI08425,39,5897.89,SC,Orgânico
CLI08426,21,1690.96,SP,TikTok
CLI08427,66,5482.13,BA,Instagram
CLI08428,26,2536.68,BA,TikTok
CLI08429,21,2529.33,RJ,Google
CLI08430,24,3726.38,MG,Orgânico
CLI08431,40,4145.71,MG,Orgânico
CLI08432,19,2113.46,MG,Instagram
CLI08433,66,10626.23,BA,Google
CLI08434,41,3072.63,PE,Google
CLI08435,57,11322.07,PE,Orgânico
CLI08436,48,4974.53,PR,Orgânico
CLI08437,64,6428.54,MG,Orgânico
CLI08438,48,8364.45,BA,Orgânico
CLI08439,64,19183.5,RS,Instagram
CLI08440,57,10317.2,RS,TikTok
CLI08441,65,8320.07,RJ,Orgânico
CLI08442,68,10019.82,BA,Orgânico
CLI08443,60,6190.66,PE,Google
CLI08444,51,8787.28,MG,Google
CLI08445,41,3149.87,BA,Google
CLI08446,66,7913.01,SC,Google
CLI08447,43,9928.0,BA,Google
CLI08448,33,8223.71,RS,TikTok
CLI08449,64,7041.27,SC,Orgânico
CLI08450,30,5259.57,SC,Instagram
CLI08451,32,6204.86,BA,Orgânico
CLI08452,44,7054.71,MG,Google
CLI08453,21,3802.65,RJ,TikTok
CLI08454,33,4507.73,RJ,TikTok
CLI08455,47,10860.35,MG,Google
CLI08456,61,12467.5,RJ,Google
CLI08457,47,3391.76,RS,Google
CLI08458,53,12740.55,MG,Instagram
CLI08459,20,1357.77,RJ,Instagram
CLI08460,39,5809.68,SP,Google
CLI08461,66,8775.68,SP,TikTok
CLI08462,39,5150.18,RJ,Orgânico
CLI08463,67,4502.77,SC,Orgânico
CLI08464,67,2562.93,PE,Google
CLI08465,66,5591.27,RS,Orgânico
CLI08466,29,4683.74,SP,Instagram
CLI08467,38,4763.09,PE,Google
CLI08468,21,2539.75,PE,Instagram
CLI08469,48,7703.49,RS,Orgânico
CLI08470,61,5752.76,BA,Google
CLI08471,48,7948.32,PR,Instagram
CLI08472,40,7475.57,RS,Instagram
CLI08473,37,9133.96,MG,Google
CLI08474,32,12273.37,PE,TikTok
CLI08475,40,8862.91,PR,Orgânico
CLI08476,45,7303.39,PE,Google
CLI08477,33,3375.01,RJ,TikTok
CLI08478,54,11386.62,RJ,Orgânico
CLI08479,38,6720.38,BA,Orgânico
CLI08480,32,2603.85,PE,Instagram
CLI08481,34,7230.88,SC,Instagram
CLI08482,67,6396.73,BA,Orgânico
CLI08483,54,4961.55,SP,Orgânico
CLI08484,30,5356.6,PE,Instagram
CLI08485,36,6253.19,RS,Google
CLI08486,47,13425.83,SP,Google
CLI08487,62,4258.18,RS,Google
CLI08488,35,8469.39,PR,Instagram
CLI08489,31,8671.4,BA,Instagram
CLI08490,53,12190.91,SP,Google
CLI08491,53,8404.58,RJ,Google
CLI08492,37,5218.22,SC,Google
CLI08493,69,5765.69,PE,Instagram
CLI08494,36,7518.28,MG,Google
CLI08495,62,10282.82,PR,Instagram
CLI08496,61,9058.94,RS,Google
CLI08497,24,4104.1,PR,TikTok
CLI08498,61,6202.02,MG,Orgânico
CLI08499,21,3661.56,PE,TikTok
CLI08500,51,10373.21,RJ,Instagram
CLI08501,19,3420.76,PR,TikTok
CLI08502,22,3742.71,SP,Instagram
CLI08503,27,8211.61,SP,TikTok
CLI08504,49,3830.35,SP,Google
CLI08505,59,8603.79,SC,Orgânico
CLI08506,58,10653.01,MG,Orgânico
CLI08507,30,7348.74,RJ,TikTok
CLI08508,56,6011.43,SP,Orgânico
CLI08509,22,3298.24,SP,Orgânico
CLI08510,27,3473.85,SC,TikTok
CLI08511,27,4843.67,SP,Google
CLI08512,55,10192.99,RS,Google
CLI08513,44,4496.29,PE,Instagram
CLI08514,68,7961.78,SC,Google
CLI08515,38,6639.0,PE,Orgânico
CLI08516,25,6968.97,RS,TikTok
CLI08517,18,2531.95,PE,Instagram
CLI08518,45,5138.66,PE,Orgânico
CLI08519,66,6176.56,MG,Instagram
CLI08520,56,7694.31,PE,Google
CLI08521,31,6860.03,PE,Instagram
CLI08522,38,6862.66,PR,Instagram
CLI08523,47,9485.63,SP,Google
CLI08524,38,4197.7,SP,Orgânico
CLI08525,66,8644.1,BA,Google
CLI08526,26,6046.81,MG,Instagram
CLI08527,34,5560.76,PR,TikTok
CLI08528,22,3367.58,SC,TikTok
CLI08529,48,12825.66,PR,Orgânico
CLI08530,69,7325.03,SP,Orgânico
CLI08531,57,7715.95,MG,Instagram
CLI08532,55,9780.77,RS,Google
CLI08533,60,10435.55,RJ,Google
CLI08534,36,3153.68,PE,Google
CLI08535,53,13326.76,MG,Orgânico
CLI08536,67,9985.66,SC,Google
CLI08537,50,7799.04,PE,Orgânico
CLI08538,30,4927.59,PE,TikTok
CLI08539,31,9995.69,SC,TikTok
CLI08540,50,12452.05,PE,Google
CLI08541,46,3839.1,SP,Google
CLI08542,60,5542.98,BA,Google
CLI08543,66,7343.04,MG,Orgânico
CLI08544,53,5503.05,RJ,Google
CLI08545,61,6773.68,MG,Orgânico
CLI08546,27,6174.46,SC,Instagram
CLI08547,48,7105.72,BA,Google
CLI08548,23,2978.6,MG,TikTok
CLI08549,18,2473.68,SP,Instagram
CLI08550,24,3832.51,SC,Instagram
CLI08551,44,7076.17,MG,Instagram
CLI08552,38,2882.6,PE,Google
CLI08553,45,8664.23,MG,Orgânico
CLI08554,33,7638.84,SP,Orgânico
CLI08555,63,9488.48,SP,Google
CLI08556,40,7652.26,PE,TikTok
CLI08557,69,8687.36,PE,Google
CLI08558,37,3646.07,MG,TikTok
CLI08559,55,10382.28,BA,Instagram
CLI08560,42,5339.27,RJ,Google
CLI08561,45,6114.87,SC,Orgânico
CLI08562,22,3271.62,MG,Google
CLI08563,38,10254.01,SP,TikTok
CLI08564,35,6260.17,SC,Instagram
CLI08565,64,10713.3,SP,Google
CLI08566,23,2269.76,PE,Instagram
CLI08567,46,5208.26,SC,Orgânico
CLI08568,36,8276.19,MG,Google
CLI08569,50,8752.94,RS,Instagram
CLI08570,18,3112.37,PE,Instagram
CLI08571,62,5322.47,RS,Orgânico
CLI08572,20,3064.9,BA,TikTok
CLI08573,59,5281.61,PR,Orgânico
CLI08574,38,6171.34,RS,Google
CLI08575,52,6160.11,PR,Orgânico
CLI08576,58,5474.43,SC,Google
CLI08577,57,8338.1,BA,Orgânico
CLI08578,20,2957.56,BA,TikTok
CLI08579,42,4236.67,BA,Instagram
CLI08580,62,10511.64,SP,Google
CLI08581,55,5307.13,SP,Google
CLI08582,62,8176.7,SP,Orgânico
CLI08583,37,5846.07,MG,Orgânico
CLI08584,69,3245.8,SC,Orgânico
CLI08585,61,12044.69,MG,Orgânico
CLI08586,62,5011.69,PR,Google
CLI08587,51,8881.3,PR,Google
CLI08588,38,7101.49,SP,Instagram
CLI08589,65,8569.74,SP,Google
CLI08590,40,9081.13,SC,Google
CLI08591,23,1757.24,PR,TikTok
CLI08592,68,3081.54,SC,Orgânico
CLI08593,30,4942.56,PR,TikTok
CLI08594,66,7489.88,RJ,Google
CLI08595,40,6320.22,SC,Google
CLI08596,26,7512.62,RJ,TikTok
CLI08597,34,4986.23,MG,Instagram
CLI08598,19,3160.83,BA,TikTok
CLI08599,36,5861.33,PE,Instagram
CLI08600,36,7389.09,PE,TikTok
CLI08601,24,4152.09,PR,TikTok
CLI08602,59,5938.79,RJ,Instagram
CLI08603,59,10642.19,MG,Google
CLI08604,37,7638.69,PE,Orgânico
CLI08605,26,9483.32,PE,TikTok
CLI08606,34,7027.2,SC,Instagram
CLI08607,44,4540.71,RJ,Instagram
CLI08608,64,15311.91,RJ,Orgânico
CLI08609,19,2339.37,MG,Instagram
CLI08610,53,11064.74,BA,Orgânico
CLI08611,36,6924.0,PE,Google
CLI08612,34,6233.3,RJ,TikTok
CLI08613,22,3223.86,MG,Instagram
CLI08614,56,9749.97,RS,Google
CLI08615,35,2988.58,PE,Google
CLI08616,24,4029.0,PR,TikTok
CLI08617,34,6760.35,PR,TikTok
CLI08618,56,8820.38,PR,Google
CLI08619,53,6423.29,RJ,Orgânico
CLI08620,57,10110.27,PE,Orgânico
CLI08621,62,1952.69,RJ,TikTok
CLI08622,21,3430.39,SP,Instagram
CLI08623,55,4065.0,PE,Instagram
CLI08624,42,6758.65,SP,Instagram
CLI08625,22,3706.9,MG,Orgânico
CLI08626,47,9619.83,PE,Google
CLI08627,29,5462.18,RJ,Instagram
CLI08628,21,4334.24,MG,TikTok
CLI08629,41,5666.16,PE,Google
CLI08630,46,8573.9,SC,Google
CLI08631,26,6173.72,BA,Instagram
CLI08632,21,3270.78,RJ,Instagram
CLI08633,68,7445.6,RS,Google
CLI08634,41,6393.02,SC,Google
CLI08635,31,8399.08,RJ,Orgânico
CLI08636,22,2601.45,PR,TikTok
CLI08637,35,6056.15,MG,TikTok
CLI08638,59,5222.8,PE,Orgânico
CLI08639,36,7745.97,RS,Google
CLI08640,29,5123.64,SP,TikTok
CLI08641,35,3239.3,PR,Instagram
CLI08642,34,5169.97,RS,TikTok
CLI08643,47,9506.61,SP,Google
CLI08644,41,7194.4,PE,Google
CLI08645,28,8718.28,RJ,TikTok
CLI08646,52,9668.92,SC,Google
CLI08647,40,5121.69,SC,Orgânico
CLI08648,34,3644.71,PE,TikTok
CLI08649,18,3510.32,PE,Instagram
CLI08650,32,4744.36,RS,TikTok
CLI08651,49,7885.49,BA,Orgânico
CLI08652,26,7542.79,PE,TikTok
CLI08653,32,4103.29,PR,Instagram
CLI08654,45,8733.24,SP,Orgânico
CLI08655,41,2440.35,RS,Google
CLI08656,52,7425.65,MG,Orgânico
CLI08657,39,4535.72,MG,Google
CLI08658,44,9326.06,PE,Orgânico
CLI08659,36,6819.62,BA,Instagram
CLI08660,62,11858.92,MG,Orgânico
CLI08661,29,4717.78,SP,TikTok
CLI08662,37,3010.66,SC,Orgânico
CLI08663,18,3312.15,SC,TikTok
CLI08664,38,4755.72,PR,Google
CLI08665,66,10132.91,BA,Instagram
CLI08666,62,8283.22,SP,Google
CLI08667,18,4684.69,RJ,TikTok
CLI08668,27,7028.53,BA,TikTok
CLI08669,64,12643.57,RJ,Google
CLI08670,49,10086.5,MG,Google
CLI08671,56,8368.39,RS,Google
CLI08672,39,6116.33,RS,Orgânico
CLI08673,35,5562.84,PE,Google
CLI08674,65,9506.14,RS,Instagram
CLI08675,63,9756.07,SC,Orgânico
CLI08676,49,6950.66,SC,Orgânico
CLI08677,44,5548.94,BA,Instagram
CLI08678,45,7003.47,SP,Google
CLI08679,35,3402.56,PE,TikTok
CLI08680,56,5353.68,SP,Google
CLI08681,66,4834.67,PR,Orgânico
CLI08682,46,7278.26,SP,Google
CLI08683,35,5605.93,PR,Instagram
CLI08684,61,4523.64,MG,Instagram
CLI08685,25,4955.0,MG,Instagram
CLI08686,48,3072.24,SC,Orgânico
CLI08687,51,7259.76,BA,Google
CLI08688,24,1330.34,BA,Google
CLI08689,53,170.3,BA,Google
CLI08690,35,5258.04,SC,TikTok
CLI08691,55,7466.57,PE,Orgânico
CLI08692,26,4518.84,SC,Instagram
CLI08693,26,6049.28,RJ,Instagram
CLI08694,63,9325.48,PR,Orgânico
CLI08695,25,5081.08,RS,TikTok
CLI08696,68,7403.96,RS,Google
CLI08697,52,6804.63,MG,Google
CLI08698,35,6803.45,PR,Google
CLI08699,22,3044.17,PE,TikTok
CLI08700,31,4250.32,RJ,Instagram
CLI08701,45,5740.57,RJ,Orgânico
CLI08702,47,4948.12,MG,Google
CLI08703,21,3576.18,MG,Orgânico
CLI08704,56,6080.22,SC,Google
CLI08705,37,6410.83,PE,Google
CLI08706,42,5920.36,RJ,Google
CLI08707,45,11697.91,SC,Google
CLI08708,29,4470.08,MG,Instagram
CLI08709,19,2263.53,RS,Instagram
CLI08710,60,5922.31,PE,Google
CLI08711,31,4812.29,RJ,Instagram
CLI08712,39,8213.71,RJ,Orgânico
CLI08713,48,7508.62,SP,Instagram
CLI08714,40,7785.33,RJ,Google
CLI08715,65,9024.43,SC,Orgânico
CLI08716,37,5645.94,SP,Orgânico
CLI08717,55,6499.53,BA,Orgânico
CLI08718,21,3250.51,RJ,TikTok
CLI08719,32,4374.79,SP,Orgânico
CLI08720,41,4094.06,RJ,Orgânico
CLI08721,42,7686.3,PR,Orgânico
CLI08722,18,4078.14,RS,TikTok
CLI08723,24,3727.01,BA,TikTok
CLI08724,48,8701.9,SC,Google
CLI08725,29,4537.57,SC,Instagram
CLI08726,59,6312.23,PE,Google
CLI08727,22,2634.7,BA,Instagram
CLI08728,61,9647.72,SP,Google
CLI08729,67,7254.22,PR,Google
CLI08730,59,9995.77,SP,Google
CLI08731,55,7787.66,SP,Google
CLI08732,29,4510.67,MG,Orgânico
CLI08733,56,15046.63,PE,Google
CLI08734,35,4854.78,SP,Instagram
CLI08735,19,3289.53,RJ,Instagram
CLI08736,27,9592.09,PE,Google
CLI08737,32,3339.62,MG,Orgânico
CLI08738,47,13617.26,MG,Orgânico
CLI08739,61,3885.74,BA,Google
CLI08740,34,6695.77,SP,Instagram
CLI08741,21,3478.88,MG,Orgânico
CLI08742,24,3590.85,PE,Instagram
CLI08743,58,4554.91,SC,TikTok
CLI08744,48,5748.03,RS,Google
CLI08745,68,8034.74,MG,Orgânico
CLI08746,56,5522.07,MG,Google
CLI08747,51,1890.77,BA,Orgânico
CLI08748,23,1568.76,RJ,Instagram
CLI08749,67,8146.85,SC,Orgânico
CLI08750,55,9226.78,MG,Instagram
CLI08751,62,8515.75,RJ,Google
CLI08752,68,10862.71,SC,Orgânico
CLI08753,51,7773.55,PE,Google
CLI08754,61,11037.56,MG,Orgânico
CLI08755,32,6433.4,SP,Orgânico
CLI08756,31,7149.45,MG,Instagram
CLI08757,23,4342.37,RS,Instagram
CLI08758,67,12067.01,SC,Orgânico
CLI08759,54,9721.23,RS,Orgânico
CLI08760,67,5332.68,MG,Orgânico
CLI08761,49,5091.1,PE,Google
CLI08762,20,1956.36,RS,TikTok
CLI08763,20,4027.93,SC,Instagram
CLI08764,39,7478.24,SP,Instagram
CLI08765,39,5628.13,MG,Google
CLI08766,27,5092.2,SC,Google
CLI08767,68,4678.4,BA,Google
CLI08768,20,3487.85,RS,TikTok
CLI08769,29,7778.94,PE,TikTok
CLI08770,46,8259.2,RJ,Google
CLI08771,65,11750.01,RS,Orgânico
CLI08772,34,3501.53,MG,TikTok
CLI08773,24,3378.36,PE,Instagram
CLI08774,30,5596.0,RS,TikTok
CLI08775,19,4643.85,BA,TikTok
CLI08776,21,3919.21,RS,TikTok
CLI08777,27,7538.41,RS,Orgânico
CLI08778,56,6423.81,SP,Google
CLI08779,41,5657.23,RJ,Google
CLI08780,34,5517.88,PE,TikTok
CLI08781,69,9901.09,RS,Google
CLI08782,23,1245.08,MG,Google
CLI08783,36,3531.19,SC,Orgânico
CLI08784,22,2587.65,BA,TikTok
CLI08785,49,11951.27,PR,Orgânico
CLI08786,27,4478.64,RS,Instagram
CLI08787,26,7337.45,RJ,TikTok
CLI08788,44,3337.56,SC,Orgânico
CLI08789,30,4922.18,RJ,Google
CLI08790,36,3338.86,BA,Google
CLI08791,38,6869.22,MG,Google
CLI08792,41,7297.7,SP,Instagram
CLI08793,55,8621.2,RS,Orgânico
CLI08794,21,3692.7,SP,TikTok
CLI08795,41,4508.47,PE,Google
CLI08796,52,10877.99,RS,TikTok
CLI08797,20,4127.55,RS,TikTok
CLI08798,21,3015.38,RJ,Instagram
CLI08799,54,6628.17,PE,Orgânico
CLI08800,57,4170.84,PR,Orgânico
CLI08801,65,5581.17,PE,Google
CLI08802,52,13106.04,MG,Google
CLI08803,48,8671.04,SC,Orgânico
CLI08804,61,10366.47,MG,Orgânico
CLI08805,42,9331.36,PR,Orgânico
CLI08806,57,4368.34,BA,Orgânico
CLI08807,30,5313.85,BA,Instagram
CLI08808,21,3643.19,SC,Instagram
CLI08809,63,8952.12,PR,Google
CLI08810,31,8153.15,MG,TikTok
CLI08811,30,7855.95,MG,Instagram
CLI08812,44,5697.31,RJ,Google
CLI08813,23,2318.42,RS,Google
CLI08814,34,5105.56,PE,TikTok
CLI08815,53,2609.65,BA,Google
CLI08816,57,12906.89,PR,Orgânico
CLI08817,66,5165.53,SP,TikTok
CLI08818,52,9163.36,PR,TikTok
CLI08819,34,9641.77,PR,Instagram
CLI08820,58,11238.85,BA,Orgânico
CLI08821,19,2257.01,SC,TikTok
CLI08822,30,9139.27,PE,Instagram
CLI08823,69,8153.06,RS,Google
CLI08824,19,3921.77,SC,TikTok
CLI08825,69,9376.17,BA,Google
CLI08826,45,12344.35,RJ,Orgânico
CLI08827,60,9619.75,SP,Orgânico
CLI08828,43,6474.7,BA,TikTok
CLI08829,39,6156.87,MG,Orgânico
CLI08830,64,12570.79,SP,Google
CLI08831,60,4109.2,SP,Orgânico
CLI08832,20,2530.46,SP,Instagram
CLI08833,52,6117.15,BA,Google
CLI08834,29,6290.01,RJ,TikTok
CLI08835,41,8350.88,RJ,Instagram
CLI08836,22,3656.73,BA,Instagram
CLI08837,37,6966.86,SP,Google
CLI08838,56,6533.18,MG,Google
CLI08839,56,929.19,MG,Google
CLI08840,30,6317.29,BA,Google
CLI08841,58,8378.96,MG,Google
CLI08842,62,2269.76,RJ,Orgânico
CLI08843,29,8656.66,SC,Instagram
CLI08844,30,6694.82,BA,Instagram
CLI08845,27,4589.15,MG,TikTok
CLI08846,50,12163.98,SC,Google
CLI08847,57,10548.47,SP,Google
CLI08848,33,6324.8,BA,Orgânico
CLI08849,62,6446.51,MG,Google
CLI08850,52,9640.78,SP,Google
CLI08851,20,4209.03,SP,TikTok
CLI08852,22,1949.87,RS,Instagram
CLI08853,43,8127.91,BA,Google
CLI08854,28,5170.09,PR,Instagram
CLI08855,24,3558.72,SP,Instagram
CLI08856,27,5272.26,SP,Instagram
CLI08857,59,7437.79,RS,Orgânico
CLI08858,69,7342.18,RJ,Instagram
CLI08859,51,8853.79,PE,Google
CLI08860,20,2207.04,SP,Instagram
CLI08861,25,5275.33,MG,Instagram
CLI08862,48,5987.26,BA,Google
CLI08863,28,3854.22,BA,TikTok
CLI08864,62,11752.68,RJ,Orgânico
CLI08865,24,1097.94,PR,Orgânico
CLI08866,62,6461.35,PE,Google
CLI08867,19,4776.26,PR,Instagram
CLI08868,23,3484.99,SP,Google
CLI08869,58,7954.42,SC,Orgânico
CLI08870,49,13442.21,PR,Google
CLI08871,37,6719.38,PE,Google
CLI08872,51,6777.85,PR,TikTok
CLI08873,67,7452.91,RS,Google
CLI08874,33,4840.48,PR,Instagram
CLI08875,42,4393.62,MG,Orgânico
CLI08876,29,7545.25,SC,Instagram
CLI08877,24,3574.67,BA,Instagram
CLI08878,56,6669.65,SP,Orgânico
CLI08879,34,3436.66,RS,Instagram
CLI08880,62,7181.46,RS,Google
CLI08881,28,4864.82,BA,Orgânico
CLI08882,23,2801.83,RS,TikTok
CLI08883,40,3714.07,SP,Orgânico
CLI08884,44,6355.81,RJ,Instagram
CLI08885,63,8382.14,MG,TikTok
CLI08886,23,1572.04,RS,Orgânico
CLI08887,55,9094.3,PE,TikTok
CLI08888,19,3075.13,SC,TikTok
CLI08889,39,5587.2,RJ,Google
CLI08890,37,6241.99,SC,Google
CLI08891,42,6539.65,BA,Orgânico
CLI08892,32,6615.11,PR,TikTok
CLI08893,66,4423.4,SC,Orgânico
CLI08894,46,9547.41,PE,Google
CLI08895,25,5115.55,PE,TikTok
CLI08896,54,11547.32,PE,Google
CLI08897,66,5310.74,RS,Orgânico
CLI08898,69,627.8,RJ,TikTok
CLI08899,50,7607.88,MG,Google
CLI08900,39,6787.27,RS,Google
CLI08901,67,8103.71,BA,Google
CLI08902,64,3883.72,MG,Orgânico
CLI08903,22,2450.12,PR,Instagram
CLI08904,56,11593.71,SP,Orgânico
CLI08905,35,4053.29,RJ,TikTok
CLI08906,55,12625.39,SP,Instagram
CLI08907,54,9962.28,BA,Google
CLI08908,47,5691.29,BA,Orgânico
CLI08909,68,11501.41,BA,Orgânico
CLI08910,48,5228.31,PR,Google
CLI08911,27,3954.37,SC,Instagram
CLI08912,32,4248.44,PE,Instagram
CLI08913,59,10306.21,SC,Orgânico
CLI08914,65,11413.9,PR,Orgânico
CLI08915,61,6811.92,MG,Google
CLI08916,35,7158.09,RJ,Instagram
CLI08917,40,2823.83,PR,Orgânico
CLI08918,50,4797.06,PR,Google
CLI08919,33,5606.44,RJ,TikTok
CLI08920,55,8796.29,RS,Google
CLI08921,52,13814.35,PE,Orgânico
CLI08922,51,10387.33,MG,Google
CLI08923,45,4615.31,MG,Google
CLI08924,19,2971.75,RJ,TikTok
CLI08925,47,6502.13,PE,Google
CLI08926,30,7851.52,SP,TikTok
CLI08927,58,12713.76,RS,Google
CLI08928,33,5871.47,SC,Orgânico
CLI08929,22,4554.87,RJ,Orgânico
CLI08930,45,14311.73,PE,Google
CLI08931,56,6950.28,MG,Instagram
CLI08932,62,6873.07,RS,Google
CLI08933,37,3152.56,SP,Orgânico
CLI08934,41,10763.89,PR,Orgânico
CLI08935,44,3281.42,PR,Google
CLI08936,47,10652.53,PR,Orgânico
CLI08937,62,3353.51,SC,Orgânico
CLI08938,44,4950.34,RS,Google
CLI08939,43,7133.57,BA,Google
CLI08940,24,4340.1,MG,TikTok
CLI08941,59,14585.86,SP,TikTok
CLI08942,64,4132.92,MG,Google
CLI08943,55,6043.87,RS,Instagram
CLI08944,22,4045.29,SC,Orgânico
CLI08945,40,8203.84,SC,Google
CLI08946,45,2693.22,RS,Google
CLI08947,51,6436.11,PE,Orgânico
CLI08948,32,6357.18,RJ,Orgânico
CLI08949,49,9408.36,RS,Google
CLI08950,43,6643.44,BA,TikTok
CLI08951,65,9409.81,MG,Google
CLI08952,48,8342.22,BA,Orgânico
CLI08953,36,6474.08,PR,Google
CLI08954,26,7576.36,RJ,TikTok
CLI08955,46,9751.05,BA,Google
CLI08956,68,12939.51,PE,Google
CLI08957,56,15606.16,MG,TikTok
CLI08958,21,3384.49,RJ,TikTok
CLI08959,20,4216.68,RJ,Instagram
CLI08960,46,9384.38,RS,Google
CLI08961,69,8906.03,SP,Orgânico
CLI08962,28,2119.14,RJ,Orgânico
CLI08963,50,7682.57,RS,Google
CLI08964,55,9821.23,BA,Orgânico
CLI08965,28,4241.45,SC,Google
CLI08966,44,4354.96,BA,TikTok
CLI08967,50,4466.1,PE,Google
CLI08968,38,9162.75,PR,Orgânico
CLI08969,56,5122.71,SP,Google
CLI08970,48,8101.23,RJ,Instagram
CLI08971,55,9501.47,SP,Google
CLI08972,63,9757.67,RS,Google
CLI08973,19,2878.96,PR,Instagram
CLI08974,44,9522.81,PR,Google
CLI08975,53,9458.19,SP,Orgânico
CLI08976,28,8623.99,MG,Instagram
CLI08977,64,2087.38,PR,Instagram
CLI08978,35,6115.97,SC,Instagram
CLI08979,18,4024.28,SC,Orgânico
CLI08980,52,11039.97,PE,Google
CLI08981,52,7924.13,RJ,Google
CLI08982,48,3190.51,MG,Google
CLI08983,45,7725.11,MG,Google
CLI08984,56,10659.74,RS,Google
CLI08985,18,3574.79,PE,Orgânico
CLI08986,42,4010.7,PE,Orgânico
CLI08987,60,3009.32,RJ,Google
CLI08988,55,4921.95,PR,Google
CLI08989,37,7319.15,BA,Instagram
CLI08990,20,3154.24,SP,Instagram
CLI08991,68,7045.27,MG,Orgânico
CLI08992,19,2834.11,MG,TikTok
CLI08993,35,2774.3,BA,Instagram
CLI08994,61,9843.47,PE,Google
CLI08995,27,7211.37,RS,Instagram
CLI08996,22,3016.47,PR,TikTok
CLI08997,26,5670.61,RS,TikTok
CLI08998,19,2590.01,SP,TikTok
CLI08999,51,5202.02,SC,Orgânico
CLI09000,55,9772.34,MG,Instagram
CLI09001,48,5918.23,RS,Orgânico
CLI09002,27,3983.46,BA,Instagram
CLI09003,67,8067.47,PR,Google
CLI09004,29,3603.64,RS,Google
CLI09005,53,9971.4,MG,Google
CLI09006,38,8177.82,PE,Google
CLI09007,66,8455.54,SC,Orgânico
CLI09008,64,12953.94,BA,Orgânico
CLI09009,23,3564.85,RJ,Instagram
CLI09010,65,3205.24,RS,Orgânico
CLI09011,66,5254.28,PR,Orgânico
CLI09012,20,2935.14,BA,TikTok
CLI09013,27,5479.69,SP,TikTok
CLI09014,22,3454.4,BA,Orgânico
CLI09015,63,6124.89,BA,Orgânico
CLI09016,43,5214.88,RJ,Google
CLI09017,38,4890.71,PE,Instagram
CLI09018,62,8224.01,RS,Orgânico
CLI09019,43,4869.23,SP,Google
CLI09020,55,7252.61,BA,Orgânico
CLI09021,61,3639.19,SC,Google
CLI09022,43,5057.77,PE,Orgânico
CLI09023,25,8598.97,PE,Instagram
CLI09024,22,1324.45,BA,Orgânico
CLI09025,32,3324.31,PE,Instagram
CLI09026,33,2695.23,SP,Instagram
CLI09027,18,2459.25,MG,TikTok
CLI09028,33,5253.99,PE,TikTok
CLI09029,54,10025.9,SC,Google
CLI09030,20,4133.47,BA,Orgânico
CLI09031,69,13337.52,PE,Google
CLI09032,64,7998.68,RJ,Orgânico
CLI09033,48,11572.38,BA,Instagram
CLI09034,30,3893.51,MG,TikTok
CLI09035,33,4901.25,RS,Instagram
CLI09036,60,11175.09,PE,Google
CLI09037,38,3214.04,MG,Orgânico
CLI09038,19,4615.36,SC,TikTok
CLI09039,44,8421.52,PE,Orgânico
CLI09040,55,7187.3,BA,Orgânico
CLI09041,43,6358.26,SP,Orgânico
CLI09042,55,5575.22,RS,Google
CLI09043,63,14182.91,SP,Google
CLI09044,42,4924.34,PE,Instagram
CLI09045,28,4281.23,RJ,Instagram
CLI09046,25,3839.89,SC,Instagram
CLI09047,25,7568.19,PE,Orgânico
CLI09048,50,9151.18,RJ,Google
CLI09049,24,3146.59,PE,TikTok
CLI09050,55,9336.13,BA,Google
CLI09051,38,6881.84,PR,Google
CLI09052,25,5490.56,SC,TikTok
CLI09053,68,7197.46,PR,Google
CLI09054,38,4369.44,PE,Orgânico
CLI09055,37,3172.06,RJ,Orgânico
CLI09056,25,3755.93,PR,TikTok
CLI09057,63,4478.8,PR,Orgânico
CLI09058,48,7862.77,MG,Instagram
CLI09059,67,5422.34,MG,TikTok
CLI09060,46,3437.92,RJ,Google
CLI09061,65,6841.98,RJ,Orgânico
CLI09062,26,5096.33,SP,Instagram
CLI09063,32,10543.15,RS,TikTok
CLI09064,47,6327.43,PR,Instagram
CLI09065,43,7951.22,BA,Orgânico
CLI09066,27,5777.07,RS,TikTok
CLI09067,46,4415.19,SP,Google
CLI09068,33,6217.91,PE,Orgânico
CLI09069,53,8266.11,SP,Instagram
CLI09070,37,6190.92,SC,Google
CLI09071,62,6600.43,SP,Instagram
CLI09072,54,6665.21,SP,Google
CLI09073,39,9888.1,PR,Google
CLI09074,24,3202.55,PE,Instagram
CLI09075,40,7343.98,SP,Orgânico
CLI09076,58,18005.8,PR,Google
CLI09077,57,7158.32,RS,Google
CLI09078,46,4191.61,PE,Orgânico
CLI09079,33,6507.14,PR,TikTok
CLI09080,55,7175.78,SP,Orgânico
CLI09081,45,12556.33,PR,Google
CLI09082,65,7440.97,RJ,Orgânico
CLI09083,55,12698.16,PE,Google
CLI09084,48,9303.28,RJ,Google
CLI09085,31,4300.25,PR,TikTok
CLI09086,50,9161.51,BA,Google
CLI09087,26,4322.03,PE,TikTok
CLI09088,44,5475.29,RS,Orgânico
CLI09089,41,7232.09,RS,Google
CLI09090,30,4592.41,RJ,Orgânico
CLI09091,43,7301.07,SC,Orgânico
CLI09092,46,13823.33,RS,Google
CLI09093,68,3377.74,PE,Google
CLI09094,66,1912.44,MG,Google
CLI09095,60,7208.77,RJ,Google
CLI09096,45,11092.54,SP,Orgânico
CLI09097,45,8154.13,PE,Instagram
CLI09098,25,5517.4,RJ,TikTok
CLI09099,40,7289.91,SC,Google
CLI09100,46,2801.08,SC,Orgânico
CLI09101,22,3322.13,SC,Instagram
CLI09102,59,7072.68,RS,Orgânico
CLI09103,24,3341.59,RS,Instagram
CLI09104,59,9281.56,RJ,Orgânico
CLI09105,53,8617.07,BA,Orgânico
CLI09106,58,6376.22,MG,Orgânico
CLI09107,44,7421.03,PE,Orgânico
CLI09108,63,10390.8,PE,TikTok
CLI09109,19,1966.84,SP,Orgânico
CLI09110,42,7048.67,MG,Orgânico
CLI09111,26,8228.44,RS,Instagram
CLI09112,44,6803.77,PE,Google
CLI09113,18,2761.68,RS,Instagram
CLI09114,40,8329.47,RJ,Orgânico
CLI09115,27,7337.59,MG,Instagram
CLI09116,59,5990.95,PR,Orgânico
CLI09117,69,9110.53,SP,Orgânico
CLI09118,42,7076.46,PR,Google
CLI09119,20,2820.61,PR,Orgânico
CLI09120,23,2831.33,PE,TikTok
CLI09121,23,4788.34,MG,TikTok
CLI09122,19,3647.45,PR,Orgânico
CLI09123,35,4142.24,SP,Google
CLI09124,40,4662.01,PR,Orgânico
CLI09125,19,2932.03,RJ,Instagram
CLI09126,29,7067.04,SP,TikTok
CLI09127,39,7352.86,PE,Orgânico
CLI09128,54,4751.99,BA,Orgânico
CLI09129,37,5518.54,BA,Google
CLI09130,56,7762.93,BA,Orgânico
CLI09131,41,6504.38,RJ,Instagram
CLI09132,65,6662.42,RJ,Instagram
CLI09133,37,6630.18,BA,Orgânico
CLI09134,18,2949.0,RS,Instagram
CLI09135,18,3738.47,PE,Instagram
CLI09136,34,6305.14,PE,Orgânico
CLI09137,18,2666.95,BA,TikTok
CLI09138,69,13364.65,SC,Orgânico
CLI09139,62,8427.5,PE,Orgânico
CLI09140,47,5613.78,SC,Google
CLI09141,58,6867.07,RJ,Google
CLI09142,64,648.61,RS,Orgânico
CLI09143,20,1537.47,PE,Instagram
CLI09144,63,12009.64,PR,Orgânico
CLI09145,28,6336.2,RJ,Instagram
CLI09146,41,4554.1,RJ,Instagram
CLI09147,39,8209.11,SC,Google
CLI09148,61,4415.09,PE,Google
CLI09149,62,2908.11,MG,Orgânico
CLI09150,43,4948.68,MG,Google
CLI09151,30,6558.19,RS,Instagram
CLI09152,18,1626.8,BA,Instagram
CLI09153,41,6170.14,RS,Google
CLI09154,27,6315.96,MG,Instagram
CLI09155,52,3127.7,RJ,Instagram
CLI09156,41,6541.29,RJ,Orgânico
CLI09157,45,11471.96,BA,Orgânico
CLI09158,53,9541.68,PR,Orgânico
CLI09159,33,7839.12,RS,Google
CLI09160,57,10913.23,BA,Google
CLI09161,33,5420.53,PE,TikTok
CLI09162,34,5602.84,SC,TikTok
CLI09163,68,6642.02,RS,Instagram
CLI09164,32,5598.67,RJ,TikTok
CLI09165,33,2138.18,SP,Instagram
CLI09166,32,6973.87,RS,Instagram
CLI09167,51,9313.89,SP,Instagram
CLI09168,28,5220.31,BA,Orgânico
CLI09169,18,3229.02,SC,Google
CLI09170,32,5732.04,PE,TikTok
CLI09171,43,6003.47,BA,Google
CLI09172,68,9190.42,SP,Instagram
CLI09173,21,2937.67,PE,TikTok
CLI09174,60,5161.02,SP,Orgânico
CLI09175,22,4205.22,PE,TikTok
CLI09176,52,6744.9,SC,Instagram
CLI09177,30,6544.05,RS,TikTok
CLI09178,27,6578.44,PE,Orgânico
CLI09179,28,11174.88,RJ,Instagram
CLI09180,35,3648.28,RJ,TikTok
CLI09181,51,6514.02,PR,Google
CLI09182,56,7183.46,RJ,TikTok
CLI09183,58,14468.26,BA,Orgânico
CLI09184,59,9370.33,SP,Orgânico
CLI09185,67,8940.78,PE,Google
CLI09186,40,1616.03,BA,Google
CLI09187,24,2208.27,PE,Google
CLI09188,56,2522.56,SP,Instagram
CLI09189,20,2910.92,PR,Instagram
CLI09190,29,9192.93,SC,Orgânico
CLI09191,24,2239.86,BA,Google
CLI09192,66,9854.05,PE,Orgânico
CLI09193,43,4936.72,SP,Orgânico
CLI09194,50,7083.55,RJ,Google
CLI09195,54,15815.48,RJ,Orgânico
CLI09196,65,9813.47,BA,Google
CLI09197,32,8840.79,BA,Instagram
CLI09198,19,3535.17,BA,Instagram
CLI09199,58,6034.56,RJ,Instagram
CLI09200,24,4465.7,SP,Instagram
CLI09201,49,5208.19,MG,Google
CLI09202,21,2503.98,SP,Instagram
CLI09203,37,7311.91,SP,Instagram
CLI09204,67,11014.87,MG,Google
CLI09205,53,10947.76,MG,TikTok
CLI09206,49,7833.69,RJ,Instagram
CLI09207,45,9740.91,BA,TikTok
CLI09208,30,9356.37,RJ,Instagram
CLI09209,18,2987.45,RJ,TikTok
CLI09210,52,13195.08,SP,Google
CLI09211,65,7232.77,RS,Google
CLI09212,47,10086.72,SC,TikTok
CLI09213,53,10170.87,RS,Orgânico
CLI09214,42,6759.35,BA,Google
CLI09215,33,6809.92,PR,TikTok
CLI09216,36,8920.58,SC,Orgânico
CLI09217,18,2937.29,MG,Instagram
CLI09218,22,3184.43,SP,TikTok
CLI09219,68,8277.1,RS,Orgânico
CLI09220,39,3227.24,SP,Google
CLI09221,41,3586.41,PR,Orgânico
CLI09222,60,12272.27,BA,Orgânico
CLI09223,62,5059.91,SC,Google
CLI09224,69,7617.08,PE,Instagram
CLI09225,54,6219.8,MG,Google
CLI09226,53,9165.91,PR,TikTok
CLI09227,53,7164.0,SP,Google
CLI09228,21,1219.25,PR,Instagram
CLI09229,53,5885.7,RJ,Google
CLI09230,69,6617.79,SC,Orgânico
CLI09231,35,6424.19,MG,TikTok
CLI09232,67,1935.96,RJ,Google
CLI09233,33,9192.21,SC,Instagram
CLI09234,58,8177.44,RJ,TikTok
CLI09235,35,5996.77,PR,TikTok
CLI09236,39,5523.02,MG,Google
CLI09237,19,2369.35,RS,Instagram
CLI09238,38,7415.83,PR,Orgânico
CLI09239,53,5983.94,PR,Google
CLI09240,61,12708.54,BA,Google
CLI09241,56,10544.49,SC,Orgânico
CLI09242,64,3463.12,MG,Instagram
CLI09243,56,7146.96,MG,Orgânico
CLI09244,46,12581.56,PR,Orgânico
CLI09245,43,4811.75,BA,Instagram
CLI09246,38,2478.56,MG,Orgânico
CLI09247,34,9027.08,SP,TikTok
CLI09248,33,7138.06,BA,Google
CLI09249,48,11368.94,MG,Google
CLI09250,68,5270.0,PR,Orgânico
CLI09251,26,5670.54,SP,TikTok
CLI09252,48,11685.59,BA,Orgânico
CLI09253,31,8977.2,SP,Google
CLI09254,66,9513.69,SC,Google
CLI09255,54,4721.11,PR,Google
CLI09256,19,2307.76,MG,Instagram
CLI09257,69,11451.31,RS,Google
CLI09258,65,8729.62,SP,Orgânico
CLI09259,63,7647.63,PR,Orgânico
CLI09260,31,7555.28,SC,TikTok
CLI09261,50,12525.52,RJ,Google
CLI09262,52,10171.06,RJ,Orgânico
CLI09263,56,6576.06,MG,Google
CLI09264,64,3789.54,PE,Orgânico
CLI09265,68,9764.16,RJ,TikTok
CLI09266,37,4837.7,SP,TikTok
CLI09267,19,3578.22,RS,TikTok
CLI09268,68,11947.25,SP,Instagram
CLI09269,58,10617.22,PR,Google
CLI09270,36,8758.05,MG,Orgânico
CLI09271,54,4284.81,RS,Google
CLI09272,35,6603.58,PR,TikTok
CLI09273,33,5407.72,PE,Orgânico
CLI09274,21,2721.26,RS,TikTok
CLI09275,29,7735.32,PR,TikTok
CLI09276,46,8235.47,BA,Google
CLI09277,24,3996.45,MG,TikTok
CLI09278,31,8431.55,RS,Instagram
CLI09279,29,6363.2,RS,TikTok
CLI09280,52,4796.35,PR,Instagram
CLI09281,22,3088.03,PE,Instagram
CLI09282,34,7942.44,PE,TikTok
CLI09283,59,10359.29,RS,Orgânico
CLI09284,49,10026.16,RJ,Google
CLI09285,27,5506.63,SC,TikTok
CLI09286,60,5081.01,PR,Google
CLI09287,34,7264.02,RS,TikTok
CLI09288,22,4669.01,SP,Instagram
CLI09289,62,7928.85,BA,Google
CLI09290,59,10318.34,SP,Instagram
CLI09291,26,3760.11,BA,Instagram
CLI09292,66,4736.45,RJ,Google
CLI09293,50,7248.62,PR,Instagram
CLI09294,53,6425.57,BA,Google
CLI09295,53,8821.22,PE,Orgânico
CLI09296,35,12076.56,PR,TikTok
CLI09297,26,2733.13,MG,TikTok
CLI09298,46,2923.95,PE,Google
CLI09299,67,3685.09,PR,Orgânico
CLI09300,31,8095.71,PE,Instagram
CLI09301,42,7914.53,PR,Google
CLI09302,32,8819.49,SP,TikTok
CLI09303,23,3249.11,MG,Google
CLI09304,59,12040.66,PE,Google
CLI09305,46,9150.79,PR,Instagram
CLI09306,32,6236.0,RS,Orgânico
CLI09307,46,6580.93,RJ,Instagram
CLI09308,21,2265.91,BA,Instagram
CLI09309,35,8012.67,PR,TikTok
CLI09310,67,6196.73,MG,Google
CLI09311,66,7158.43,RJ,Orgânico
CLI09312,61,9034.16,RJ,Google
CLI09313,56,7889.72,RJ,Google
CLI09314,33,3065.46,SP,Instagram
CLI09315,28,6295.41,SP,TikTok
CLI09316,31,4333.72,RJ,Instagram
CLI09317,20,3080.61,RS,Instagram
CLI09318,68,9061.39,SP,Orgânico
CLI09319,67,2260.18,RJ,Instagram
CLI09320,59,9009.26,RJ,Orgânico
CLI09321,55,10240.72,SC,Orgânico
CLI09322,62,9858.59,SP,Google
CLI09323,59,7409.84,SC,Google
CLI09324,35,6751.23,RS,TikTok
CLI09325,37,7187.08,RS,Google
CLI09326,65,7732.38,PE,Orgânico
CLI09327,42,5529.11,RJ,Google
CLI09328,55,11109.2,RJ,Orgânico
CLI09329,30,4325.85,SC,Google
CLI09330,21,4367.81,MG,Google
CLI09331,31,7407.21,RJ,Instagram
CLI09332,50,708.3,RS,Google
CLI09333,45,10443.27,RS,Google
CLI09334,69,5899.02,PE,Orgânico
CLI09335,54,8764.11,SP,Instagram
CLI09336,25,3149.98,PR,Google
CLI09337,61,8879.62,PE,Google
CLI09338,51,12303.6,BA,Google
CLI09339,61,6522.95,RS,Google
CLI09340,22,3737.55,PR,TikTok
CLI09341,22,3738.43,PR,Instagram
CLI09342,48,6681.71,PE,Google
CLI09343,62,9792.04,SC,Google
CLI09344,26,7120.91,RJ,TikTok
CLI09345,59,10605.01,PE,Google
CLI09346,49,3263.27,RS,Orgânico
CLI09347,50,6975.86,RS,Orgânico
CLI09348,20,3489.93,MG,Instagram
CLI09349,47,7268.32,SP,Google
CLI09350,67,8238.1,PE,Google
CLI09351,29,6378.2,PR,Instagram
CLI09352,46,6420.3,BA,Orgânico
CLI09353,20,3441.15,PR,Orgânico
CLI09354,43,7241.84,SP,Google
CLI09355,47,6566.47,PR,Orgânico
CLI09356,26,3570.89,SC,TikTok
CLI09357,43,2104.35,PE,Google
CLI09358,19,3052.68,RJ,TikTok
CLI09359,20,2628.06,RJ,Instagram
CLI09360,63,13355.78,MG,Instagram
CLI09361,21,1603.22,PE,TikTok
CLI09362,42,6295.2,PE,Google
CLI09363,68,6084.1,SC,Google
CLI09364,30,3147.9,PE,TikTok
CLI09365,56,8973.24,MG,Google
CLI09366,61,7003.25,PR,Google
CLI09367,52,8009.91,RS,Google
CLI09368,40,5209.08,BA,Google
CLI09369,26,4888.56,RJ,Orgânico
CLI09370,19,3115.81,BA,TikTok
CLI09371,58,3421.21,MG,Instagram
CLI09372,61,12315.32,BA,Orgânico
CLI09373,48,10793.44,MG,Google
CLI09374,61,9967.4,SC,Google
CLI09375,64,6691.84,BA,Orgânico
CLI09376,19,3982.98,RS,TikTok
CLI09377,49,7153.1,PR,Orgânico
CLI09378,35,8185.0,SP,Orgânico
CLI09379,30,4162.61,SC,Instagram
CLI09380,63,3591.03,SC,Instagram
CLI09381,22,3366.88,PR,TikTok
CLI09382,59,9972.18,PE,Orgânico
CLI09383,61,4383.93,SP,Orgânico
CLI09384,27,4973.45,SC,TikTok
CLI09385,60,6806.6,MG,Google
CLI09386,42,6259.55,MG,Orgânico
CLI09387,51,9007.47,PE,Orgânico
CLI09388,54,7304.19,MG,Google
CLI09389,47,8391.36,RS,Google
CLI09390,24,3758.26,RS,TikTok
CLI09391,23,1893.59,BA,TikTok
CLI09392,20,1325.46,MG,TikTok
CLI09393,30,7745.84,SP,Instagram
CLI09394,20,3409.13,BA,Instagram
CLI09395,43,4291.07,RS,Orgânico
CLI09396,41,5903.2,PR,Orgânico
CLI09397,23,3590.02,PR,Orgânico
CLI09398,60,6569.45,SP,Google
CLI09399,66,5481.32,PR,Orgânico
CLI09400,59,7628.01,MG,Instagram
CLI09401,29,7012.77,SP,Google
CLI09402,66,10047.07,MG,Google
CLI09403,53,7884.01,PR,Orgânico
CLI09404,19,1387.82,BA,Instagram
CLI09405,28,10351.91,SC,Google
CLI09406,56,9299.2,SP,Google
CLI09407,51,6097.02,RJ,Google
CLI09408,43,4496.73,PE,Google
CLI09409,35,5299.74,BA,Instagram
CLI09410,38,7207.86,RJ,Google
CLI09411,53,8410.91,RS,Google
CLI09412,57,11233.47,PE,Google
CLI09413,69,9388.31,MG,Orgânico
CLI09414,63,6647.06,PR,Orgânico
CLI09415,61,8561.63,MG,Google
CLI09416,39,5430.06,RS,TikTok
CLI09417,47,14206.34,RS,Google
CLI09418,67,7697.4,RJ,TikTok
CLI09419,60,8078.63,BA,Orgânico
CLI09420,47,9169.96,SP,Google
CLI09421,25,7038.07,PE,TikTok
CLI09422,51,11964.11,MG,Google
CLI09423,64,4924.01,PE,Orgânico
CLI09424,26,4478.84,PR,Orgânico
CLI09425,68,7500.43,RJ,Google
CLI09426,37,5315.24,PE,Orgânico
CLI09427,57,12685.82,SP,Instagram
CLI09428,42,3362.69,MG,Instagram
CLI09429,36,5612.29,SP,Orgânico
CLI09430,22,2502.93,SC,TikTok
CLI09431,28,7525.02,RJ,Instagram
CLI09432,32,9123.88,BA,Instagram
CLI09433,25,7040.47,MG,TikTok
CLI09434,36,6553.83,SP,Orgânico
CLI09435,40,5107.41,BA,Orgânico
CLI09436,44,4676.52,PE,Instagram
CLI09437,57,4808.52,MG,Orgânico
CLI09438,49,8468.71,BA,Google
CLI09439,43,3845.97,PR,Google
CLI09440,44,7446.19,PE,Google
CLI09441,36,7300.77,PE,Google
CLI09442,67,9846.43,PR,Google
CLI09443,59,10317.42,MG,Google
CLI09444,46,12181.09,RJ,Google
CLI09445,56,5150.34,RS,Instagram
CLI09446,58,7830.19,PE,Google
CLI09447,50,9702.57,MG,Instagram
CLI09448,36,5769.86,BA,Google
CLI09449,54,9655.73,MG,Instagram
CLI09450,36,6757.7,MG,Google
CLI09451,50,5460.64,MG,Orgânico
CLI09452,64,5716.27,RJ,Instagram
CLI09453,33,5117.36,SC,Instagram
CLI09454,40,7858.96,SC,Orgânico
CLI09455,24,2881.97,SP,Instagram
CLI09456,43,6630.34,PE,Google
CLI09457,49,7908.28,PE,Google
CLI09458,29,2871.34,RJ,Instagram
CLI09459,25,4997.23,RJ,Google
CLI09460,22,3947.8,BA,Instagram
CLI09461,59,6075.0,RJ,Google
CLI09462,45,15574.91,PR,Google
CLI09463,22,2027.25,RJ,Instagram
CLI09464,66,5356.25,BA,Google
CLI09465,43,4046.35,BA,Google
CLI09466,22,1539.59,BA,TikTok
CLI09467,39,4718.09,PR,Orgânico
CLI09468,32,2923.43,SC,TikTok
CLI09469,30,5669.69,SC,TikTok
CLI09470,45,10448.82,PR,Orgânico
CLI09471,50,8441.27,BA,Orgânico
CLI09472,60,2851.09,MG,Google
CLI09473,40,7595.15,PE,Orgânico
CLI09474,50,13189.79,SC,Google
CLI09475,60,8661.15,MG,Orgânico
CLI09476,35,4736.0,BA,TikTok
CLI09477,67,7314.63,SP,Orgânico
CLI09478,47,7522.24,PR,Google
CLI09479,43,4265.17,RS,Orgânico
CLI09480,33,5258.81,BA,TikTok
CLI09481,30,2302.12,SP,Google
CLI09482,56,11988.36,PR,Orgânico
CLI09483,50,5736.99,SP,Google
CLI09484,43,7691.55,SP,Google
CLI09485,65,10283.42,RJ,Instagram
CLI09486,18,2728.87,BA,Instagram
CLI09487,66,9295.74,BA,Orgânico
CLI09488,55,5208.87,BA,Google
CLI09489,19,2418.4,RS,Instagram
CLI09490,66,10498.76,SC,Orgânico
CLI09491,23,4294.45,PR,TikTok
CLI09492,63,4877.67,SC,Google
CLI09493,67,8918.59,BA,Google
CLI09494,55,5631.4,RJ,Google
CLI09495,59,10471.68,SC,Google
CLI09496,41,4194.76,RS,TikTok
CLI09497,35,2861.21,PE,Instagram
CLI09498,44,9080.04,PR,Orgânico
CLI09499,58,6553.72,BA,Instagram
CLI09500,25,7411.91,RJ,Google
CLI09501,45,5959.97,MG,Orgânico
CLI09502,27,966.01,RJ,Instagram
CLI09503,34,7529.36,RS,TikTok
CLI09504,46,7329.48,PR,Google
CLI09505,23,2321.31,SP,Google
CLI09506,31,8249.61,SC,Orgânico
CLI09507,39,7696.0,PE,Google
CLI09508,23,2498.8,PE,TikTok
CLI09509,43,6070.12,RS,Google
CLI09510,56,13566.75,SP,Google
CLI09511,29,7359.88,BA,Instagram
CLI09512,52,3384.99,MG,Orgânico
CLI09513,31,6851.97,SP,Instagram
CLI09514,39,4158.82,SC,Google
CLI09515,68,4639.27,SP,Orgânico
CLI09516,40,7064.26,RJ,Orgânico
CLI09517,65,9182.01,PR,Orgânico
CLI09518,24,3196.89,PE,Instagram
CLI09519,57,6289.23,RS,Google
CLI09520,67,12800.02,BA,Orgânico
CLI09521,42,9245.75,RS,Instagram
CLI09522,30,7392.45,SP,TikTok
CLI09523,38,9113.31,PR,Google
CLI09524,58,4943.42,PR,Orgânico
CLI09525,27,7527.03,RS,TikTok
CLI09526,26,8449.45,PR,Orgânico
CLI09527,32,5988.51,RJ,TikTok
CLI09528,69,7530.61,PR,Orgânico
CLI09529,19,3247.53,RS,Instagram
CLI09530,42,7293.0,SP,Google
CLI09531,30,4489.08,RS,TikTok
CLI09532,51,5100.44,PR,Google
CLI09533,68,6641.53,RJ,Google
CLI09534,51,2139.15,RS,Orgânico
CLI09535,52,4698.13,PR,Instagram
CLI09536,55,8734.46,SP,Google
CLI09537,20,3776.51,RJ,Orgânico
CLI09538,59,7207.54,MG,Google
CLI09539,23,3109.05,MG,TikTok
CLI09540,65,8138.54,SP,Instagram
CLI09541,66,7024.26,SC,Google
CLI09542,36,7312.24,PE,Instagram
CLI09543,20,2657.73,PR,Instagram
CLI09544,35,6020.4,RS,TikTok
CLI09545,56,10693.09,SC,Orgânico
CLI09546,26,7018.28,RJ,Google
CLI09547,69,15564.57,PR,Google
CLI09548,29,5639.12,RS,Instagram
CLI09549,22,1678.32,RS,TikTok
CLI09550,20,2389.9,RS,Instagram
CLI09551,28,7923.43,SC,Google
CLI09552,47,10887.14,BA,Google
CLI09553,21,3153.54,SP,Orgânico
CLI09554,22,4705.72,RJ,Instagram
CLI09555,18,3197.08,PR,Instagram
CLI09556,44,6303.84,MG,Google
CLI09557,45,7456.6,RS,Google
CLI09558,46,8230.5,RS,Orgânico
CLI09559,35,4655.94,PR,Orgânico
CLI09560,29,3514.94,RS,Instagram
CLI09561,30,5326.28,RJ,Instagram
CLI09562,58,14996.15,MG,Google
CLI09563,19,2668.63,SP,TikTok
CLI09564,54,9312.7,PE,Google
CLI09565,62,6980.03,PR,Orgânico
CLI09566,33,5656.98,PE,TikTok
CLI09567,65,8453.11,SC,Google
CLI09568,41,7818.26,SC,Google
CLI09569,52,11905.43,BA,Orgânico
CLI09570,39,4818.44,BA,Google
CLI09571,53,12431.07,PE,Instagram
CLI09572,28,3874.06,SP,Instagram
CLI09573,63,6618.75,BA,Instagram
CLI09574,46,9007.45,RJ,Google
CLI09575,52,6799.14,SP,Google
CLI09576,65,7868.52,RJ,Instagram
CLI09577,32,5013.25,MG,TikTok
CLI09578,48,10742.64,RJ,Google
CLI09579,59,2373.63,MG,Google
CLI09580,58,3282.53,PE,Orgânico
CLI09581,60,4955.99,PR,Orgânico
CLI09582,33,6327.55,PR,Instagram
CLI09583,27,6109.45,SP,Orgânico
CLI09584,66,4818.82,SP,Google
CLI09585,49,11446.84,PR,Orgânico
CLI09586,68,7662.92,SC,Orgânico
CLI09587,19,1531.54,MG,TikTok
CLI09588,41,6036.76,RS,Orgânico
CLI09589,40,5105.89,BA,Orgânico
CLI09590,19,2707.96,PR,Instagram
CLI09591,55,5614.19,RS,Google
CLI09592,48,7846.77,BA,Orgânico
CLI09593,68,2323.62,RS,Orgânico
CLI09594,57,9315.83,SC,Orgânico
CLI09595,43,8253.45,RS,Orgânico
CLI09596,46,7228.34,RJ,Google
CLI09597,20,2435.36,PR,Google
CLI09598,31,3870.96,SC,Orgânico
CLI09599,42,6861.06,BA,Google
CLI09600,65,4650.24,PR,Orgânico
CLI09601,18,2057.05,RS,Instagram
CLI09602,20,3281.63,BA,Orgânico
CLI09603,43,7440.33,RJ,Orgânico
CLI09604,35,6458.07,RJ,Instagram
CLI09605,26,6461.85,MG,TikTok
CLI09606,55,11031.8,RJ,Google
CLI09607,40,7144.98,RJ,Instagram
CLI09608,38,5476.06,BA,Instagram
CLI09609,18,3364.06,MG,Instagram
CLI09610,38,3530.41,PR,Google
CLI09611,44,2548.16,BA,Google
CLI09612,59,5113.05,PR,Orgânico
CLI09613,23,3671.38,MG,Instagram
CLI09614,61,12993.94,PR,Orgânico
CLI09615,53,4676.56,PR,Instagram
CLI09616,45,8968.57,RS,Orgânico
CLI09617,62,11453.76,SC,Orgânico
CLI09618,34,7490.92,MG,Instagram
CLI09619,57,3749.64,MG,Google
CLI09620,69,4201.69,RS,Orgânico
CLI09621,20,3637.35,SP,Instagram
CLI09622,29,4487.44,SC,TikTok
CLI09623,56,7593.92,BA,Google
CLI09624,29,8663.76,BA,Instagram
CLI09625,19,3137.65,PR,TikTok
CLI09626,63,5666.56,SP,Orgânico
CLI09627,39,5824.19,SC,Google
CLI09628,40,6364.52,PR,Instagram
CLI09629,47,9357.97,PE,Google
CLI09630,22,2774.15,BA,Orgânico
CLI09631,26,6570.97,SC,Orgânico
CLI09632,38,2941.97,RJ,TikTok
CLI09633,28,6872.72,PR,Orgânico
CLI09634,22,3321.81,SC,Orgânico
CLI09635,52,14864.91,SC,Google
CLI09636,44,2907.99,SP,Orgânico
CLI09637,66,4835.32,SC,Google
CLI09638,19,3750.89,PE,Instagram
CLI09639,41,3345.58,RJ,Google
CLI09640,48,5682.83,RJ,Google
CLI09641,50,6345.59,PE,Orgânico
CLI09642,56,8493.88,SC,Orgânico
CLI09643,47,10792.58,PE,Google
CLI09644,63,53.63,PR,Google
CLI09645,54,10779.5,SP,Google
CLI09646,68,6336.4,PR,Google
CLI09647,45,6761.32,PE,Orgânico
CLI09648,48,13145.58,SC,Google
CLI09649,28,6291.67,RJ,Instagram
CLI09650,40,7611.38,PE,Google
CLI09651,19,3719.68,MG,TikTok
CLI09652,57,10290.93,SP,Orgânico
CLI09653,58,12854.03,BA,Google
CLI09654,44,4688.41,PR,Orgânico
CLI09655,52,11253.85,RJ,Orgânico
CLI09656,19,2265.35,PR,TikTok
CLI09657,56,9503.19,SC,Orgânico
CLI09658,54,5967.91,RS,Google
CLI09659,38,7818.92,PR,Orgânico
CLI09660,22,4088.83,SP,Instagram
CLI09661,69,5285.05,MG,Google
CLI09662,62,12552.92,PE,Google
CLI09663,38,5228.65,MG,Google
CLI09664,46,14137.49,SC,Orgânico
CLI09665,37,5897.76,SP,Google
CLI09666,55,3177.26,MG,Orgânico
CLI09667,37,4596.28,RJ,Orgânico
CLI09668,67,3540.66,PR,Google
CLI09669,42,8210.18,SC,Orgânico
CLI09670,19,3112.41,RJ,TikTok
CLI09671,49,10334.39,SC,Orgânico
CLI09672,43,5896.88,SP,Orgânico
CLI09673,23,2593.85,SC,TikTok
CLI09674,58,7603.91,BA,Google
CLI09675,20,1654.35,MG,TikTok
CLI09676,50,13831.67,SP,Instagram
CLI09677,18,2235.93,PE,TikTok
CLI09678,68,5814.25,RS,Instagram
CLI09679,22,4056.97,SC,Instagram
CLI09680,30,5263.03,RJ,Instagram
CLI09681,36,9141.77,SP,Orgânico
CLI09682,29,7280.67,RS,TikTok
CLI09683,65,2519.47,PE,Orgânico
CLI09684,42,5754.69,RS,Orgânico
CLI09685,68,7975.34,SP,Orgânico
CLI09686,52,10506.62,PE,TikTok
CLI09687,29,2434.25,SC,TikTok
CLI09688,47,7704.99,SC,Orgânico
CLI09689,22,2823.55,BA,Instagram
CLI09690,51,12658.17,RS,Orgânico
CLI09691,39,5785.41,SP,Google
CLI09692,56,8607.25,PR,Google
CLI09693,30,7039.06,PE,Orgânico
CLI09694,64,9111.91,PR,Google
CLI09695,20,2830.03,MG,Instagram
CLI09696,37,5829.2,SP,Orgânico
CLI09697,48,11367.1,PE,Orgânico
CLI09698,22,2073.65,BA,Instagram
CLI09699,41,7620.46,PR,Google
CLI09700,57,7173.67,BA,Orgânico
CLI09701,50,4057.84,RJ,Google
CLI09702,25,6967.82,SP,TikTok
CLI09703,41,6494.59,PR,Google
CLI09704,67,6272.98,BA,Orgânico
CLI09705,37,5805.86,SC,Orgânico
CLI09706,33,6228.76,RJ,TikTok
CLI09707,67,7076.13,MG,Orgânico
CLI09708,69,7805.68,PR,Orgânico
CLI09709,29,5668.4,SC,Orgânico
CLI09710,30,6111.84,RJ,TikTok
CLI09711,62,8978.06,RJ,Orgânico
CLI09712,59,8022.59,MG,Google
CLI09713,56,9621.74,RS,Google
CLI09714,42,5958.23,PE,Orgânico
CLI09715,63,6059.53,BA,Orgânico
CLI09716,49,5245.4,RS,Orgânico
CLI09717,41,7356.75,SC,TikTok
CLI09718,65,11820.14,PR,Orgânico
CLI09719,64,7312.63,SP,Orgânico
CLI09720,61,5897.41,RJ,Orgânico
CLI09721,26,6966.58,PR,Instagram
CLI09722,57,6315.82,SP,Orgânico
CLI09723,67,5999.06,RS,Google
CLI09724,40,5273.0,PR,Orgânico
CLI09725,67,7266.78,PR,Orgânico
CLI09726,30,6117.34,PE,TikTok
CLI09727,49,4754.29,RJ,Orgânico
CLI09728,67,5364.98,RJ,Orgânico
CLI09729,32,3007.81,PR,Instagram
CLI09730,53,3839.97,PR,Orgânico
CLI09731,66,5133.22,PE,Google
CLI09732,22,3034.56,RS,Google
CLI09733,39,6828.03,MG,Google
CLI09734,33,3395.09,SP,TikTok
CLI09735,58,5889.6,SC,Orgânico
CLI09736,27,5443.66,SC,TikTok
CLI09737,41,4925.42,MG,Google
CLI09738,35,8824.14,RS,Orgânico
CLI09739,66,6589.96,PR,Orgânico
CLI09740,35,6632.21,PR,TikTok
CLI09741,24,2859.81,MG,TikTok
CLI09742,21,2352.96,SC,Google
CLI09743,43,8482.24,RJ,Google
CLI09744,22,4795.75,RJ,Instagram
CLI09745,33,6858.7,RS,Instagram
CLI09746,52,8206.32,PR,Google
CLI09747,43,7226.89,SP,Google
CLI09748,35,5228.92,SC,TikTok
CLI09749,46,8191.72,BA,Instagram
CLI09750,40,7908.09,SP,Orgânico
CLI09751,31,8323.48,PE,TikTok
CLI09752,32,6503.96,PR,Instagram
CLI09753,66,8929.82,RS,Google
CLI09754,50,8966.43,RS,Orgânico
CLI09755,42,6171.61,SC,Orgânico
CLI09756,38,3302.1,RJ,Orgânico
CLI09757,34,3022.02,RS,Instagram
CLI09758,40,5958.54,BA,Orgânico
CLI09759,60,13745.79,RJ,Orgânico
CLI09760,34,6690.62,RS,Instagram
CLI09761,31,5681.41,SP,TikTok
CLI09762,46,10447.28,SC,Orgânico
CLI09763,37,2590.17,RS,Google
CLI09764,47,11320.82,BA,Orgânico
CLI09765,36,4367.73,PR,Orgânico
CLI09766,56,16583.42,PE,Instagram
CLI09767,30,5341.91,PE,Orgânico
CLI09768,35,3705.5,MG,TikTok
CLI09769,40,5672.51,RS,Google
CLI09770,63,5390.02,PE,Orgânico
CLI09771,50,6136.73,RS,Orgânico
CLI09772,56,10179.86,RS,Google
CLI09773,57,7925.28,RS,Google
CLI09774,35,3775.65,PE,TikTok
CLI09775,26,5773.57,MG,TikTok
CLI09776,50,11343.44,BA,Orgânico
CLI09777,49,1026.83,BA,Orgânico
CLI09778,34,9224.78,MG,TikTok
CLI09779,36,5246.82,RS,Google
CLI09780,44,5745.0,PR,Google
CLI09781,23,2768.06,BA,Instagram
CLI09782,52,88.67,MG,Google
CLI09783,54,5604.75,BA,Orgânico
CLI09784,51,11871.39,SP,Instagram
CLI09785,37,8464.76,RJ,Instagram
CLI09786,42,3075.23,MG,Google
CLI09787,21,2649.74,RJ,Instagram
CLI09788,27,3988.52,RS,Instagram
CLI09789,27,4359.1,RS,Instagram
CLI09790,41,7078.22,SP,TikTok
CLI09791,38,4648.24,SC,Google
CLI09792,28,4968.43,BA,Instagram
CLI09793,44,4375.68,RS,Google
CLI09794,33,9570.06,SC,TikTok
CLI09795,43,4765.03,PE,Google
CLI09796,47,2666.79,PR,Orgânico
CLI09797,66,7099.05,RJ,Instagram
CLI09798,33,6442.83,PR,Instagram
CLI09799,24,2445.65,MG,TikTok
CLI09800,33,5598.37,PE,TikTok
CLI09801,52,4321.38,PR,Google
CLI09802,33,4273.99,PE,Instagram
CLI09803,57,9445.46,RS,Instagram
CLI09804,29,8370.96,SP,TikTok
CLI09805,52,8659.44,PR,Google
CLI09806,66,10841.17,PE,Google
CLI09807,38,18.8,RS,Orgânico
CLI09808,67,6601.41,MG,Instagram
CLI09809,60,13468.05,MG,Google
CLI09810,53,11850.41,SP,Google
CLI09811,65,9900.91,RJ,Google
CLI09812,34,6987.18,SC,Instagram
CLI09813,49,11104.45,PE,Orgânico
CLI09814,58,9287.42,SP,Orgânico
CLI09815,23,3221.94,SC,TikTok
CLI09816,41,5061.34,PE,Google
CLI09817,44,8432.1,SP,Google
CLI09818,37,4506.02,SP,Google
CLI09819,42,7200.87,PR,Orgânico
CLI09820,19,3289.62,PR,TikTok
CLI09821,26,8062.26,PR,Instagram
CLI09822,45,4671.99,SP,TikTok
CLI09823,55,5934.48,PR,Orgânico
CLI09824,20,4321.53,RS,Instagram
CLI09825,37,3196.0,SP,Orgânico
CLI09826,23,4087.77,PR,TikTok
CLI09827,56,8210.43,SC,Google
CLI09828,50,1487.25,RJ,Google
CLI09829,18,1972.64,PR,Instagram
CLI09830,54,16272.6,PE,Google
CLI09831,23,4271.65,MG,TikTok
CLI09832,62,10852.37,RS,Orgânico
CLI09833,51,7074.96,RJ,Google
CLI09834,64,4986.17,MG,Google
CLI09835,32,4749.92,RJ,TikTok
CLI09836,62,8384.98,PR,Orgânico
CLI09837,43,5688.33,BA,Orgânico
CLI09838,31,10903.25,SC,TikTok
CLI09839,24,3700.97,PR,Instagram
CLI09840,63,4835.49,RS,Instagram
CLI09841,48,10426.41,BA,Google
CLI09842,41,7498.18,SP,Orgânico
CLI09843,48,8089.93,BA,Google
CLI09844,46,6193.57,PE,Orgânico
CLI09845,59,2298.02,PE,Orgânico
CLI09846,49,11662.16,BA,Instagram
CLI09847,34,6486.88,MG,Orgânico
CLI09848,31,8210.23,RJ,Instagram
CLI09849,57,8178.72,PE,Instagram
CLI09850,53,7319.97,SC,Orgânico
CLI09851,65,12886.19,MG,Orgânico
CLI09852,41,6450.65,SC,Orgânico
CLI09853,62,6139.82,MG,Orgânico
CLI09854,44,7259.3,PR,Orgânico
CLI09855,42,3659.63,BA,Google
CLI09856,49,8168.39,RS,Orgânico
CLI09857,69,8600.2,SP,Google
CLI09858,35,8022.1,MG,Instagram
CLI09859,63,12454.69,PE,Orgânico
CLI09860,35,2960.97,BA,TikTok
CLI09861,54,11562.77,SC,Google
CLI09862,43,6916.95,PR,Google
CLI09863,26,6488.01,BA,Orgânico
CLI09864,52,9027.15,RJ,Google
CLI09865,25,4829.45,RJ,Orgânico
CLI09866,37,4024.99,RS,Orgânico
CLI09867,59,7158.04,PR,Orgânico
CLI09868,39,4288.64,BA,Instagram
CLI09869,36,7940.17,PE,Google
CLI09870,47,7698.8,RS,Google
CLI09871,45,10266.42,PE,Orgânico
CLI09872,52,8280.19,BA,Google
CLI09873,60,9445.56,RJ,Orgânico
CLI09874,28,8178.74,PE,TikTok
CLI09875,48,6186.39,SC,Google
CLI09876,66,7193.11,RS,Orgânico
CLI09877,65,9666.27,SP,Google
CLI09878,56,9654.08,RS,Instagram
CLI09879,53,11735.03,BA,Google
CLI09880,47,13577.73,PR,Instagram
CLI09881,40,6146.66,SP,Orgânico
CLI09882,36,7737.31,SP,Orgânico
CLI09883,29,8005.61,PR,TikTok
CLI09884,32,4548.1,MG,TikTok
CLI09885,48,9693.67,SC,Orgânico
CLI09886,60,10333.51,PR,Google
CLI09887,54,4769.03,SC,Orgânico
CLI09888,54,6876.5,BA,Google
CLI09889,32,8369.51,SP,Google
CLI09890,46,3474.73,SP,Orgânico
CLI09891,67,7890.87,MG,Google
CLI09892,60,4564.27,SP,Google
CLI09893,43,7350.42,PR,Orgânico
CLI09894,61,8807.36,BA,Orgânico
CLI09895,19,3969.31,SC,Instagram
CLI09896,37,6964.46,MG,Google
CLI09897,32,5174.97,RS,TikTok
CLI09898,69,5574.06,PR,Instagram
CLI09899,21,3844.82,SC,Instagram
CLI09900,39,5921.28,PE,Google
CLI09901,67,7604.06,SC,Google
CLI09902,55,11375.98,RJ,Google
CLI09903,40,6259.82,RJ,Orgânico
CLI09904,43,6120.48,PE,Google
CLI09905,68,7726.01,PR,Google
CLI09906,28,5695.58,MG,TikTok
CLI09907,45,9021.98,SC,Orgânico
CLI09908,19,3020.54,SC,Instagram
CLI09909,25,7907.5,PR,Instagram
CLI09910,46,9987.82,MG,Orgânico
CLI09911,28,4259.18,RS,Google
CLI09912,54,4972.98,SP,Orgânico
CLI09913,35,5377.33,RS,Instagram
CLI09914,67,856.43,MG,Instagram
CLI09915,31,5994.04,SP,Instagram
CLI09916,27,7223.04,BA,Instagram
CLI09917,52,10585.03,BA,TikTok
CLI09918,26,8461.09,SC,Instagram
CLI09919,52,8019.04,RJ,Google
CLI09920,28,4338.82,RJ,TikTok
CLI09921,61,10026.2,BA,Orgânico
CLI09922,29,7207.58,PR,Instagram
CLI09923,20,3410.94,BA,Orgânico
CLI09924,56,3015.4,RS,Orgânico
CLI09925,31,6021.39,MG,Instagram
CLI09926,45,9225.47,MG,TikTok
CLI09927,28,8614.07,SP,Instagram
CLI09928,56,7620.34,BA,Orgânico
CLI09929,42,8121.66,PR,Google
CLI09930,38,6144.54,PE,Instagram
CLI09931,27,2937.17,PE,TikTok
CLI09932,60,12206.72,PE,Orgânico
CLI09933,32,4762.18,MG,Instagram
CLI09934,36,7836.46,PE,Google
CLI09935,65,7762.31,PR,Google
CLI09936,39,3444.17,SP,Google
CLI09937,38,3000.57,RS,Google
CLI09938,69,2022.82,SC,Google
CLI09939,61,11409.73,PR,Google
CLI09940,49,7964.37,RJ,Instagram
CLI09941,67,11904.94,SC,Instagram
CLI09942,40,3885.97,MG,Google
CLI09943,30,7987.97,RS,Instagram
CLI09944,22,3361.83,SP,Instagram
CLI09945,21,3358.86,SP,Instagram
CLI09946,45,6335.2,PE,Google
CLI09947,31,7989.39,RJ,Instagram
CLI09948,25,5997.38,PR,Google
CLI09949,26,3211.04,RJ,Google
CLI09950,68,8309.81,PR,Google
CLI09951,52,8286.81,RJ,Google
CLI09952,54,6155.61,RJ,Orgânico
CLI09953,38,7211.86,SP,Google
CLI09954,35,5372.49,PR,Google
CLI09955,50,5645.81,RJ,Orgânico
CLI09956,25,3383.76,RS,Orgânico
CLI09957,68,6611.36,RS,Google
CLI09958,66,5787.31,MG,Instagram
CLI09959,34,6107.03,RS,Instagram
CLI09960,60,9139.7,BA,Google
CLI09961,48,7354.1,RS,Google
CLI09962,51,7553.19,RS,Google
CLI09963,23,3160.66,SP,Instagram
CLI09964,39,5623.56,SP,Orgânico
CLI09965,31,9289.56,SP,Instagram
CLI09966,20,3264.12,SP,TikTok
CLI09967,29,8650.74,PE,TikTok
CLI09968,53,6778.55,RJ,Google
CLI09969,29,4925.79,BA,Instagram
CLI09970,62,9493.8,RS,Orgânico
CLI09971,19,3588.54,RJ,Instagram
CLI09972,19,2543.85,RS,Google
CLI09973,32,7026.42,SP,Google
CLI09974,40,5866.85,RJ,Google
CLI09975,46,7981.17,RJ,Orgânico
CLI09976,34,6284.9,PR,Instagram
CLI09977,49,8389.18,PE,Orgânico
CLI09978,24,2987.38,MG,Instagram
CLI09979,47,7601.83,PR,Google
CLI09980,45,11320.52,SC,Instagram
CLI09981,31,2662.27,PR,Orgânico
CLI09982,61,7480.49,MG,Orgânico
CLI09983,47,11244.11,MG,Orgânico
CLI09984,34,3372.56,PR,TikTok
CLI09985,49,5719.74,RS,Google
CLI09986,63,10201.82,BA,Google
CLI09987,23,3683.96,PR,TikTok
CLI09988,68,9981.89,PE,Orgânico
CLI09989,41,3655.42,PE,Google
CLI09990,23,3692.29,BA,Google
CLI09991,44,2695.51,RS,Google
CLI09992,35,5534.72,SC,Google
CLI09993,41,5117.25,PE,Google
CLI09994,54,10174.85,RS,Instagram
CLI09995,41,4881.36,SP,Orgânico
CLI09996,55,13424.9,PE,Orgânico
CLI09997,51,7785.85,MG,Google
CLI09998,57,13852.57,SP,Google
CLI09999,64,5543.34,RS,Orgânico
CLI10000,32,10878.67,SC,Google
